Station_ID,Station_Name,Operator,State,City,Address,Latitude,Longitude,Charger_Type,Power_kW,Available_Chargers,Charging_Cost_per_Unit,Estimated_Waiting_Time_Min,Status,Route_Name,Route_Order,Has_Food_Court,Has_Cafe,Has_Washroom,Review_Rating,Review_Count,Division,Data_Source
EV001,Pune EV Charging Station 1,Ather Grid,Maharashtra,Pune,"Sector 27, Pune",18.567597,73.900004,Type 2,30,3,16.67,21.0,Available,Pune-Nagpur,1,True,True,False,3.3,179,Pune,ORIGINAL_UPLOAD
EV002,Mumbai EV Charging Station 2,ChargeZone,Maharashtra,Mumbai,"Sector 27, Mumbai",19.095623,72.834788,AC,60,7,9.08,28.0,Maintenance,,,True,False,True,3.8,75,Other,ORIGINAL_UPLOAD
EV003,Solapur EV Charging Station 3,Ather Grid,Maharashtra,Solapur,"Sector 21, Solapur",17.62085,75.858586,DC Fast,120,7,13.17,17.0,Maintenance,,,True,False,True,4.0,58,Pune,ORIGINAL_UPLOAD
EV004,Chhatrapati Sambhajinagar EV Charging Station 4,Tata Power,Maharashtra,Chhatrapati Sambhajinagar,"Sector 2, Chhatrapati Sambhajinagar",19.815892,75.408955,AC,7,8,17.23,15.0,Available,Pune-Nagpur,2,False,True,True,5.0,124,Chhatrapati Sambhajinagar,ORIGINAL_UPLOAD
EV005,Chhatrapati Sambhajinagar EV Charging Station 5,Ather Grid,Maharashtra,Chhatrapati Sambhajinagar,"Sector 24, Chhatrapati Sambhajinagar",19.934803,75.415972,CCS2,60,5,9.75,44.0,Busy,Pune-Nagpur,2,False,False,True,4.6,134,Chhatrapati Sambhajinagar,ORIGINAL_UPLOAD
EV006,Nagpur EV Charging Station 6,Ather Grid,Maharashtra,Nagpur,"Sector 2, Nagpur",21.103314,79.032483,AC,120,8,14.4,26.0,Maintenance,Pune-Nagpur,5,True,False,False,3.4,138,Other,ORIGINAL_UPLOAD
EV007,Akola EV Charging Station 7,Ather Grid,Maharashtra,Akola,"Sector 38, Akola",20.663102,77.03963,Type 2,60,8,9.58,15.0,Busy,Pune-Nagpur,3,False,False,False,3.5,3,Other,ORIGINAL_UPLOAD
EV008,Mumbai EV Charging Station 8,Jio-bp,Maharashtra,Mumbai,"Sector 34, Mumbai",19.019552,72.845451,CCS2,120,1,17.45,42.0,Maintenance,,,True,False,True,3.0,241,Other,ORIGINAL_UPLOAD
EV009,Kolhapur EV Charging Station 9,Tata Power,Maharashtra,Kolhapur,"Sector 10, Kolhapur",16.687592,74.178309,Type 2,120,7,12.9,22.0,Available,,,True,True,True,4.2,20,Pune,ORIGINAL_UPLOAD
EV010,Akola EV Charging Station 10,Ather Grid,Maharashtra,Akola,"Sector 28, Akola",20.694866,76.968717,AC,30,8,9.06,41.0,Maintenance,Pune-Nagpur,3,False,True,False,3.3,195,Other,ORIGINAL_UPLOAD
EV011,Nagpur EV Charging Station 11,Tata Power,Maharashtra,Nagpur,"Sector 26, Nagpur",21.215785,79.083714,AC,60,8,14.96,10.0,Busy,Pune-Nagpur,5,False,False,True,3.5,62,Other,ORIGINAL_UPLOAD
EV012,Nagpur EV Charging Station 12,Statiq,Maharashtra,Nagpur,"Sector 40, Nagpur",21.209992,79.034177,DC Fast,30,5,14.96,10.0,Busy,Pune-Nagpur,5,True,True,True,4.4,114,Other,ORIGINAL_UPLOAD
EV013,Chandrapur EV Charging Station 13,Statiq,Maharashtra,Chandrapur,"Sector 39, Chandrapur",19.975359,79.343215,DC Fast,60,8,13.09,7.0,Busy,,,False,False,True,5.0,192,Other,ORIGINAL_UPLOAD
EV014,Akola EV Charging Station 14,Jio-bp,Maharashtra,Akola,"Sector 4, Akola",20.749265,77.042484,Type 2,7,1,13.39,45.0,Maintenance,Pune-Nagpur,3,False,False,True,4.5,107,Other,ORIGINAL_UPLOAD
EV015,Pune EV Charging Station 15,ChargeZone,Maharashtra,Pune,"Sector 34, Pune",18.543541,73.918997,AC,60,1,9.86,3.0,Available,Pune-Nagpur,1,False,False,True,4.2,11,Pune,ORIGINAL_UPLOAD
EV016,Chhatrapati Sambhajinagar EV Charging Station 16,Tata Power,Maharashtra,Chhatrapati Sambhajinagar,"Sector 32, Chhatrapati Sambhajinagar",19.915788,75.39297,DC Fast,60,2,15.7,37.0,Available,Pune-Nagpur,2,False,False,False,4.9,141,Chhatrapati Sambhajinagar,ORIGINAL_UPLOAD
EV017,Kolhapur EV Charging Station 17,Ather Grid,Maharashtra,Kolhapur,"Sector 21, Kolhapur",16.755248,74.165329,CCS2,60,1,16.7,34.0,Maintenance,,,False,True,False,4.0,32,Pune,ORIGINAL_UPLOAD
EV018,Nashik EV Charging Station 18,ChargeZone,Maharashtra,Nashik,"Sector 14, Nashik",20.004443,73.739202,CCS2,60,5,13.6,36.0,Available,,,True,False,False,4.3,243,Nashik,ORIGINAL_UPLOAD
EV019,Chandrapur EV Charging Station 19,Ather Grid,Maharashtra,Chandrapur,"Sector 48, Chandrapur",19.912615,79.290139,AC,30,6,8.36,33.0,Available,,,True,False,True,3.7,42,Other,ORIGINAL_UPLOAD
EV020,Nagpur EV Charging Station 20,Statiq,Maharashtra,Nagpur,"Sector 38, Nagpur",21.097095,79.160904,CCS2,30,6,8.68,8.0,Available,Pune-Nagpur,5,False,False,False,4.5,25,Other,ORIGINAL_UPLOAD
EV021,Nashik EV Charging Station 21,Tata Power,Maharashtra,Nashik,"Sector 35, Nashik",19.991987,73.740794,Type 2,60,7,14.52,39.0,Maintenance,,,False,False,False,3.2,240,Nashik,ORIGINAL_UPLOAD
EV022,Mumbai EV Charging Station 22,ChargeZone,Maharashtra,Mumbai,"Sector 26, Mumbai",19.077745,72.927095,AC,120,1,13.13,44.0,Busy,,,False,False,True,3.0,44,Other,ORIGINAL_UPLOAD
EV023,Pune EV Charging Station 23,Jio-bp,Maharashtra,Pune,"Sector 49, Pune",18.547538,73.891931,DC Fast,120,5,15.48,19.0,Maintenance,Pune-Nagpur,1,False,False,True,4.1,90,Pune,ORIGINAL_UPLOAD
EV024,Nashik EV Charging Station 24,Tata Power,Maharashtra,Nashik,"Sector 14, Nashik",19.918099,73.767731,DC Fast,7,4,8.66,5.0,Maintenance,,,False,True,False,3.8,41,Nashik,ORIGINAL_UPLOAD
EV025,Amravati EV Charging Station 25,Tata Power,Maharashtra,Amravati,"Sector 10, Amravati",20.981606,77.738808,AC,60,4,11.31,35.0,Maintenance,Pune-Nagpur,4,False,False,False,3.4,12,Other,ORIGINAL_UPLOAD
EV026,Nagpur EV Charging Station 26,Tata Power,Maharashtra,Nagpur,"Sector 20, Nagpur",21.168797,79.070516,DC Fast,7,5,15.62,40.0,Maintenance,Pune-Nagpur,5,True,False,False,3.9,212,Other,ORIGINAL_UPLOAD
EV027,Chhatrapati Sambhajinagar EV Charging Station 27,Ather Grid,Maharashtra,Chhatrapati Sambhajinagar,"Sector 45, Chhatrapati Sambhajinagar",19.876549,75.362181,CCS2,7,1,13.13,21.0,Available,Pune-Nagpur,2,True,False,True,3.5,202,Chhatrapati Sambhajinagar,ORIGINAL_UPLOAD
EV028,Kolhapur EV Charging Station 28,Statiq,Maharashtra,Kolhapur,"Sector 49, Kolhapur",16.734297,74.276344,DC Fast,120,3,12.8,14.0,Busy,,,True,True,False,3.4,175,Pune,ORIGINAL_UPLOAD
EV029,Chandrapur EV Charging Station 29,Ather Grid,Maharashtra,Chandrapur,"Sector 4, Chandrapur",19.925517,79.344002,AC,120,5,8.53,19.0,Available,,,True,True,True,4.9,231,Other,ORIGINAL_UPLOAD
EV030,Chhatrapati Sambhajinagar EV Charging Station 30,ChargeZone,Maharashtra,Chhatrapati Sambhajinagar,"Sector 50, Chhatrapati Sambhajinagar",19.879996,75.373131,CCS2,22,2,12.69,26.0,Busy,Pune-Nagpur,2,False,True,True,4.3,246,Chhatrapati Sambhajinagar,ORIGINAL_UPLOAD
EV031,Solapur EV Charging Station 31,Statiq,Maharashtra,Solapur,"Sector 13, Solapur",17.611374,75.921178,DC Fast,120,5,17.16,19.0,Maintenance,,,False,False,False,4.5,151,Pune,ORIGINAL_UPLOAD
EV032,Nashik EV Charging Station 32,Jio-bp,Maharashtra,Nashik,"Sector 36, Nashik",19.959261,73.741094,Type 2,22,3,9.28,37.0,Maintenance,,,False,True,True,5.0,21,Nashik,ORIGINAL_UPLOAD
EV033,Amravati EV Charging Station 33,Statiq,Maharashtra,Amravati,"Sector 42, Amravati",20.96956,77.792335,Type 2,22,3,10.47,6.0,Available,Pune-Nagpur,4,True,False,False,3.2,124,Other,ORIGINAL_UPLOAD
EV034,Nagpur EV Charging Station 34,ChargeZone,Maharashtra,Nagpur,"Sector 50, Nagpur",21.166224,79.043405,AC,60,1,10.6,2.0,Busy,Pune-Nagpur,5,True,True,True,4.1,102,Other,ORIGINAL_UPLOAD
EV035,Chhatrapati Sambhajinagar EV Charging Station 35,Tata Power,Maharashtra,Chhatrapati Sambhajinagar,"Sector 16, Chhatrapati Sambhajinagar",19.812158,75.303242,DC Fast,120,8,17.98,14.0,Maintenance,Pune-Nagpur,2,True,False,False,3.4,239,Chhatrapati Sambhajinagar,ORIGINAL_UPLOAD
EV036,Mumbai EV Charging Station 36,Ather Grid,Maharashtra,Mumbai,"Sector 35, Mumbai",19.017736,72.857392,DC Fast,60,2,17.57,29.0,Available,,,True,True,True,3.3,140,Other,ORIGINAL_UPLOAD
EV037,Mumbai EV Charging Station 37,Statiq,Maharashtra,Mumbai,"Sector 45, Mumbai",19.022222,72.86884,Type 2,120,7,15.92,22.0,Maintenance,,,True,False,False,3.8,96,Other,ORIGINAL_UPLOAD
EV038,Akola EV Charging Station 38,Statiq,Maharashtra,Akola,"Sector 25, Akola",20.657335,76.964689,DC Fast,7,1,10.71,45.0,Maintenance,Pune-Nagpur,3,False,False,False,4.9,131,Other,ORIGINAL_UPLOAD
EV039,Nagpur EV Charging Station 39,Jio-bp,Maharashtra,Nagpur,"Sector 30, Nagpur",21.206933,79.166348,CCS2,120,3,15.95,40.0,Available,Pune-Nagpur,5,False,True,False,3.8,127,Other,ORIGINAL_UPLOAD
EV040,Amravati EV Charging Station 40,Statiq,Maharashtra,Amravati,"Sector 16, Amravati",20.905581,77.750586,DC Fast,7,2,17.88,27.0,Available,Pune-Nagpur,4,False,False,False,3.8,9,Other,ORIGINAL_UPLOAD
EV041,Pune EV Charging Station 41,Ather Grid,Maharashtra,Pune,"Sector 32, Pune",18.583766,73.777135,Type 2,60,4,9.05,32.0,Maintenance,Pune-Nagpur,1,True,False,True,4.7,43,Pune,ORIGINAL_UPLOAD
EV042,Chandrapur EV Charging Station 42,Ather Grid,Maharashtra,Chandrapur,"Sector 7, Chandrapur",19.997633,79.323952,Type 2,60,8,16.13,36.0,Busy,,,False,True,True,4.4,129,Other,ORIGINAL_UPLOAD
EV043,Chhatrapati Sambhajinagar EV Charging Station 43,Jio-bp,Maharashtra,Chhatrapati Sambhajinagar,"Sector 49, Chhatrapati Sambhajinagar",19.859251,75.345026,Type 2,60,2,10.68,25.0,Available,Pune-Nagpur,2,True,True,True,3.0,20,Chhatrapati Sambhajinagar,ORIGINAL_UPLOAD
EV044,Pune EV Charging Station 44,ChargeZone,Maharashtra,Pune,"Sector 32, Pune",18.517914,73.784932,DC Fast,7,2,8.1,44.0,Available,Pune-Nagpur,1,True,True,True,4.1,194,Pune,ORIGINAL_UPLOAD
EV045,Nagpur EV Charging Station 45,Tata Power,Maharashtra,Nagpur,"Sector 9, Nagpur",21.153521,79.132332,AC,22,1,17.65,37.0,Maintenance,Pune-Nagpur,5,True,False,True,4.0,149,Other,ORIGINAL_UPLOAD
EV046,Mumbai EV Charging Station 46,Jio-bp,Maharashtra,Mumbai,"Sector 40, Mumbai",19.108392,72.918478,AC,60,7,14.69,10.0,Busy,,,False,False,True,4.2,145,Other,ORIGINAL_UPLOAD
EV047,Chandrapur EV Charging Station 47,Ather Grid,Maharashtra,Chandrapur,"Sector 12, Chandrapur",19.943654,79.314582,CCS2,30,3,13.96,13.0,Maintenance,,,True,False,True,5.0,31,Other,ORIGINAL_UPLOAD
EV048,Mumbai EV Charging Station 48,Tata Power,Maharashtra,Mumbai,"Sector 23, Mumbai",19.081402,72.871513,DC Fast,60,8,14.15,37.0,Available,,,True,False,False,3.4,46,Other,ORIGINAL_UPLOAD
EV049,Nashik EV Charging Station 49,Statiq,Maharashtra,Nashik,"Sector 12, Nashik",20.006236,73.86532,DC Fast,60,5,9.8,25.0,Available,,,False,False,True,4.3,216,Nashik,ORIGINAL_UPLOAD
EV050,Solapur EV Charging Station 50,Tata Power,Maharashtra,Solapur,"Sector 30, Solapur",17.722703,75.83907,Type 2,60,2,12.74,44.0,Busy,,,True,False,True,4.9,91,Pune,ORIGINAL_UPLOAD
EV051,Kolhapur EV Charging Station 51,ChargeZone,Maharashtra,Kolhapur,"Sector 20, Kolhapur",16.752343,74.184711,AC,22,5,12.25,41.0,Busy,,,False,True,True,4.5,241,Pune,ORIGINAL_UPLOAD
EV052,Nashik EV Charging Station 52,ChargeZone,Maharashtra,Nashik,"Sector 40, Nashik",19.984093,73.776525,Type 2,60,4,13.78,23.0,Available,,,False,False,True,3.6,29,Nashik,ORIGINAL_UPLOAD
EV053,Solapur EV Charging Station 53,Tata Power,Maharashtra,Solapur,"Sector 10, Solapur",17.608072,75.930831,AC,60,8,9.43,13.0,Available,,,False,True,True,3.3,239,Pune,ORIGINAL_UPLOAD
EV054,Nashik EV Charging Station 54,Statiq,Maharashtra,Nashik,"Sector 43, Nashik",19.974155,73.757732,CCS2,30,7,14.64,3.0,Available,,,False,False,False,4.6,201,Nashik,ORIGINAL_UPLOAD
EV055,Chhatrapati Sambhajinagar EV Charging Station 55,Ather Grid,Maharashtra,Chhatrapati Sambhajinagar,"Sector 4, Chhatrapati Sambhajinagar",19.850488,75.355343,CCS2,7,3,9.4,43.0,Busy,Pune-Nagpur,2,True,False,True,3.9,43,Chhatrapati Sambhajinagar,ORIGINAL_UPLOAD
EV056,Solapur EV Charging Station 56,Tata Power,Maharashtra,Solapur,"Sector 17, Solapur",17.65502,75.871034,CCS2,60,3,9.06,0.0,Maintenance,,,False,False,False,4.4,176,Pune,ORIGINAL_UPLOAD
EV057,Nagpur EV Charging Station 57,Ather Grid,Maharashtra,Nagpur,"Sector 1, Nagpur",21.138051,79.055188,AC,60,6,12.25,7.0,Busy,Pune-Nagpur,5,True,True,False,4.0,171,Other,ORIGINAL_UPLOAD
EV058,Solapur EV Charging Station 58,Jio-bp,Maharashtra,Solapur,"Sector 10, Solapur",17.657865,75.906782,Type 2,7,3,12.57,32.0,Available,,,False,False,False,4.9,107,Pune,ORIGINAL_UPLOAD
EV059,Solapur EV Charging Station 59,Tata Power,Maharashtra,Solapur,"Sector 33, Solapur",17.717544,75.970466,CCS2,120,5,15.0,13.0,Available,,,False,False,True,4.8,44,Pune,ORIGINAL_UPLOAD
EV060,Akola EV Charging Station 60,Jio-bp,Maharashtra,Akola,"Sector 32, Akola",20.658971,77.036637,CCS2,30,3,15.75,0.0,Available,Pune-Nagpur,3,False,False,True,4.9,154,Other,ORIGINAL_UPLOAD
EV061,Akola EV Charging Station 61,Jio-bp,Maharashtra,Akola,"Sector 14, Akola",20.779132,76.931413,Type 2,7,2,14.97,10.0,Maintenance,Pune-Nagpur,3,True,True,True,3.0,91,Other,ORIGINAL_UPLOAD
EV062,Chandrapur EV Charging Station 62,Statiq,Maharashtra,Chandrapur,"Sector 17, Chandrapur",19.961767,79.238825,CCS2,7,2,11.78,42.0,Busy,,,False,False,True,4.0,99,Other,ORIGINAL_UPLOAD
EV063,Nashik EV Charging Station 63,Ather Grid,Maharashtra,Nashik,"Sector 3, Nashik",20.006238,73.730196,CCS2,22,5,13.47,43.0,Busy,,,False,False,False,4.3,242,Nashik,ORIGINAL_UPLOAD
EV064,Akola EV Charging Station 64,Tata Power,Maharashtra,Akola,"Sector 30, Akola",20.729312,76.954307,CCS2,30,2,8.61,19.0,Available,Pune-Nagpur,3,True,True,True,4.8,44,Other,ORIGINAL_UPLOAD
EV065,Akola EV Charging Station 65,Ather Grid,Maharashtra,Akola,"Sector 33, Akola",20.690979,77.07841,DC Fast,120,3,15.85,42.0,Maintenance,Pune-Nagpur,3,True,True,False,4.1,115,Other,ORIGINAL_UPLOAD
EV066,Pune EV Charging Station 66,Tata Power,Maharashtra,Pune,"Sector 31, Pune",18.561338,73.846336,Type 2,60,6,13.13,16.0,Available,Pune-Nagpur,1,False,False,True,4.6,201,Pune,ORIGINAL_UPLOAD
EV067,Amravati EV Charging Station 67,Statiq,Maharashtra,Amravati,"Sector 48, Amravati",21.003506,77.716973,DC Fast,30,6,17.54,16.0,Available,Pune-Nagpur,4,False,False,True,4.5,17,Other,ORIGINAL_UPLOAD
EV068,Solapur EV Charging Station 68,Tata Power,Maharashtra,Solapur,"Sector 28, Solapur",17.650134,75.888312,Type 2,7,8,9.57,8.0,Busy,,,False,False,False,4.7,16,Pune,ORIGINAL_UPLOAD
EV069,Solapur EV Charging Station 69,Ather Grid,Maharashtra,Solapur,"Sector 13, Solapur",17.629628,75.878293,CCS2,120,7,10.1,29.0,Busy,,,False,False,True,4.7,171,Pune,ORIGINAL_UPLOAD
EV070,Kolhapur EV Charging Station 70,ChargeZone,Maharashtra,Kolhapur,"Sector 42, Kolhapur",16.740061,74.259534,Type 2,22,5,11.31,36.0,Busy,,,False,False,False,3.6,110,Pune,ORIGINAL_UPLOAD
EV071,Pune EV Charging Station 71,Tata Power,Maharashtra,Pune,"Sector 5, Pune",18.538569,73.882923,Type 2,60,7,17.83,1.0,Maintenance,Pune-Nagpur,1,False,False,True,3.5,103,Pune,ORIGINAL_UPLOAD
EV072,Akola EV Charging Station 72,Statiq,Maharashtra,Akola,"Sector 3, Akola",20.683464,76.963391,CCS2,22,2,17.76,36.0,Available,Pune-Nagpur,3,False,False,True,3.1,89,Other,ORIGINAL_UPLOAD
EV073,Chhatrapati Sambhajinagar EV Charging Station 73,Statiq,Maharashtra,Chhatrapati Sambhajinagar,"Sector 19, Chhatrapati Sambhajinagar",19.943112,75.298133,DC Fast,120,4,12.48,10.0,Available,Pune-Nagpur,2,True,True,False,4.3,40,Chhatrapati Sambhajinagar,ORIGINAL_UPLOAD
EV074,Nashik EV Charging Station 74,Tata Power,Maharashtra,Nashik,"Sector 17, Nashik",20.076055,73.837687,DC Fast,30,6,13.09,28.0,Available,,,False,True,False,5.0,193,Nashik,ORIGINAL_UPLOAD
EV075,Pune EV Charging Station 75,Tata Power,Maharashtra,Pune,"Sector 8, Pune",18.575904,73.789257,Type 2,22,5,15.61,32.0,Maintenance,Pune-Nagpur,1,False,False,True,4.5,15,Pune,ORIGINAL_UPLOAD
EV076,Amravati EV Charging Station 76,Tata Power,Maharashtra,Amravati,"Sector 23, Amravati",20.889429,77.796569,CCS2,120,1,15.83,6.0,Busy,Pune-Nagpur,4,False,True,True,3.5,248,Other,ORIGINAL_UPLOAD
EV077,Kolhapur EV Charging Station 77,ChargeZone,Maharashtra,Kolhapur,"Sector 10, Kolhapur",16.666399,74.177173,CCS2,7,3,17.79,22.0,Busy,,,False,False,True,4.3,236,Pune,ORIGINAL_UPLOAD
EV078,Mumbai EV Charging Station 78,Tata Power,Maharashtra,Mumbai,"Sector 15, Mumbai",19.022109,72.955014,DC Fast,120,6,9.84,31.0,Maintenance,,,False,False,False,4.5,10,Other,ORIGINAL_UPLOAD
EV079,Kolhapur EV Charging Station 79,ChargeZone,Maharashtra,Kolhapur,"Sector 40, Kolhapur",16.728387,74.28009,DC Fast,60,7,11.92,44.0,Maintenance,,,False,True,True,4.9,233,Pune,ORIGINAL_UPLOAD
EV080,Nashik EV Charging Station 80,Ather Grid,Maharashtra,Nashik,"Sector 2, Nashik",19.954169,73.842251,Type 2,30,1,14.62,8.0,Busy,,,True,True,False,4.7,206,Nashik,ORIGINAL_UPLOAD
EV081,Akola EV Charging Station 81,Jio-bp,Maharashtra,Akola,"Sector 40, Akola",20.773312,77.029605,CCS2,120,8,13.63,32.0,Maintenance,Pune-Nagpur,3,True,False,True,3.3,97,Other,ORIGINAL_UPLOAD
EV082,Nagpur EV Charging Station 82,Statiq,Maharashtra,Nagpur,"Sector 30, Nagpur",21.140444,79.134486,CCS2,30,1,13.64,28.0,Busy,Pune-Nagpur,5,False,False,True,4.2,112,Other,ORIGINAL_UPLOAD
EV083,Chandrapur EV Charging Station 83,Ather Grid,Maharashtra,Chandrapur,"Sector 25, Chandrapur",19.941301,79.263563,CCS2,7,4,15.92,14.0,Available,,,False,False,True,4.0,234,Other,ORIGINAL_UPLOAD
EV084,Chhatrapati Sambhajinagar EV Charging Station 84,ChargeZone,Maharashtra,Chhatrapati Sambhajinagar,"Sector 43, Chhatrapati Sambhajinagar",19.908823,75.407847,AC,7,5,16.16,40.0,Available,Pune-Nagpur,2,False,False,True,4.7,81,Chhatrapati Sambhajinagar,ORIGINAL_UPLOAD
EV085,Amravati EV Charging Station 85,Ather Grid,Maharashtra,Amravati,"Sector 16, Amravati",20.965887,77.723484,Type 2,60,4,17.86,32.0,Busy,Pune-Nagpur,4,False,True,True,3.3,153,Other,ORIGINAL_UPLOAD
EV086,Solapur EV Charging Station 86,Jio-bp,Maharashtra,Solapur,"Sector 42, Solapur",17.63004,75.929368,DC Fast,22,2,8.68,7.0,Maintenance,,,True,True,False,3.6,199,Pune,ORIGINAL_UPLOAD
EV087,Mumbai EV Charging Station 87,Jio-bp,Maharashtra,Mumbai,"Sector 20, Mumbai",19.141584,72.947846,Type 2,120,2,12.79,5.0,Available,,,True,False,False,4.4,100,Other,ORIGINAL_UPLOAD
EV088,Akola EV Charging Station 88,Jio-bp,Maharashtra,Akola,"Sector 45, Akola",20.638231,77.027969,AC,7,3,14.69,27.0,Maintenance,Pune-Nagpur,3,False,False,True,4.4,247,Other,ORIGINAL_UPLOAD
EV089,Nashik EV Charging Station 89,Jio-bp,Maharashtra,Nashik,"Sector 36, Nashik",20.019071,73.758283,Type 2,60,8,13.67,1.0,Busy,,,False,False,True,4.4,70,Nashik,ORIGINAL_UPLOAD
EV090,Amravati EV Charging Station 90,ChargeZone,Maharashtra,Amravati,"Sector 36, Amravati",20.96646,77.727033,AC,22,8,9.84,40.0,Available,Pune-Nagpur,4,False,True,True,4.2,167,Other,ORIGINAL_UPLOAD
EV091,Mumbai EV Charging Station 91,ChargeZone,Maharashtra,Mumbai,"Sector 36, Mumbai",19.048607,72.858465,CCS2,22,3,8.5,21.0,Busy,,,False,False,False,3.5,247,Other,ORIGINAL_UPLOAD
EV092,Kolhapur EV Charging Station 92,Tata Power,Maharashtra,Kolhapur,"Sector 19, Kolhapur",16.664958,74.195932,DC Fast,120,7,11.79,4.0,Busy,,,False,False,True,4.2,68,Pune,ORIGINAL_UPLOAD
EV093,Mumbai EV Charging Station 93,ChargeZone,Maharashtra,Mumbai,"Sector 13, Mumbai",19.050313,72.95069,CCS2,7,2,9.55,12.0,Available,,,False,False,True,4.4,195,Other,ORIGINAL_UPLOAD
EV094,Mumbai EV Charging Station 94,Ather Grid,Maharashtra,Mumbai,"Sector 34, Mumbai",19.000564,72.926547,DC Fast,7,7,8.7,11.0,Busy,,,False,False,True,4.9,234,Other,ORIGINAL_UPLOAD
EV095,Nashik EV Charging Station 95,Statiq,Maharashtra,Nashik,"Sector 28, Nashik",19.968185,73.830945,AC,22,8,11.18,19.0,Available,,,False,False,False,3.3,39,Nashik,ORIGINAL_UPLOAD
EV096,Mumbai EV Charging Station 96,Tata Power,Maharashtra,Mumbai,"Sector 39, Mumbai",19.059335,72.905197,DC Fast,60,2,15.05,42.0,Maintenance,,,False,False,True,3.2,27,Other,ORIGINAL_UPLOAD
EV097,Solapur EV Charging Station 97,Tata Power,Maharashtra,Solapur,"Sector 38, Solapur",17.721243,75.904351,Type 2,120,2,16.36,5.0,Maintenance,,,False,False,False,3.4,167,Pune,ORIGINAL_UPLOAD
EV098,Chhatrapati Sambhajinagar EV Charging Station 98,Tata Power,Maharashtra,Chhatrapati Sambhajinagar,"Sector 15, Chhatrapati Sambhajinagar",19.82698,75.393993,AC,30,6,13.62,11.0,Maintenance,Pune-Nagpur,2,True,True,True,3.9,39,Chhatrapati Sambhajinagar,ORIGINAL_UPLOAD
EV099,Pune EV Charging Station 99,Ather Grid,Maharashtra,Pune,"Sector 29, Pune",18.495616,73.840801,AC,7,2,12.15,43.0,Busy,Pune-Nagpur,1,True,True,True,3.1,33,Pune,ORIGINAL_UPLOAD
EV100,Chhatrapati Sambhajinagar EV Charging Station 100,Statiq,Maharashtra,Chhatrapati Sambhajinagar,"Sector 39, Chhatrapati Sambhajinagar",19.892653,75.402485,AC,60,1,11.56,38.0,Available,Pune-Nagpur,2,False,False,False,4.3,35,Chhatrapati Sambhajinagar,ORIGINAL_UPLOAD
EV101,Mumbai EV Charging Station 101,Jio-bp,Maharashtra,Mumbai,"Sector 4, Mumbai",19.117827,72.899213,DC Fast,60,6,8.38,21.0,Maintenance,,,True,False,False,3.6,244,Other,ORIGINAL_UPLOAD
EV102,Nashik EV Charging Station 102,Jio-bp,Maharashtra,Nashik,"Sector 17, Nashik",20.065852,73.750554,AC,60,6,12.29,25.0,Busy,,,True,False,False,3.6,129,Nashik,ORIGINAL_UPLOAD
EV103,Nagpur EV Charging Station 103,ChargeZone,Maharashtra,Nagpur,"Sector 23, Nagpur",21.190415,79.038271,Type 2,30,5,13.45,19.0,Maintenance,Pune-Nagpur,5,True,False,True,4.8,162,Other,ORIGINAL_UPLOAD
EV104,Solapur EV Charging Station 104,Tata Power,Maharashtra,Solapur,"Sector 39, Solapur",17.73708,75.963443,CCS2,7,5,12.4,18.0,Maintenance,,,False,False,False,3.3,50,Pune,ORIGINAL_UPLOAD
EV105,Chandrapur EV Charging Station 105,Jio-bp,Maharashtra,Chandrapur,"Sector 8, Chandrapur",19.923027,79.301936,Type 2,22,6,17.06,6.0,Available,,,True,False,True,4.7,54,Other,ORIGINAL_UPLOAD
EV106,Nagpur EV Charging Station 106,ChargeZone,Maharashtra,Nagpur,"Sector 31, Nagpur",21.095144,79.050834,CCS2,7,5,9.13,24.0,Busy,Pune-Nagpur,5,True,True,True,4.4,143,Other,ORIGINAL_UPLOAD
EV107,Akola EV Charging Station 107,Ather Grid,Maharashtra,Akola,"Sector 25, Akola",20.725475,77.038428,Type 2,60,1,17.33,27.0,Busy,Pune-Nagpur,3,False,True,False,4.5,157,Other,ORIGINAL_UPLOAD
EV108,Mumbai EV Charging Station 108,Jio-bp,Maharashtra,Mumbai,"Sector 17, Mumbai",19.027224,72.872092,DC Fast,7,4,8.04,32.0,Busy,,,False,True,True,4.4,226,Other,ORIGINAL_UPLOAD
EV109,Akola EV Charging Station 109,Ather Grid,Maharashtra,Akola,"Sector 29, Akola",20.628961,76.945397,AC,22,6,11.93,20.0,Available,Pune-Nagpur,3,False,False,True,4.5,17,Other,ORIGINAL_UPLOAD
EV110,Pune EV Charging Station 110,ChargeZone,Maharashtra,Pune,"Sector 11, Pune",18.468638,73.801156,AC,7,1,8.62,8.0,Available,Pune-Nagpur,1,False,False,False,4.6,5,Pune,ORIGINAL_UPLOAD
EV111,Solapur EV Charging Station 111,Jio-bp,Maharashtra,Solapur,"Sector 2, Solapur",17.663239,75.880882,CCS2,7,4,12.36,40.0,Maintenance,,,True,True,True,3.8,224,Pune,ORIGINAL_UPLOAD
EV112,Nashik EV Charging Station 112,Ather Grid,Maharashtra,Nashik,"Sector 46, Nashik",19.947603,73.850314,DC Fast,22,4,13.46,7.0,Available,,,False,True,True,3.1,198,Nashik,ORIGINAL_UPLOAD
EV113,Chandrapur EV Charging Station 113,ChargeZone,Maharashtra,Chandrapur,"Sector 33, Chandrapur",20.018452,79.271706,CCS2,120,5,8.17,12.0,Available,,,False,False,False,4.1,221,Other,ORIGINAL_UPLOAD
EV114,Chhatrapati Sambhajinagar EV Charging Station 114,Statiq,Maharashtra,Chhatrapati Sambhajinagar,"Sector 26, Chhatrapati Sambhajinagar",19.851793,75.27094,Type 2,22,7,16.05,24.0,Available,Pune-Nagpur,2,True,True,False,4.4,67,Chhatrapati Sambhajinagar,ORIGINAL_UPLOAD
EV115,Nagpur EV Charging Station 115,Statiq,Maharashtra,Nagpur,"Sector 28, Nagpur",21.148041,79.054025,DC Fast,7,3,11.89,29.0,Available,Pune-Nagpur,5,False,False,True,4.9,157,Other,ORIGINAL_UPLOAD
EV116,Pune EV Charging Station 116,Statiq,Maharashtra,Pune,"Sector 23, Pune",18.573735,73.857923,CCS2,7,7,13.56,18.0,Busy,Pune-Nagpur,1,True,False,True,3.6,13,Pune,ORIGINAL_UPLOAD
EV117,Mumbai EV Charging Station 117,ChargeZone,Maharashtra,Mumbai,"Sector 12, Mumbai",19.116223,72.828366,CCS2,7,8,14.15,10.0,Busy,,,True,False,False,3.5,42,Other,ORIGINAL_UPLOAD
EV118,Pune EV Charging Station 118,ChargeZone,Maharashtra,Pune,"Sector 40, Pune",18.502086,73.827174,Type 2,7,8,8.28,35.0,Maintenance,Pune-Nagpur,1,False,True,False,3.6,233,Pune,ORIGINAL_UPLOAD
EV119,Chandrapur EV Charging Station 119,Ather Grid,Maharashtra,Chandrapur,"Sector 10, Chandrapur",19.972447,79.302326,DC Fast,120,1,16.57,17.0,Maintenance,,,True,False,True,5.0,212,Other,ORIGINAL_UPLOAD
EV120,Mumbai EV Charging Station 120,Statiq,Maharashtra,Mumbai,"Sector 24, Mumbai",19.032983,72.85944,Type 2,60,4,8.46,1.0,Available,,,True,False,False,4.0,143,Other,ORIGINAL_UPLOAD
EV121,Chandrapur EV Charging Station 121,ChargeZone,Maharashtra,Chandrapur,"Sector 13, Chandrapur",20.005318,79.358772,AC,60,5,9.04,11.0,Maintenance,,,True,True,True,4.0,149,Other,ORIGINAL_UPLOAD
EV122,Pune EV Charging Station 122,Jio-bp,Maharashtra,Pune,"Sector 33, Pune",18.533324,73.797467,DC Fast,22,6,12.0,18.0,Maintenance,Pune-Nagpur,1,True,True,True,3.2,156,Pune,ORIGINAL_UPLOAD
EV123,Nagpur EV Charging Station 123,Jio-bp,Maharashtra,Nagpur,"Sector 22, Nagpur",21.095542,79.056784,CCS2,30,6,12.31,24.0,Busy,Pune-Nagpur,5,True,True,True,3.1,155,Other,ORIGINAL_UPLOAD
EV124,Pune EV Charging Station 124,Statiq,Maharashtra,Pune,"Sector 47, Pune",18.57457,73.91823,Type 2,30,3,13.43,36.0,Busy,Pune-Nagpur,1,True,False,True,4.5,250,Pune,ORIGINAL_UPLOAD
EV125,Mumbai EV Charging Station 125,Ather Grid,Maharashtra,Mumbai,"Sector 9, Mumbai",19.123569,72.854736,DC Fast,30,6,15.96,26.0,Maintenance,,,False,True,True,4.0,77,Other,ORIGINAL_UPLOAD
EV126,Akola EV Charging Station 126,Jio-bp,Maharashtra,Akola,"Sector 21, Akola",20.724591,77.038534,DC Fast,30,1,8.11,44.0,Busy,Pune-Nagpur,3,True,True,True,4.4,137,Other,ORIGINAL_UPLOAD
EV127,Kolhapur EV Charging Station 127,ChargeZone,Maharashtra,Kolhapur,"Sector 11, Kolhapur",16.636657,74.286916,CCS2,60,3,17.55,37.0,Busy,,,False,False,True,4.5,51,Pune,ORIGINAL_UPLOAD
EV128,Pune EV Charging Station 128,Tata Power,Maharashtra,Pune,"Sector 41, Pune",18.474606,73.777671,CCS2,22,1,11.2,11.0,Busy,Pune-Nagpur,1,False,False,True,3.1,211,Pune,ORIGINAL_UPLOAD
EV129,Chhatrapati Sambhajinagar EV Charging Station 129,Statiq,Maharashtra,Chhatrapati Sambhajinagar,"Sector 48, Chhatrapati Sambhajinagar",19.85362,75.298678,Type 2,30,6,15.23,20.0,Available,Pune-Nagpur,2,False,False,True,3.7,54,Chhatrapati Sambhajinagar,ORIGINAL_UPLOAD
EV130,Solapur EV Charging Station 130,Ather Grid,Maharashtra,Solapur,"Sector 27, Solapur",17.639282,75.94107,CCS2,22,3,9.76,5.0,Available,,,False,False,True,3.7,84,Pune,ORIGINAL_UPLOAD
EV131,Nagpur EV Charging Station 131,ChargeZone,Maharashtra,Nagpur,"Sector 39, Nagpur",21.086528,79.110197,DC Fast,30,1,14.03,21.0,Maintenance,Pune-Nagpur,5,False,False,True,4.3,110,Other,ORIGINAL_UPLOAD
EV132,Solapur EV Charging Station 132,Statiq,Maharashtra,Solapur,"Sector 30, Solapur",17.692098,75.969738,CCS2,60,3,12.97,28.0,Busy,,,False,False,False,3.2,22,Pune,ORIGINAL_UPLOAD
EV133,Nagpur EV Charging Station 133,Jio-bp,Maharashtra,Nagpur,"Sector 10, Nagpur",21.069097,79.018767,DC Fast,120,5,14.32,3.0,Busy,Pune-Nagpur,5,False,False,True,4.3,163,Other,ORIGINAL_UPLOAD
EV134,Nagpur EV Charging Station 134,Tata Power,Maharashtra,Nagpur,"Sector 9, Nagpur",21.16746,79.131123,DC Fast,7,6,12.83,8.0,Busy,Pune-Nagpur,5,True,True,False,4.6,197,Other,ORIGINAL_UPLOAD
EV135,Akola EV Charging Station 135,Jio-bp,Maharashtra,Akola,"Sector 1, Akola",20.661257,76.981071,Type 2,60,2,15.41,23.0,Available,Pune-Nagpur,3,True,True,True,5.0,132,Other,ORIGINAL_UPLOAD
EV136,Kolhapur EV Charging Station 136,Ather Grid,Maharashtra,Kolhapur,"Sector 14, Kolhapur",16.734415,74.259528,Type 2,120,6,10.65,17.0,Busy,,,False,False,False,4.2,8,Pune,ORIGINAL_UPLOAD
EV137,Chhatrapati Sambhajinagar EV Charging Station 137,Statiq,Maharashtra,Chhatrapati Sambhajinagar,"Sector 31, Chhatrapati Sambhajinagar",19.797689,75.339035,Type 2,60,7,9.35,5.0,Available,Pune-Nagpur,2,True,True,True,4.4,183,Chhatrapati Sambhajinagar,ORIGINAL_UPLOAD
EV138,Amravati EV Charging Station 138,Jio-bp,Maharashtra,Amravati,"Sector 47, Amravati",20.86396,77.716137,AC,7,7,12.34,24.0,Maintenance,Pune-Nagpur,4,False,True,True,3.9,135,Other,ORIGINAL_UPLOAD
EV139,Kolhapur EV Charging Station 139,Statiq,Maharashtra,Kolhapur,"Sector 7, Kolhapur",16.768706,74.272707,CCS2,22,1,11.99,33.0,Maintenance,,,True,False,False,4.0,227,Pune,ORIGINAL_UPLOAD
EV140,Solapur EV Charging Station 140,Ather Grid,Maharashtra,Solapur,"Sector 44, Solapur",17.688127,75.834743,CCS2,30,3,10.01,1.0,Available,,,False,True,False,3.8,60,Pune,ORIGINAL_UPLOAD
EV141,Akola EV Charging Station 141,Statiq,Maharashtra,Akola,"Sector 33, Akola",20.675822,77.035494,CCS2,60,1,11.75,28.0,Maintenance,Pune-Nagpur,3,True,False,True,3.0,172,Other,ORIGINAL_UPLOAD
EV142,Kolhapur EV Charging Station 142,ChargeZone,Maharashtra,Kolhapur,"Sector 1, Kolhapur",16.694483,74.31506,AC,30,7,17.52,36.0,Busy,,,True,False,True,3.9,66,Pune,ORIGINAL_UPLOAD
EV143,Solapur EV Charging Station 143,ChargeZone,Maharashtra,Solapur,"Sector 31, Solapur",17.637959,75.967284,Type 2,7,1,9.24,0.0,Maintenance,,,True,False,True,3.6,153,Pune,ORIGINAL_UPLOAD
EV144,Akola EV Charging Station 144,Jio-bp,Maharashtra,Akola,"Sector 27, Akola",20.751764,76.951413,AC,22,2,10.53,37.0,Busy,Pune-Nagpur,3,True,True,True,4.6,188,Other,ORIGINAL_UPLOAD
EV145,Solapur EV Charging Station 145,Tata Power,Maharashtra,Solapur,"Sector 30, Solapur",17.586138,75.963615,CCS2,7,3,11.21,42.0,Maintenance,,,True,True,True,3.9,207,Pune,ORIGINAL_UPLOAD
EV146,Chandrapur EV Charging Station 146,Jio-bp,Maharashtra,Chandrapur,"Sector 46, Chandrapur",19.945661,79.240759,Type 2,22,6,17.29,19.0,Available,,,True,False,True,3.5,101,Other,ORIGINAL_UPLOAD
EV147,Chandrapur EV Charging Station 147,Ather Grid,Maharashtra,Chandrapur,"Sector 9, Chandrapur",19.89071,79.335069,Type 2,22,7,16.39,23.0,Available,,,False,False,False,3.7,61,Other,ORIGINAL_UPLOAD
EV148,Mumbai EV Charging Station 148,Tata Power,Maharashtra,Mumbai,"Sector 18, Mumbai",19.037657,72.857682,AC,7,4,8.97,29.0,Available,,,False,False,True,4.3,249,Other,ORIGINAL_UPLOAD
EV149,Pune EV Charging Station 149,Statiq,Maharashtra,Pune,"Sector 6, Pune",18.50945,73.838822,AC,30,1,15.14,2.0,Busy,Pune-Nagpur,1,False,True,False,4.3,12,Pune,ORIGINAL_UPLOAD
EV150,Pune EV Charging Station 150,Jio-bp,Maharashtra,Pune,"Sector 20, Pune",18.55889,73.826382,Type 2,7,8,11.65,33.0,Maintenance,Pune-Nagpur,1,False,True,False,4.0,128,Pune,ORIGINAL_UPLOAD
EV151,Nashik EV Charging Station 151,Statiq,Maharashtra,Nashik,"Sector 41, Nashik",20.054924,73.781065,Type 2,60,1,16.78,15.0,Busy,,,False,False,False,3.7,157,Nashik,ORIGINAL_UPLOAD
EV152,Chhatrapati Sambhajinagar EV Charging Station 152,Jio-bp,Maharashtra,Chhatrapati Sambhajinagar,"Sector 30, Chhatrapati Sambhajinagar",19.913064,75.371461,CCS2,22,3,15.52,28.0,Available,Pune-Nagpur,2,False,True,True,4.8,202,Chhatrapati Sambhajinagar,ORIGINAL_UPLOAD
EV153,Amravati EV Charging Station 153,Ather Grid,Maharashtra,Amravati,"Sector 30, Amravati",20.92628,77.777919,AC,22,6,15.42,37.0,Busy,Pune-Nagpur,4,False,False,False,3.9,164,Other,ORIGINAL_UPLOAD
EV154,Nagpur EV Charging Station 154,Statiq,Maharashtra,Nagpur,"Sector 43, Nagpur",21.066876,79.008974,CCS2,30,2,8.19,4.0,Busy,Pune-Nagpur,5,False,False,False,4.5,174,Other,ORIGINAL_UPLOAD
EV155,Kolhapur EV Charging Station 155,ChargeZone,Maharashtra,Kolhapur,"Sector 36, Kolhapur",16.759036,74.234161,CCS2,60,4,9.75,8.0,Maintenance,,,False,False,True,4.5,158,Pune,ORIGINAL_UPLOAD
EV156,Chandrapur EV Charging Station 156,Tata Power,Maharashtra,Chandrapur,"Sector 17, Chandrapur",19.949841,79.257154,Type 2,120,7,14.95,19.0,Maintenance,,,True,True,True,4.4,177,Other,ORIGINAL_UPLOAD
EV157,Akola EV Charging Station 157,Jio-bp,Maharashtra,Akola,"Sector 2, Akola",20.625378,77.069701,DC Fast,22,6,15.91,25.0,Available,Pune-Nagpur,3,True,False,False,3.5,126,Other,ORIGINAL_UPLOAD
EV158,Nashik EV Charging Station 158,ChargeZone,Maharashtra,Nashik,"Sector 24, Nashik",19.975977,73.742883,CCS2,30,2,14.77,34.0,Busy,,,False,False,False,4.8,101,Nashik,ORIGINAL_UPLOAD
EV159,Akola EV Charging Station 159,Tata Power,Maharashtra,Akola,"Sector 34, Akola",20.643177,76.965458,AC,60,6,11.39,25.0,Maintenance,Pune-Nagpur,3,False,True,False,3.6,100,Other,ORIGINAL_UPLOAD
EV160,Solapur EV Charging Station 160,Jio-bp,Maharashtra,Solapur,"Sector 29, Solapur",17.668926,75.887882,Type 2,60,5,11.35,27.0,Busy,,,False,False,True,4.6,249,Pune,ORIGINAL_UPLOAD
EV161,Solapur EV Charging Station 161,ChargeZone,Maharashtra,Solapur,"Sector 43, Solapur",17.594673,75.871768,AC,22,7,15.38,28.0,Available,,,False,True,False,4.4,235,Pune,ORIGINAL_UPLOAD
EV162,Solapur EV Charging Station 162,Jio-bp,Maharashtra,Solapur,"Sector 21, Solapur",17.647101,75.945886,Type 2,7,4,15.11,42.0,Busy,,,True,True,True,3.0,83,Pune,ORIGINAL_UPLOAD
EV163,Nagpur EV Charging Station 163,Jio-bp,Maharashtra,Nagpur,"Sector 19, Nagpur",21.092034,79.080619,Type 2,22,6,10.86,14.0,Available,Pune-Nagpur,5,False,True,False,3.4,227,Other,ORIGINAL_UPLOAD
EV164,Nashik EV Charging Station 164,Statiq,Maharashtra,Nashik,"Sector 8, Nashik",20.054791,73.81742,DC Fast,22,7,16.93,40.0,Available,,,False,False,True,3.8,40,Nashik,ORIGINAL_UPLOAD
EV165,Kolhapur EV Charging Station 165,Ather Grid,Maharashtra,Kolhapur,"Sector 5, Kolhapur",16.769037,74.170259,Type 2,120,6,10.76,22.0,Available,,,False,False,False,3.2,47,Pune,ORIGINAL_UPLOAD
EV166,Amravati EV Charging Station 166,Tata Power,Maharashtra,Amravati,"Sector 24, Amravati",20.985172,77.843502,CCS2,60,6,15.43,44.0,Busy,Pune-Nagpur,4,False,False,True,3.2,80,Other,ORIGINAL_UPLOAD
EV167,Chhatrapati Sambhajinagar EV Charging Station 167,Ather Grid,Maharashtra,Chhatrapati Sambhajinagar,"Sector 30, Chhatrapati Sambhajinagar",19.951497,75.383612,DC Fast,22,4,10.72,43.0,Busy,Pune-Nagpur,2,True,True,False,4.2,99,Chhatrapati Sambhajinagar,ORIGINAL_UPLOAD
EV168,Chandrapur EV Charging Station 168,ChargeZone,Maharashtra,Chandrapur,"Sector 15, Chandrapur",19.884784,79.315361,CCS2,120,5,10.17,38.0,Maintenance,,,True,False,True,4.5,121,Other,ORIGINAL_UPLOAD
EV169,Chandrapur EV Charging Station 169,Statiq,Maharashtra,Chandrapur,"Sector 22, Chandrapur",19.929606,79.324372,Type 2,22,1,17.12,21.0,Available,,,True,True,False,5.0,247,Other,ORIGINAL_UPLOAD
EV170,Akola EV Charging Station 170,Ather Grid,Maharashtra,Akola,"Sector 5, Akola",20.777837,76.993148,CCS2,120,5,9.74,26.0,Busy,Pune-Nagpur,3,False,False,True,3.3,113,Other,ORIGINAL_UPLOAD
EV171,Chandrapur EV Charging Station 171,Tata Power,Maharashtra,Chandrapur,"Sector 9, Chandrapur",20.035308,79.314245,CCS2,60,3,8.11,23.0,Maintenance,,,False,False,True,3.4,88,Other,ORIGINAL_UPLOAD
EV172,Nagpur EV Charging Station 172,Statiq,Maharashtra,Nagpur,"Sector 8, Nagpur",21.185448,79.105776,DC Fast,22,6,15.84,30.0,Available,Pune-Nagpur,5,True,False,True,3.7,151,Other,ORIGINAL_UPLOAD
EV173,Solapur EV Charging Station 173,Jio-bp,Maharashtra,Solapur,"Sector 20, Solapur",17.713962,75.930103,CCS2,60,5,17.91,6.0,Maintenance,,,False,False,True,4.4,69,Pune,ORIGINAL_UPLOAD
EV174,Chandrapur EV Charging Station 174,Tata Power,Maharashtra,Chandrapur,"Sector 15, Chandrapur",19.985242,79.371678,AC,120,1,15.52,39.0,Busy,,,False,False,False,3.2,10,Other,ORIGINAL_UPLOAD
EV175,Nashik EV Charging Station 175,Jio-bp,Maharashtra,Nashik,"Sector 5, Nashik",20.072793,73.789953,DC Fast,7,7,13.67,26.0,Busy,,,False,True,True,3.6,68,Nashik,ORIGINAL_UPLOAD
EV176,Akola EV Charging Station 176,ChargeZone,Maharashtra,Akola,"Sector 1, Akola",20.691014,77.018565,DC Fast,120,4,13.21,6.0,Maintenance,Pune-Nagpur,3,False,True,False,4.9,250,Other,ORIGINAL_UPLOAD
EV177,Nashik EV Charging Station 177,Jio-bp,Maharashtra,Nashik,"Sector 41, Nashik",20.02687,73.843219,Type 2,60,4,15.43,2.0,Busy,,,True,False,False,3.3,177,Nashik,ORIGINAL_UPLOAD
EV178,Kolhapur EV Charging Station 178,Ather Grid,Maharashtra,Kolhapur,"Sector 27, Kolhapur",16.69023,74.211829,Type 2,120,5,17.96,10.0,Busy,,,True,False,True,4.0,64,Pune,ORIGINAL_UPLOAD
EV179,Pune EV Charging Station 179,Ather Grid,Maharashtra,Pune,"Sector 13, Pune",18.494158,73.779581,CCS2,30,1,15.54,12.0,Available,Pune-Nagpur,1,False,False,True,4.2,74,Pune,ORIGINAL_UPLOAD
EV180,Akola EV Charging Station 180,Tata Power,Maharashtra,Akola,"Sector 20, Akola",20.696579,76.95487,DC Fast,120,4,8.32,13.0,Busy,Pune-Nagpur,3,False,False,True,4.4,43,Other,ORIGINAL_UPLOAD
EV181,Solapur EV Charging Station 181,Statiq,Maharashtra,Solapur,"Sector 31, Solapur",17.662303,75.894172,Type 2,30,7,17.37,18.0,Busy,,,True,False,True,4.9,122,Pune,ORIGINAL_UPLOAD
EV182,Mumbai EV Charging Station 182,Statiq,Maharashtra,Mumbai,"Sector 18, Mumbai",19.146719,72.858402,CCS2,30,5,10.88,40.0,Available,,,True,True,True,3.8,120,Other,ORIGINAL_UPLOAD
EV183,Mumbai EV Charging Station 183,Ather Grid,Maharashtra,Mumbai,"Sector 13, Mumbai",19.141311,72.918735,CCS2,30,5,13.63,45.0,Available,,,True,False,True,4.2,74,Other,ORIGINAL_UPLOAD
EV184,Solapur EV Charging Station 184,Tata Power,Maharashtra,Solapur,"Sector 41, Solapur",17.6418,75.838913,DC Fast,22,5,11.93,6.0,Available,,,False,False,True,4.3,173,Pune,ORIGINAL_UPLOAD
EV185,Mumbai EV Charging Station 185,ChargeZone,Maharashtra,Mumbai,"Sector 36, Mumbai",19.131025,72.828683,AC,30,2,14.39,37.0,Maintenance,,,False,False,False,3.8,72,Other,ORIGINAL_UPLOAD
EV186,Solapur EV Charging Station 186,Statiq,Maharashtra,Solapur,"Sector 35, Solapur",17.702638,75.98095,CCS2,30,8,14.8,14.0,Available,,,True,False,True,3.2,248,Pune,ORIGINAL_UPLOAD
EV187,Akola EV Charging Station 187,ChargeZone,Maharashtra,Akola,"Sector 32, Akola",20.638429,76.99967,Type 2,7,3,16.26,40.0,Available,Pune-Nagpur,3,False,False,True,3.4,92,Other,ORIGINAL_UPLOAD
EV188,Chandrapur EV Charging Station 188,Tata Power,Maharashtra,Chandrapur,"Sector 11, Chandrapur",19.931548,79.227909,CCS2,7,7,10.82,28.0,Busy,,,False,True,True,4.6,242,Other,ORIGINAL_UPLOAD
EV189,Kolhapur EV Charging Station 189,Tata Power,Maharashtra,Kolhapur,"Sector 46, Kolhapur",16.663672,74.243721,DC Fast,22,3,12.78,29.0,Available,,,True,False,True,4.7,97,Pune,ORIGINAL_UPLOAD
EV190,Nashik EV Charging Station 190,Statiq,Maharashtra,Nashik,"Sector 46, Nashik",19.92346,73.794391,Type 2,30,2,10.89,27.0,Maintenance,,,False,True,True,3.0,131,Nashik,ORIGINAL_UPLOAD
EV191,Solapur EV Charging Station 191,Ather Grid,Maharashtra,Solapur,"Sector 39, Solapur",17.717025,75.976436,AC,60,1,8.0,33.0,Busy,,,False,True,True,4.2,104,Pune,ORIGINAL_UPLOAD
EV192,Nagpur EV Charging Station 192,Tata Power,Maharashtra,Nagpur,"Sector 45, Nagpur",21.221031,79.139672,DC Fast,120,4,17.67,26.0,Available,Pune-Nagpur,5,False,False,False,4.2,182,Other,ORIGINAL_UPLOAD
EV193,Chandrapur EV Charging Station 193,Ather Grid,Maharashtra,Chandrapur,"Sector 30, Chandrapur",19.939053,79.337502,CCS2,30,4,15.84,25.0,Busy,,,False,False,False,3.9,4,Other,ORIGINAL_UPLOAD
EV194,Pune EV Charging Station 194,Statiq,Maharashtra,Pune,"Sector 2, Pune",18.489348,73.857949,DC Fast,7,5,16.65,40.0,Busy,Pune-Nagpur,1,False,False,True,4.9,40,Pune,ORIGINAL_UPLOAD
EV195,Amravati EV Charging Station 195,Tata Power,Maharashtra,Amravati,"Sector 14, Amravati",20.885284,77.806495,CCS2,7,3,16.27,44.0,Available,Pune-Nagpur,4,False,False,False,3.2,82,Other,ORIGINAL_UPLOAD
EV196,Chhatrapati Sambhajinagar EV Charging Station 196,ChargeZone,Maharashtra,Chhatrapati Sambhajinagar,"Sector 13, Chhatrapati Sambhajinagar",19.919008,75.279746,DC Fast,22,7,13.36,43.0,Maintenance,Pune-Nagpur,2,False,True,True,3.4,97,Chhatrapati Sambhajinagar,ORIGINAL_UPLOAD
EV197,Nashik EV Charging Station 197,Statiq,Maharashtra,Nashik,"Sector 12, Nashik",20.055531,73.858153,CCS2,120,3,17.59,3.0,Busy,,,False,True,True,4.8,97,Nashik,ORIGINAL_UPLOAD
EV198,Amravati EV Charging Station 198,Tata Power,Maharashtra,Amravati,"Sector 42, Amravati",20.995867,77.760254,CCS2,22,2,13.88,42.0,Available,Pune-Nagpur,4,True,True,False,3.3,149,Other,ORIGINAL_UPLOAD
EV199,Solapur EV Charging Station 199,Statiq,Maharashtra,Solapur,"Sector 27, Solapur",17.643561,75.858247,DC Fast,30,5,14.22,23.0,Busy,,,False,True,False,4.6,213,Pune,ORIGINAL_UPLOAD
EV200,Kolhapur EV Charging Station 200,Statiq,Maharashtra,Kolhapur,"Sector 39, Kolhapur",16.72619,74.204258,Type 2,7,4,10.32,32.0,Available,,,True,False,True,3.9,218,Pune,ORIGINAL_UPLOAD
EV201,Akola EV Charging Station 201,Statiq,Maharashtra,Akola,"Sector 44, Akola",20.727626,77.061602,AC,120,2,13.16,13.0,Busy,Pune-Nagpur,3,True,True,True,3.1,51,Other,ORIGINAL_UPLOAD
EV202,Chandrapur EV Charging Station 202,ChargeZone,Maharashtra,Chandrapur,"Sector 36, Chandrapur",19.941011,79.35983,Type 2,22,1,9.46,19.0,Maintenance,,,False,False,True,3.8,228,Other,ORIGINAL_UPLOAD
EV203,Akola EV Charging Station 203,Jio-bp,Maharashtra,Akola,"Sector 23, Akola",20.723158,77.027216,CCS2,60,3,15.75,39.0,Available,Pune-Nagpur,3,False,False,True,4.1,60,Other,ORIGINAL_UPLOAD
EV204,Pune EV Charging Station 204,Tata Power,Maharashtra,Pune,"Sector 16, Pune",18.553634,73.879138,Type 2,60,5,11.43,23.0,Maintenance,Pune-Nagpur,1,True,True,True,4.1,213,Pune,ORIGINAL_UPLOAD
EV205,Nagpur EV Charging Station 205,ChargeZone,Maharashtra,Nagpur,"Sector 17, Nagpur",21.109061,79.08178,Type 2,120,2,17.33,19.0,Maintenance,Pune-Nagpur,5,True,True,True,4.7,239,Other,ORIGINAL_UPLOAD
EV206,Chandrapur EV Charging Station 206,Tata Power,Maharashtra,Chandrapur,"Sector 25, Chandrapur",19.984195,79.305839,AC,60,6,11.22,16.0,Available,,,True,False,False,3.9,205,Other,ORIGINAL_UPLOAD
EV207,Chhatrapati Sambhajinagar EV Charging Station 207,Statiq,Maharashtra,Chhatrapati Sambhajinagar,"Sector 20, Chhatrapati Sambhajinagar",19.935001,75.267043,AC,60,2,11.19,8.0,Maintenance,Pune-Nagpur,2,False,False,True,3.0,152,Chhatrapati Sambhajinagar,ORIGINAL_UPLOAD
EV208,Amravati EV Charging Station 208,Jio-bp,Maharashtra,Amravati,"Sector 8, Amravati",20.996441,77.699989,DC Fast,7,3,10.99,16.0,Busy,Pune-Nagpur,4,False,False,True,3.1,114,Other,ORIGINAL_UPLOAD
EV209,Chandrapur EV Charging Station 209,Statiq,Maharashtra,Chandrapur,"Sector 38, Chandrapur",19.982873,79.324159,CCS2,22,1,12.35,21.0,Busy,,,True,True,False,4.8,194,Other,ORIGINAL_UPLOAD
EV210,Chhatrapati Sambhajinagar EV Charging Station 210,Tata Power,Maharashtra,Chhatrapati Sambhajinagar,"Sector 44, Chhatrapati Sambhajinagar",19.900432,75.367047,CCS2,30,6,8.45,21.0,Available,Pune-Nagpur,2,True,False,False,5.0,171,Chhatrapati Sambhajinagar,ORIGINAL_UPLOAD
EV211,Mumbai EV Charging Station 211,ChargeZone,Maharashtra,Mumbai,"Sector 35, Mumbai",19.048587,72.935489,CCS2,7,1,17.92,18.0,Maintenance,,,False,True,True,3.4,18,Other,ORIGINAL_UPLOAD
EV212,Mumbai EV Charging Station 212,Jio-bp,Maharashtra,Mumbai,"Sector 50, Mumbai",19.036863,72.801531,AC,30,2,8.1,37.0,Busy,,,True,False,True,4.0,137,Other,ORIGINAL_UPLOAD
EV213,Solapur EV Charging Station 213,Tata Power,Maharashtra,Solapur,"Sector 36, Solapur",17.634075,75.940902,DC Fast,60,2,13.83,22.0,Maintenance,,,False,False,False,4.2,161,Pune,ORIGINAL_UPLOAD
EV214,Mumbai EV Charging Station 214,ChargeZone,Maharashtra,Mumbai,"Sector 3, Mumbai",19.071203,72.917072,CCS2,22,8,15.94,0.0,Busy,,,True,True,False,4.0,176,Other,ORIGINAL_UPLOAD
EV215,Pune EV Charging Station 215,Ather Grid,Maharashtra,Pune,"Sector 16, Pune",18.529479,73.843751,Type 2,22,3,8.34,39.0,Maintenance,Pune-Nagpur,1,False,False,False,4.6,89,Pune,ORIGINAL_UPLOAD
EV216,Kolhapur EV Charging Station 216,Ather Grid,Maharashtra,Kolhapur,"Sector 21, Kolhapur",16.696594,74.185551,Type 2,60,5,8.31,8.0,Available,,,True,False,False,3.3,42,Pune,ORIGINAL_UPLOAD
EV217,Nashik EV Charging Station 217,Tata Power,Maharashtra,Nashik,"Sector 39, Nashik",19.972791,73.797905,Type 2,7,5,13.05,32.0,Maintenance,,,False,False,False,3.7,79,Nashik,ORIGINAL_UPLOAD
EV218,Nashik EV Charging Station 218,Ather Grid,Maharashtra,Nashik,"Sector 41, Nashik",20.069124,73.813636,CCS2,22,8,14.26,44.0,Busy,,,True,True,True,4.3,5,Nashik,ORIGINAL_UPLOAD
EV219,Mumbai EV Charging Station 219,Jio-bp,Maharashtra,Mumbai,"Sector 47, Mumbai",19.051025,72.957371,Type 2,30,2,13.04,8.0,Maintenance,,,False,False,False,4.8,21,Other,ORIGINAL_UPLOAD
EV220,Kolhapur EV Charging Station 220,ChargeZone,Maharashtra,Kolhapur,"Sector 45, Kolhapur",16.779508,74.169733,Type 2,60,5,9.49,11.0,Available,,,False,False,False,4.3,50,Pune,ORIGINAL_UPLOAD
EV221,Amravati EV Charging Station 221,Jio-bp,Maharashtra,Amravati,"Sector 47, Amravati",21.006554,77.766702,Type 2,30,5,17.45,28.0,Maintenance,Pune-Nagpur,4,False,False,True,4.0,176,Other,ORIGINAL_UPLOAD
EV222,Pune EV Charging Station 222,Statiq,Maharashtra,Pune,"Sector 33, Pune",18.528211,73.907625,DC Fast,7,3,8.21,21.0,Available,Pune-Nagpur,1,False,True,False,4.7,95,Pune,ORIGINAL_UPLOAD
EV223,Kolhapur EV Charging Station 223,Tata Power,Maharashtra,Kolhapur,"Sector 29, Kolhapur",16.691266,74.272127,CCS2,120,3,16.35,13.0,Available,,,False,False,True,3.5,18,Pune,ORIGINAL_UPLOAD
EV224,Nagpur EV Charging Station 224,Statiq,Maharashtra,Nagpur,"Sector 35, Nagpur",21.155456,79.089617,AC,30,7,16.14,5.0,Maintenance,Pune-Nagpur,5,True,False,False,3.3,152,Other,ORIGINAL_UPLOAD
EV225,Mumbai EV Charging Station 225,ChargeZone,Maharashtra,Mumbai,"Sector 34, Mumbai",18.99955,72.801313,Type 2,120,2,11.9,20.0,Available,,,True,True,True,4.0,177,Other,ORIGINAL_UPLOAD
EV226,Mumbai EV Charging Station 226,Ather Grid,Maharashtra,Mumbai,"Sector 24, Mumbai",19.042623,72.88871,DC Fast,60,6,13.52,0.0,Maintenance,,,False,False,True,4.6,105,Other,ORIGINAL_UPLOAD
EV227,Kolhapur EV Charging Station 227,Jio-bp,Maharashtra,Kolhapur,"Sector 37, Kolhapur",16.697776,74.185686,Type 2,120,6,14.98,37.0,Available,,,False,True,True,3.3,29,Pune,ORIGINAL_UPLOAD
EV228,Solapur EV Charging Station 228,Statiq,Maharashtra,Solapur,"Sector 44, Solapur",17.595071,75.846451,DC Fast,120,2,10.77,34.0,Available,,,False,False,False,3.5,94,Pune,ORIGINAL_UPLOAD
EV229,Pune EV Charging Station 229,Statiq,Maharashtra,Pune,"Sector 33, Pune",18.542904,73.809635,DC Fast,7,7,16.75,43.0,Maintenance,Pune-Nagpur,1,False,False,True,4.1,107,Pune,ORIGINAL_UPLOAD
EV230,Mumbai EV Charging Station 230,Ather Grid,Maharashtra,Mumbai,"Sector 13, Mumbai",19.085312,72.898076,DC Fast,120,2,15.91,14.0,Busy,,,True,False,False,3.4,52,Other,ORIGINAL_UPLOAD
EV231,Nashik EV Charging Station 231,Jio-bp,Maharashtra,Nashik,"Sector 30, Nashik",20.05981,73.792626,CCS2,7,4,15.9,20.0,Maintenance,,,True,True,True,4.5,137,Nashik,ORIGINAL_UPLOAD
EV232,Nagpur EV Charging Station 232,Ather Grid,Maharashtra,Nagpur,"Sector 26, Nagpur",21.19186,79.077636,AC,22,6,11.7,35.0,Maintenance,Pune-Nagpur,5,False,False,True,3.8,86,Other,ORIGINAL_UPLOAD
EV233,Kolhapur EV Charging Station 233,Ather Grid,Maharashtra,Kolhapur,"Sector 5, Kolhapur",16.673455,74.215447,AC,7,5,10.64,16.0,Maintenance,,,False,False,True,4.7,57,Pune,ORIGINAL_UPLOAD
EV234,Solapur EV Charging Station 234,ChargeZone,Maharashtra,Solapur,"Sector 20, Solapur",17.580967,75.947767,Type 2,120,5,11.07,26.0,Maintenance,,,True,False,True,4.0,189,Pune,ORIGINAL_UPLOAD
EV235,Mumbai EV Charging Station 235,Statiq,Maharashtra,Mumbai,"Sector 10, Mumbai",19.117778,72.897004,Type 2,7,7,15.46,18.0,Busy,,,False,True,False,3.7,139,Other,ORIGINAL_UPLOAD
EV236,Akola EV Charging Station 236,ChargeZone,Maharashtra,Akola,"Sector 15, Akola",20.684641,77.037637,Type 2,30,2,11.48,20.0,Maintenance,Pune-Nagpur,3,False,False,True,4.3,167,Other,ORIGINAL_UPLOAD
EV237,Amravati EV Charging Station 237,Statiq,Maharashtra,Amravati,"Sector 42, Amravati",20.913222,77.851529,DC Fast,30,4,13.3,29.0,Available,Pune-Nagpur,4,False,False,False,3.3,184,Other,ORIGINAL_UPLOAD
EV238,Chandrapur EV Charging Station 238,Jio-bp,Maharashtra,Chandrapur,"Sector 9, Chandrapur",19.924469,79.322359,DC Fast,22,1,10.54,4.0,Maintenance,,,True,True,False,3.7,125,Other,ORIGINAL_UPLOAD
EV239,Solapur EV Charging Station 239,Tata Power,Maharashtra,Solapur,"Sector 23, Solapur",17.707392,75.981365,AC,30,7,11.01,16.0,Maintenance,,,True,False,True,3.3,220,Pune,ORIGINAL_UPLOAD
EV240,Chhatrapati Sambhajinagar EV Charging Station 240,Ather Grid,Maharashtra,Chhatrapati Sambhajinagar,"Sector 47, Chhatrapati Sambhajinagar",19.907992,75.353887,AC,7,8,15.77,30.0,Available,Pune-Nagpur,2,True,True,True,3.9,7,Chhatrapati Sambhajinagar,ORIGINAL_UPLOAD
EV241,Solapur EV Charging Station 241,ChargeZone,Maharashtra,Solapur,"Sector 10, Solapur",17.705086,75.932023,CCS2,7,4,11.52,25.0,Maintenance,,,False,False,True,4.8,176,Pune,ORIGINAL_UPLOAD
EV242,Chandrapur EV Charging Station 242,Jio-bp,Maharashtra,Chandrapur,"Sector 40, Chandrapur",19.967741,79.333077,Type 2,30,4,15.81,45.0,Available,,,True,True,False,3.1,177,Other,ORIGINAL_UPLOAD
EV243,Chandrapur EV Charging Station 243,Statiq,Maharashtra,Chandrapur,"Sector 34, Chandrapur",19.941401,79.310336,DC Fast,7,6,17.25,40.0,Available,,,True,True,True,4.6,234,Other,ORIGINAL_UPLOAD
EV244,Pune EV Charging Station 244,Statiq,Maharashtra,Pune,"Sector 43, Pune",18.499059,73.811557,AC,7,6,16.43,11.0,Busy,Pune-Nagpur,1,True,False,False,4.2,157,Pune,ORIGINAL_UPLOAD
EV245,Mumbai EV Charging Station 245,Jio-bp,Maharashtra,Mumbai,"Sector 17, Mumbai",19.138665,72.81155,Type 2,22,6,8.82,11.0,Busy,,,False,False,False,4.8,82,Other,ORIGINAL_UPLOAD
EV246,Solapur EV Charging Station 246,Statiq,Maharashtra,Solapur,"Sector 47, Solapur",17.626139,75.919709,AC,60,1,17.08,37.0,Maintenance,,,True,True,False,3.8,244,Pune,ORIGINAL_UPLOAD
EV247,Mumbai EV Charging Station 247,ChargeZone,Maharashtra,Mumbai,"Sector 50, Mumbai",19.0714,72.849559,CCS2,7,3,8.25,40.0,Available,,,False,True,False,3.9,181,Other,ORIGINAL_UPLOAD
EV248,Kolhapur EV Charging Station 248,Ather Grid,Maharashtra,Kolhapur,"Sector 41, Kolhapur",16.745549,74.198067,CCS2,120,7,12.87,14.0,Maintenance,,,True,False,True,4.6,5,Pune,ORIGINAL_UPLOAD
EV249,Akola EV Charging Station 249,Ather Grid,Maharashtra,Akola,"Sector 14, Akola",20.754253,76.951129,AC,22,1,14.19,11.0,Busy,Pune-Nagpur,3,True,True,True,4.8,47,Other,ORIGINAL_UPLOAD
EV250,Solapur EV Charging Station 250,ChargeZone,Maharashtra,Solapur,"Sector 28, Solapur",17.728521,75.868556,Type 2,30,3,15.62,24.0,Busy,,,True,False,True,4.2,158,Pune,ORIGINAL_UPLOAD
EV251,Solapur EV Charging Station 251,Ather Grid,Maharashtra,Solapur,"Sector 36, Solapur",17.634525,75.976121,AC,60,4,11.15,34.0,Available,,,False,True,True,3.1,99,Pune,ORIGINAL_UPLOAD
EV252,Solapur EV Charging Station 252,Jio-bp,Maharashtra,Solapur,"Sector 32, Solapur",17.725623,75.85051,CCS2,22,3,8.26,1.0,Maintenance,,,False,False,True,4.3,44,Pune,ORIGINAL_UPLOAD
EV253,Chandrapur EV Charging Station 253,Statiq,Maharashtra,Chandrapur,"Sector 14, Chandrapur",20.01716,79.276694,DC Fast,30,3,14.52,6.0,Maintenance,,,True,False,True,3.4,140,Other,ORIGINAL_UPLOAD
EV254,Mumbai EV Charging Station 254,Jio-bp,Maharashtra,Mumbai,"Sector 2, Mumbai",19.071143,72.848369,Type 2,7,5,9.29,22.0,Available,,,False,True,True,4.0,108,Other,ORIGINAL_UPLOAD
EV255,Mumbai EV Charging Station 255,ChargeZone,Maharashtra,Mumbai,"Sector 11, Mumbai",19.017027,72.826832,CCS2,7,1,17.9,13.0,Available,,,False,True,True,3.4,134,Other,ORIGINAL_UPLOAD
EV256,Nagpur EV Charging Station 256,Jio-bp,Maharashtra,Nagpur,"Sector 35, Nagpur",21.129891,79.071163,Type 2,7,7,11.08,0.0,Maintenance,Pune-Nagpur,5,False,False,True,4.1,201,Other,ORIGINAL_UPLOAD
EV257,Chhatrapati Sambhajinagar EV Charging Station 257,Statiq,Maharashtra,Chhatrapati Sambhajinagar,"Sector 2, Chhatrapati Sambhajinagar",19.83345,75.297032,AC,60,7,8.83,13.0,Available,Pune-Nagpur,2,True,True,False,3.9,199,Chhatrapati Sambhajinagar,ORIGINAL_UPLOAD
EV258,Amravati EV Charging Station 258,Jio-bp,Maharashtra,Amravati,"Sector 18, Amravati",20.935423,77.799709,Type 2,60,8,14.9,21.0,Busy,Pune-Nagpur,4,True,False,False,4.8,95,Other,ORIGINAL_UPLOAD
EV259,Kolhapur EV Charging Station 259,Ather Grid,Maharashtra,Kolhapur,"Sector 42, Kolhapur",16.753789,74.317931,Type 2,60,8,8.16,38.0,Available,,,True,True,False,4.8,64,Pune,ORIGINAL_UPLOAD
EV260,Chhatrapati Sambhajinagar EV Charging Station 260,Statiq,Maharashtra,Chhatrapati Sambhajinagar,"Sector 48, Chhatrapati Sambhajinagar",19.914271,75.400395,Type 2,7,2,13.5,13.0,Busy,Pune-Nagpur,2,False,True,False,3.8,48,Chhatrapati Sambhajinagar,ORIGINAL_UPLOAD
EV261,Pune EV Charging Station 261,Statiq,Maharashtra,Pune,"Sector 23, Pune",18.537497,73.871362,AC,22,1,17.01,16.0,Available,Pune-Nagpur,1,True,True,True,3.7,174,Pune,ORIGINAL_UPLOAD
EV262,Chhatrapati Sambhajinagar EV Charging Station 262,Tata Power,Maharashtra,Chhatrapati Sambhajinagar,"Sector 46, Chhatrapati Sambhajinagar",19.799497,75.310228,DC Fast,22,8,10.63,21.0,Busy,Pune-Nagpur,2,False,False,False,4.6,95,Chhatrapati Sambhajinagar,ORIGINAL_UPLOAD
EV263,Kolhapur EV Charging Station 263,Ather Grid,Maharashtra,Kolhapur,"Sector 25, Kolhapur",16.653319,74.171281,DC Fast,120,8,10.43,2.0,Available,,,False,True,True,4.1,9,Pune,ORIGINAL_UPLOAD
EV264,Mumbai EV Charging Station 264,Tata Power,Maharashtra,Mumbai,"Sector 50, Mumbai",19.010231,72.81462,Type 2,30,1,11.72,10.0,Maintenance,,,False,False,False,4.8,247,Other,ORIGINAL_UPLOAD
EV265,Nagpur EV Charging Station 265,ChargeZone,Maharashtra,Nagpur,"Sector 1, Nagpur",21.160905,79.143332,DC Fast,22,8,17.05,42.0,Busy,Pune-Nagpur,5,True,True,True,4.2,9,Other,ORIGINAL_UPLOAD
EV266,Chhatrapati Sambhajinagar EV Charging Station 266,Ather Grid,Maharashtra,Chhatrapati Sambhajinagar,"Sector 19, Chhatrapati Sambhajinagar",19.949768,75.354127,AC,30,5,11.07,44.0,Maintenance,Pune-Nagpur,2,False,False,True,5.0,192,Chhatrapati Sambhajinagar,ORIGINAL_UPLOAD
EV267,Solapur EV Charging Station 267,Jio-bp,Maharashtra,Solapur,"Sector 50, Solapur",17.72173,75.950603,CCS2,22,2,9.3,16.0,Available,,,False,False,False,3.4,30,Pune,ORIGINAL_UPLOAD
EV268,Chhatrapati Sambhajinagar EV Charging Station 268,Ather Grid,Maharashtra,Chhatrapati Sambhajinagar,"Sector 28, Chhatrapati Sambhajinagar",19.939437,75.410032,Type 2,60,7,16.36,43.0,Busy,Pune-Nagpur,2,False,False,True,3.4,139,Chhatrapati Sambhajinagar,ORIGINAL_UPLOAD
EV269,Pune EV Charging Station 269,Tata Power,Maharashtra,Pune,"Sector 15, Pune",18.542475,73.899701,DC Fast,30,2,13.1,37.0,Busy,Pune-Nagpur,1,True,False,False,4.0,232,Pune,ORIGINAL_UPLOAD
EV270,Pune EV Charging Station 270,Tata Power,Maharashtra,Pune,"Sector 36, Pune",18.441989,73.803922,CCS2,30,4,13.45,31.0,Busy,Pune-Nagpur,1,True,True,False,5.0,78,Pune,ORIGINAL_UPLOAD
EV271,Nashik EV Charging Station 271,Ather Grid,Maharashtra,Nashik,"Sector 7, Nashik",19.948939,73.720249,DC Fast,22,5,15.55,0.0,Busy,,,True,True,True,3.2,64,Nashik,ORIGINAL_UPLOAD
EV272,Chhatrapati Sambhajinagar EV Charging Station 272,Statiq,Maharashtra,Chhatrapati Sambhajinagar,"Sector 12, Chhatrapati Sambhajinagar",19.816003,75.35842,DC Fast,120,4,16.32,40.0,Maintenance,Pune-Nagpur,2,False,False,False,4.3,160,Chhatrapati Sambhajinagar,ORIGINAL_UPLOAD
EV273,Mumbai EV Charging Station 273,Tata Power,Maharashtra,Mumbai,"Sector 40, Mumbai",19.152008,72.819336,CCS2,22,3,15.02,27.0,Maintenance,,,False,False,True,4.3,200,Other,ORIGINAL_UPLOAD
EV274,Pune EV Charging Station 274,Tata Power,Maharashtra,Pune,"Sector 8, Pune",18.476348,73.895475,CCS2,60,5,14.13,43.0,Busy,Pune-Nagpur,1,True,True,True,4.0,51,Pune,ORIGINAL_UPLOAD
EV275,Chhatrapati Sambhajinagar EV Charging Station 275,Statiq,Maharashtra,Chhatrapati Sambhajinagar,"Sector 25, Chhatrapati Sambhajinagar",19.856686,75.408169,Type 2,30,7,9.75,31.0,Available,Pune-Nagpur,2,False,False,True,4.3,67,Chhatrapati Sambhajinagar,ORIGINAL_UPLOAD
EV276,Chhatrapati Sambhajinagar EV Charging Station 276,Statiq,Maharashtra,Chhatrapati Sambhajinagar,"Sector 20, Chhatrapati Sambhajinagar",19.825603,75.292277,DC Fast,7,4,17.64,7.0,Available,Pune-Nagpur,2,False,False,False,3.4,214,Chhatrapati Sambhajinagar,ORIGINAL_UPLOAD
EV277,Akola EV Charging Station 277,Jio-bp,Maharashtra,Akola,"Sector 23, Akola",20.709556,76.97294,CCS2,120,6,11.91,9.0,Maintenance,Pune-Nagpur,3,False,False,False,3.8,128,Other,ORIGINAL_UPLOAD
EV278,Nagpur EV Charging Station 278,Statiq,Maharashtra,Nagpur,"Sector 26, Nagpur",21.144238,79.092091,Type 2,22,3,13.39,25.0,Available,Pune-Nagpur,5,True,False,True,4.0,13,Other,ORIGINAL_UPLOAD
EV279,Akola EV Charging Station 279,Jio-bp,Maharashtra,Akola,"Sector 8, Akola",20.681651,76.966226,CCS2,22,1,13.79,9.0,Available,Pune-Nagpur,3,False,False,False,4.1,120,Other,ORIGINAL_UPLOAD
EV280,Kolhapur EV Charging Station 280,Statiq,Maharashtra,Kolhapur,"Sector 35, Kolhapur",16.667888,74.29885,Type 2,7,6,17.68,15.0,Busy,,,True,True,True,3.4,205,Pune,ORIGINAL_UPLOAD
EV281,Kolhapur EV Charging Station 281,Tata Power,Maharashtra,Kolhapur,"Sector 40, Kolhapur",16.683379,74.239922,AC,30,8,9.81,27.0,Available,,,True,False,False,4.6,153,Pune,ORIGINAL_UPLOAD
EV282,Pune EV Charging Station 282,ChargeZone,Maharashtra,Pune,"Sector 25, Pune",18.521377,73.879583,CCS2,30,7,16.35,11.0,Maintenance,Pune-Nagpur,1,True,False,False,3.9,80,Pune,ORIGINAL_UPLOAD
EV283,Akola EV Charging Station 283,Statiq,Maharashtra,Akola,"Sector 32, Akola",20.670307,76.996874,DC Fast,30,8,15.23,42.0,Busy,Pune-Nagpur,3,False,True,False,4.5,190,Other,ORIGINAL_UPLOAD
EV284,Solapur EV Charging Station 284,Statiq,Maharashtra,Solapur,"Sector 45, Solapur",17.632325,75.986059,CCS2,7,7,8.61,14.0,Busy,,,False,False,True,3.4,43,Pune,ORIGINAL_UPLOAD
EV285,Chhatrapati Sambhajinagar EV Charging Station 285,Tata Power,Maharashtra,Chhatrapati Sambhajinagar,"Sector 15, Chhatrapati Sambhajinagar",19.841583,75.289195,CCS2,120,8,8.37,10.0,Maintenance,Pune-Nagpur,2,False,False,False,3.8,103,Chhatrapati Sambhajinagar,ORIGINAL_UPLOAD
EV286,Akola EV Charging Station 286,Statiq,Maharashtra,Akola,"Sector 43, Akola",20.680921,77.025516,CCS2,120,3,10.99,29.0,Available,Pune-Nagpur,3,False,True,True,3.1,202,Other,ORIGINAL_UPLOAD
EV287,Kolhapur EV Charging Station 287,Tata Power,Maharashtra,Kolhapur,"Sector 8, Kolhapur",16.775203,74.27671,DC Fast,7,8,9.08,39.0,Busy,,,True,True,False,4.3,151,Pune,ORIGINAL_UPLOAD
EV288,Mumbai EV Charging Station 288,Tata Power,Maharashtra,Mumbai,"Sector 26, Mumbai",19.063008,72.838542,CCS2,7,2,10.37,43.0,Busy,,,False,False,True,3.6,216,Other,ORIGINAL_UPLOAD
EV289,Pune EV Charging Station 289,Ather Grid,Maharashtra,Pune,"Sector 17, Pune",18.45751,73.817533,CCS2,60,1,9.83,30.0,Busy,Pune-Nagpur,1,False,False,True,5.0,53,Pune,ORIGINAL_UPLOAD
EV290,Chhatrapati Sambhajinagar EV Charging Station 290,Jio-bp,Maharashtra,Chhatrapati Sambhajinagar,"Sector 26, Chhatrapati Sambhajinagar",19.913396,75.36626,Type 2,30,3,8.3,3.0,Busy,Pune-Nagpur,2,False,False,True,4.0,225,Chhatrapati Sambhajinagar,ORIGINAL_UPLOAD
EV291,Chandrapur EV Charging Station 291,Jio-bp,Maharashtra,Chandrapur,"Sector 27, Chandrapur",19.90016,79.362568,Type 2,60,8,14.83,34.0,Available,,,False,False,True,4.5,210,Other,ORIGINAL_UPLOAD
EV292,Kolhapur EV Charging Station 292,Tata Power,Maharashtra,Kolhapur,"Sector 14, Kolhapur",16.696331,74.321641,AC,22,7,8.04,5.0,Available,,,True,True,True,4.5,175,Pune,ORIGINAL_UPLOAD
EV293,Chandrapur EV Charging Station 293,Jio-bp,Maharashtra,Chandrapur,"Sector 39, Chandrapur",19.891754,79.255139,Type 2,60,8,17.5,33.0,Available,,,True,False,False,3.1,97,Other,ORIGINAL_UPLOAD
EV294,Kolhapur EV Charging Station 294,Tata Power,Maharashtra,Kolhapur,"Sector 49, Kolhapur",16.769198,74.181579,DC Fast,22,6,16.08,21.0,Maintenance,,,True,True,True,4.8,36,Pune,ORIGINAL_UPLOAD
EV295,Kolhapur EV Charging Station 295,Statiq,Maharashtra,Kolhapur,"Sector 37, Kolhapur",16.689146,74.197257,CCS2,7,2,16.34,36.0,Maintenance,,,False,True,True,4.0,121,Pune,ORIGINAL_UPLOAD
EV296,Chhatrapati Sambhajinagar EV Charging Station 296,Ather Grid,Maharashtra,Chhatrapati Sambhajinagar,"Sector 5, Chhatrapati Sambhajinagar",19.95497,75.292107,CCS2,7,5,10.83,29.0,Busy,Pune-Nagpur,2,True,False,True,3.7,147,Chhatrapati Sambhajinagar,ORIGINAL_UPLOAD
EV297,Chandrapur EV Charging Station 297,Tata Power,Maharashtra,Chandrapur,"Sector 39, Chandrapur",19.927885,79.374887,DC Fast,120,6,9.78,39.0,Available,,,True,True,True,4.3,156,Other,ORIGINAL_UPLOAD
EV298,Mumbai EV Charging Station 298,Statiq,Maharashtra,Mumbai,"Sector 19, Mumbai",19.137255,72.864607,AC,7,6,10.44,13.0,Available,,,False,False,True,4.4,21,Other,ORIGINAL_UPLOAD
EV299,Solapur EV Charging Station 299,Jio-bp,Maharashtra,Solapur,"Sector 46, Solapur",17.601227,75.941134,Type 2,120,2,15.44,9.0,Busy,,,True,False,True,4.7,195,Pune,ORIGINAL_UPLOAD
EV300,Solapur EV Charging Station 300,Ather Grid,Maharashtra,Solapur,"Sector 43, Solapur",17.585027,75.934861,AC,22,2,14.54,39.0,Maintenance,,,True,False,False,3.2,170,Pune,ORIGINAL_UPLOAD
EV301,Electric vehicle charging station,unknown,Maharashtra,Pune,"ubale nagar,wagholi,pune",18.5649923158978,73.95460151591247,Ev charging,,,,,availabe,,,True,False,True,3.5,203,Pune,ORIGINAL_UPLOAD
EV302,tata power charging station,Tata Power,Maharashtra,pune,wagholi ,18.57430827674112,73.95915052222337,Ev charging,,,,,available,,,False,False,False,3.9,34,Pune,ORIGINAL_UPLOAD
EV303,Electric vehicle charging station,unknown,Maharashtra,pune,wagholi,18.58030412960308,73.97492847571982,CCS2,120,2,,,available,,,True,True,False,4.9,53,Pune,ORIGINAL_UPLOAD
EV0304,Pune EV Charging Station 304,Ather Grid,Maharashtra,Pune,"MIDC Area 1, Pune",18.50262,73.827053,AC,15,2,13.78,23.0,Busy,,,True,True,False,4.2,88,Pune,SYNTHETIC_ADDED
EV0305,Pimpri-Chinchwad EV Charging Station 305,Zeon Charging,Maharashtra,Pimpri-Chinchwad,"Sector 4, Pimpri-Chinchwad",18.623603,73.804072,CHAdeMO,22,3,13.02,10.0,Maintenance,,,True,False,False,4.8,22,Pune,SYNTHETIC_ADDED
EV0306,Hinjawadi EV Charging Station 306,Statiq,Maharashtra,Hinjawadi,"Market Yard 23, Hinjawadi",18.609483,73.726997,AC,90,1,16.4,40.0,Busy,,,False,True,False,4.5,66,Pune,SYNTHETIC_ADDED
EV0307,Wakad EV Charging Station 307,Jio-bp,Maharashtra,Wakad,"Sector 5, Wakad",18.581325,73.757169,AC,22,4,9.04,33.0,Available,,,True,False,False,4.3,40,Pune,SYNTHETIC_ADDED
EV0308,Hadapsar EV Charging Station 308,Statiq,Maharashtra,Hadapsar,"Station Rd 10, Hadapsar",18.481366,73.929741,DC Fast,15,7,16.29,35.0,Maintenance,,,False,False,False,4.5,242,Pune,SYNTHETIC_ADDED
EV0309,Baner EV Charging Station 309,Statiq,Maharashtra,Baner,"Station Rd 13, Baner",18.555807,73.783101,CCS2,150,8,11.56,39.0,Busy,,,True,True,True,3.5,177,Pune,SYNTHETIC_ADDED
EV0310,Chakan EV Charging Station 310,Magenta ChargeGrid,Maharashtra,Chakan,"Sector 25, Chakan",18.737003,73.860118,CCS2,7,3,9.57,20.0,Maintenance,,,False,False,False,4.2,168,Pune,SYNTHETIC_ADDED
EV0311,Talegaon EV Charging Station 311,Tata Power,Maharashtra,Talegaon,"Sector 27, Talegaon",18.713971,73.696624,Type 2,22,8,12.24,10.0,Maintenance,,,True,False,True,3.4,55,Pune,SYNTHETIC_ADDED
EV0312,Lonavala EV Charging Station 312,MSEDCL Public Charging,Maharashtra,Lonavala,"Highway Rd 12, Lonavala",18.778392,73.3927,Type 2,60,8,11.21,16.0,Maintenance,,,True,True,True,3.3,200,Pune,SYNTHETIC_ADDED
EV0313,Saswad EV Charging Station 313,Kazam,Maharashtra,Saswad,"Market Yard 17, Saswad",18.368084,74.034981,Type 2,60,2,18.49,3.0,Maintenance,,,False,False,True,4.4,58,Pune,SYNTHETIC_ADDED
EV0314,Baramati EV Charging Station 314,Kazam,Maharashtra,Baramati,"Sector 15, Baramati",18.180977,74.589287,DC Fast,60,7,21.38,36.0,Available,,,True,False,False,3.1,233,Pune,SYNTHETIC_ADDED
EV0315,Daund EV Charging Station 315,ChargeZone,Maharashtra,Daund,"Station Rd 14, Daund",18.452283,74.582466,CHAdeMO,90,1,18.21,14.0,Available,,,False,False,True,3.7,169,Pune,SYNTHETIC_ADDED
EV0316,Junnar EV Charging Station 316,Statiq,Maharashtra,Junnar,"Station Rd 19, Junnar",19.190936,73.884787,CCS2,7,6,12.45,33.0,Busy,,,True,True,True,4.0,5,Pune,SYNTHETIC_ADDED
EV0317,Satara EV Charging Station 317,Statiq,Maharashtra,Satara,"Highway Rd 1, Satara",17.700208,73.997817,Type 2,22,8,9.75,40.0,Available,,,True,False,False,3.4,39,Pune,SYNTHETIC_ADDED
EV0318,Karad EV Charging Station 318,Magenta ChargeGrid,Maharashtra,Karad,"Station Rd 6, Karad",17.293083,74.188308,AC,30,3,20.25,2.0,Available,,,True,True,False,3.6,70,Pune,SYNTHETIC_ADDED
EV0319,Phaltan EV Charging Station 319,Jio-bp,Maharashtra,Phaltan,"MIDC Area 17, Phaltan",17.960241,74.436555,Type 2,120,4,15.24,32.0,Maintenance,,,True,False,True,4.4,108,Pune,SYNTHETIC_ADDED
EV0320,Wai EV Charging Station 320,Magenta ChargeGrid,Maharashtra,Wai,"MIDC Area 4, Wai",17.975761,73.908678,CCS2,120,7,18.19,29.0,Available,,,True,False,True,3.1,196,Pune,SYNTHETIC_ADDED
EV0321,Mahabaleshwar EV Charging Station 321,ChargeZone,Maharashtra,Mahabaleshwar,"MIDC Area 3, Mahabaleshwar",17.954176,73.673211,CCS2,60,7,17.41,33.0,Busy,,,False,True,True,4.8,170,Pune,SYNTHETIC_ADDED
EV0322,Sangli EV Charging Station 322,Ather Grid,Maharashtra,Sangli,"Station Rd 27, Sangli",16.836567,74.596133,DC Fast,30,7,12.77,15.0,Busy,,,False,True,True,4.0,188,Pune,SYNTHETIC_ADDED
EV0323,Miraj EV Charging Station 323,ChargeZone,Maharashtra,Miraj,"Sector 4, Miraj",16.857342,74.62403,Type 2,120,2,15.85,10.0,Available,,,True,False,True,3.5,183,Pune,SYNTHETIC_ADDED
EV0324,Islampur EV Charging Station 324,Statiq,Maharashtra,Islampur,"Market Yard 29, Islampur",17.02851,74.221724,Type 2,7,2,18.08,4.0,Maintenance,,,False,False,False,3.9,131,Pune,SYNTHETIC_ADDED
EV0325,Vita EV Charging Station 325,Jio-bp,Maharashtra,Vita,"Sector 5, Vita",17.462675,74.526331,Type 2,30,2,8.94,40.0,Available,,,True,False,True,4.1,143,Pune,SYNTHETIC_ADDED
EV0326,Kolhapur EV Charging Station 326,Statiq,Maharashtra,Kolhapur,"Highway Rd 20, Kolhapur",16.694148,74.238726,DC Fast,60,5,9.13,23.0,Busy,,,False,False,True,3.7,165,Pune,SYNTHETIC_ADDED
EV0327,Ichalkaranji EV Charging Station 327,MSEDCL Public Charging,Maharashtra,Ichalkaranji,"Market Yard 7, Ichalkaranji",16.693017,74.435898,CCS2,30,2,15.97,18.0,Available,,,True,False,True,3.0,246,Pune,SYNTHETIC_ADDED
EV0328,Gadhinglaj EV Charging Station 328,Ather Grid,Maharashtra,Gadhinglaj,"MIDC Area 16, Gadhinglaj",16.224168,74.325741,AC,90,5,16.01,10.0,Busy,,,True,False,False,3.7,91,Pune,SYNTHETIC_ADDED
EV0329,Kagal EV Charging Station 329,Magenta ChargeGrid,Maharashtra,Kagal,"Station Rd 29, Kagal",16.582718,74.346167,CCS2,90,6,9.74,25.0,Maintenance,,,False,False,True,3.8,116,Pune,SYNTHETIC_ADDED
EV0330,Solapur EV Charging Station 330,Ather Grid,Maharashtra,Solapur,"Highway Rd 19, Solapur",17.655584,75.909096,AC,30,8,10.15,38.0,Maintenance,,,True,True,False,4.3,119,Pune,SYNTHETIC_ADDED
EV0331,Pandharpur EV Charging Station 331,Ather Grid,Maharashtra,Pandharpur,"MIDC Area 17, Pandharpur",17.688926,75.346119,AC,150,5,16.03,8.0,Busy,,,True,False,False,4.4,153,Pune,SYNTHETIC_ADDED
EV0332,Barshi EV Charging Station 332,Ather Grid,Maharashtra,Barshi,"Sector 6, Barshi",18.25392,75.662576,Type 2,90,6,10.59,20.0,Available,,,False,True,True,3.4,205,Pune,SYNTHETIC_ADDED
EV0333,Akkalkot EV Charging Station 333,ChargeZone,Maharashtra,Akkalkot,"Station Rd 15, Akkalkot",17.54573,76.234393,AC,60,4,9.92,6.0,Busy,,,True,False,False,3.5,221,Pune,SYNTHETIC_ADDED
EV0334,Nashik EV Charging Station 334,ChargeZone,Maharashtra,Nashik,"Station Rd 23, Nashik",20.009106,73.789829,AC,7,3,11.84,25.0,Available,,,False,False,True,4.3,119,Nashik,SYNTHETIC_ADDED
EV0335,Ozar EV Charging Station 335,Jio-bp,Maharashtra,Ozar,"Station Rd 8, Ozar",20.100414,73.930033,Type 2,15,8,14.12,16.0,Maintenance,,,False,False,False,4.7,201,Nashik,SYNTHETIC_ADDED
EV0336,Igatpuri EV Charging Station 336,MSEDCL Public Charging,Maharashtra,Igatpuri,"Sector 2, Igatpuri",19.681704,73.557615,CCS2,120,3,20.13,20.0,Available,,,True,True,False,4.2,152,Nashik,SYNTHETIC_ADDED
EV0337,Sinnar EV Charging Station 337,Zeon Charging,Maharashtra,Sinnar,"Highway Rd 14, Sinnar",19.87708,73.965289,CCS2,150,4,17.82,32.0,Available,,,False,False,False,4.5,91,Nashik,SYNTHETIC_ADDED
EV0338,Malegaon EV Charging Station 338,Tata Power,Maharashtra,Malegaon,"Sector 3, Malegaon",20.538928,74.529628,CHAdeMO,90,1,11.78,24.0,Busy,,,True,False,False,4.0,45,Nashik,SYNTHETIC_ADDED
EV0339,Manmad EV Charging Station 339,Jio-bp,Maharashtra,Manmad,"MIDC Area 5, Manmad",20.241128,74.419209,DC Fast,120,4,21.42,25.0,Busy,,,False,True,False,3.0,72,Nashik,SYNTHETIC_ADDED
EV0340,Dhule EV Charging Station 340,Jio-bp,Maharashtra,Dhule,"Station Rd 12, Dhule",20.88579,74.783432,Type 2,90,7,14.59,18.0,Maintenance,,,False,True,False,3.7,87,Nashik,SYNTHETIC_ADDED
EV0341,Shirpur EV Charging Station 341,Ather Grid,Maharashtra,Shirpur,"Station Rd 20, Shirpur",21.361247,74.908973,AC,7,5,13.15,19.0,Busy,,,False,False,True,3.6,249,Nashik,SYNTHETIC_ADDED
EV0342,Nandurbar EV Charging Station 342,Statiq,Maharashtra,Nandurbar,"Sector 7, Nandurbar",21.392424,74.271267,CCS2,90,3,15.4,22.0,Maintenance,,,False,False,True,3.1,50,Nashik,SYNTHETIC_ADDED
EV0343,Shahada EV Charging Station 343,Jio-bp,Maharashtra,Shahada,"Market Yard 29, Shahada",21.526091,74.445264,Type 2,150,6,18.7,13.0,Busy,,,False,False,True,3.4,5,Nashik,SYNTHETIC_ADDED
EV0344,Jalgaon EV Charging Station 344,ChargeZone,Maharashtra,Jalgaon,"Market Yard 4, Jalgaon",21.031799,75.56551,Type 2,150,4,15.4,28.0,Maintenance,,,True,True,True,4.2,219,Nashik,SYNTHETIC_ADDED
EV0345,Bhusawal EV Charging Station 345,MSEDCL Public Charging,Maharashtra,Bhusawal,"MIDC Area 27, Bhusawal",21.043985,75.758807,Type 2,150,4,14.98,34.0,Maintenance,,,True,False,True,3.3,144,Nashik,SYNTHETIC_ADDED
EV0346,Chalisgaon EV Charging Station 346,Kazam,Maharashtra,Chalisgaon,"Sector 20, Chalisgaon",20.454509,75.014646,AC,15,3,16.78,40.0,Maintenance,,,True,False,False,3.2,139,Nashik,SYNTHETIC_ADDED
EV0347,Amalner EV Charging Station 347,MSEDCL Public Charging,Maharashtra,Amalner,"Highway Rd 4, Amalner",21.051816,75.025639,AC,22,1,11.27,26.0,Maintenance,,,False,False,True,4.3,163,Nashik,SYNTHETIC_ADDED
EV0348,Ahmednagar EV Charging Station 348,Jio-bp,Maharashtra,Ahmednagar,"Highway Rd 27, Ahmednagar",19.096332,74.764234,DC Fast,120,6,13.99,35.0,Available,,,False,False,False,3.8,197,Nashik,SYNTHETIC_ADDED
EV0349,Shirdi EV Charging Station 349,Jio-bp,Maharashtra,Shirdi,"Sector 13, Shirdi",19.786878,74.467689,AC,15,6,11.0,19.0,Available,,,False,False,True,3.2,182,Nashik,SYNTHETIC_ADDED
EV0350,Sangamner EV Charging Station 350,Statiq,Maharashtra,Sangamner,"Station Rd 20, Sangamner",19.539682,74.204724,CCS2,30,8,16.41,3.0,Maintenance,,,True,False,False,4.4,140,Nashik,SYNTHETIC_ADDED
EV0351,Kopargaon EV Charging Station 351,Statiq,Maharashtra,Kopargaon,"Sector 12, Kopargaon",19.905879,74.45828,AC,22,2,17.13,2.0,Busy,,,False,True,True,3.0,202,Nashik,SYNTHETIC_ADDED
EV0352,Shrirampur EV Charging Station 352,Ather Grid,Maharashtra,Shrirampur,"Station Rd 19, Shrirampur",19.629308,74.688447,AC,7,6,8.77,36.0,Maintenance,,,False,False,False,3.5,156,Nashik,SYNTHETIC_ADDED
EV0353,Chhatrapati Sambhajinagar EV Charging Station 353,Kazam,Maharashtra,Chhatrapati Sambhajinagar,"Station Rd 25, Chhatrapati Sambhajinagar",19.871464,75.355043,AC,15,1,17.34,38.0,Maintenance,,,True,True,False,4.1,65,Chhatrapati Sambhajinagar,SYNTHETIC_ADDED
EV0354,Paithan EV Charging Station 354,Statiq,Maharashtra,Paithan,"Sector 5, Paithan",19.460537,75.361306,AC,7,1,17.39,7.0,Available,,,False,True,False,3.4,150,Chhatrapati Sambhajinagar,SYNTHETIC_ADDED
EV0355,Vaijapur EV Charging Station 355,Statiq,Maharashtra,Vaijapur,"Highway Rd 30, Vaijapur",19.913747,74.747952,DC Fast,22,2,12.31,35.0,Maintenance,,,False,False,True,4.6,240,Chhatrapati Sambhajinagar,SYNTHETIC_ADDED
EV0356,Kannad EV Charging Station 356,Tata Power,Maharashtra,Kannad,"Highway Rd 12, Kannad",20.237584,75.142342,AC,60,5,17.98,10.0,Busy,,,False,False,True,4.0,172,Chhatrapati Sambhajinagar,SYNTHETIC_ADDED
EV0357,Jalna EV Charging Station 357,Tata Power,Maharashtra,Jalna,"Highway Rd 2, Jalna",19.820988,75.914381,DC Fast,22,7,14.7,28.0,Busy,,,False,False,False,4.6,105,Chhatrapati Sambhajinagar,SYNTHETIC_ADDED
EV0358,Ambad EV Charging Station 358,Statiq,Maharashtra,Ambad,"Station Rd 20, Ambad",19.622694,75.805473,Type 2,60,7,21.19,15.0,Busy,,,False,True,True,3.6,84,Chhatrapati Sambhajinagar,SYNTHETIC_ADDED
EV0359,Parbhani EV Charging Station 359,ChargeZone,Maharashtra,Parbhani,"Highway Rd 28, Parbhani",19.272113,76.762692,AC,22,1,12.25,9.0,Maintenance,,,False,False,False,4.6,178,Chhatrapati Sambhajinagar,SYNTHETIC_ADDED
EV0360,Gangakhed EV Charging Station 360,Magenta ChargeGrid,Maharashtra,Gangakhed,"Station Rd 15, Gangakhed",18.966699,76.752073,CHAdeMO,150,7,11.11,14.0,Busy,,,False,False,False,3.7,203,Chhatrapati Sambhajinagar,SYNTHETIC_ADDED
EV0361,Hingoli EV Charging Station 361,Magenta ChargeGrid,Maharashtra,Hingoli,"Highway Rd 16, Hingoli",19.688162,77.142798,CCS2,90,2,11.53,37.0,Maintenance,,,False,True,True,3.8,150,Chhatrapati Sambhajinagar,SYNTHETIC_ADDED
EV0362,Kalamnuri EV Charging Station 362,ChargeZone,Maharashtra,Kalamnuri,"Station Rd 12, Kalamnuri",19.875531,77.351652,DC Fast,90,7,18.64,9.0,Available,,,False,False,True,4.0,231,Chhatrapati Sambhajinagar,SYNTHETIC_ADDED
EV0363,Beed EV Charging Station 363,Statiq,Maharashtra,Beed,"Market Yard 7, Beed",18.964004,75.749047,DC Fast,60,1,9.72,13.0,Maintenance,,,True,False,True,3.8,209,Chhatrapati Sambhajinagar,SYNTHETIC_ADDED
EV0364,Georai EV Charging Station 364,Ather Grid,Maharashtra,Georai,"Sector 2, Georai",19.29349,75.766035,DC Fast,7,6,11.11,11.0,Busy,,,True,False,False,4.2,49,Chhatrapati Sambhajinagar,SYNTHETIC_ADDED
EV0365,Ambajogai EV Charging Station 365,Tata Power,Maharashtra,Ambajogai,"MIDC Area 21, Ambajogai",18.73251,76.404036,CHAdeMO,120,2,17.68,5.0,Busy,,,True,False,True,3.1,166,Chhatrapati Sambhajinagar,SYNTHETIC_ADDED
EV0366,Nanded EV Charging Station 366,Zeon Charging,Maharashtra,Nanded,"Market Yard 29, Nanded",19.11926,77.341982,Type 2,30,3,9.0,16.0,Busy,,,True,False,True,3.2,249,Chhatrapati Sambhajinagar,SYNTHETIC_ADDED
EV0367,Deglur EV Charging Station 367,MSEDCL Public Charging,Maharashtra,Deglur,"Market Yard 15, Deglur",18.5341,77.581074,CCS2,15,3,12.63,0.0,Available,,,False,True,True,3.5,123,Chhatrapati Sambhajinagar,SYNTHETIC_ADDED
EV0368,Kandhar EV Charging Station 368,MSEDCL Public Charging,Maharashtra,Kandhar,"Station Rd 23, Kandhar",18.835421,77.127449,AC,22,8,11.6,9.0,Maintenance,,,False,False,True,4.4,138,Chhatrapati Sambhajinagar,SYNTHETIC_ADDED
EV0369,Latur EV Charging Station 369,Zeon Charging,Maharashtra,Latur,"Station Rd 11, Latur",18.42877,76.535067,Type 2,150,2,20.54,24.0,Available,,,True,True,True,4.6,77,Chhatrapati Sambhajinagar,SYNTHETIC_ADDED
EV0370,Udgir EV Charging Station 370,Statiq,Maharashtra,Udgir,"MIDC Area 5, Udgir",18.385062,77.108019,Type 2,150,3,14.21,9.0,Busy,,,True,False,True,3.7,172,Chhatrapati Sambhajinagar,SYNTHETIC_ADDED
EV0371,Ausa EV Charging Station 371,Tata Power,Maharashtra,Ausa,"Market Yard 16, Ausa",18.268249,76.48564,DC Fast,150,8,9.98,32.0,Available,,,False,True,False,4.0,70,Chhatrapati Sambhajinagar,SYNTHETIC_ADDED
EV0372,Osmanabad EV Charging Station 372,ChargeZone,Maharashtra,Osmanabad,"Highway Rd 5, Osmanabad",18.214242,76.037824,Type 2,30,2,13.57,26.0,Available,,,False,True,False,3.8,208,Chhatrapati Sambhajinagar,SYNTHETIC_ADDED
EV0373,Tuljapur EV Charging Station 373,Statiq,Maharashtra,Tuljapur,"Highway Rd 19, Tuljapur",17.998754,76.063409,CHAdeMO,60,3,13.18,2.0,Busy,,,True,False,True,3.6,32,Chhatrapati Sambhajinagar,SYNTHETIC_ADDED
EV0374,Pune EV Charging Station 374,Tata Power,Maharashtra,Pune,"Market Yard 10, Pune",18.504225,73.837238,CCS2,150,5,10.78,8.0,Maintenance,,,True,True,False,3.6,26,Pune,SYNTHETIC_ADDED
EV0375,Pimpri-Chinchwad EV Charging Station 375,Statiq,Maharashtra,Pimpri-Chinchwad,"Sector 14, Pimpri-Chinchwad",18.624287,73.812999,CHAdeMO,90,6,12.16,40.0,Busy,,,False,False,False,4.0,213,Pune,SYNTHETIC_ADDED
EV0376,Hinjawadi EV Charging Station 376,Zeon Charging,Maharashtra,Hinjawadi,"Market Yard 3, Hinjawadi",18.577176,73.720063,CCS2,22,6,15.97,0.0,Busy,,,True,False,False,4.6,195,Pune,SYNTHETIC_ADDED
EV0377,Wakad EV Charging Station 377,Kazam,Maharashtra,Wakad,"Market Yard 26, Wakad",18.619928,73.752159,CHAdeMO,7,5,19.85,31.0,Busy,,,False,True,False,4.4,82,Pune,SYNTHETIC_ADDED
EV0378,Hadapsar EV Charging Station 378,Tata Power,Maharashtra,Hadapsar,"Market Yard 21, Hadapsar",18.492322,73.906944,DC Fast,60,1,8.75,12.0,Busy,,,False,False,False,3.6,31,Pune,SYNTHETIC_ADDED
EV0379,Baner EV Charging Station 379,Ather Grid,Maharashtra,Baner,"Sector 4, Baner",18.535172,73.808972,CCS2,60,2,14.54,37.0,Maintenance,,,True,True,False,3.5,176,Pune,SYNTHETIC_ADDED
EV0380,Chakan EV Charging Station 380,MSEDCL Public Charging,Maharashtra,Chakan,"Market Yard 17, Chakan",18.783165,73.842433,AC,22,1,20.69,24.0,Maintenance,,,True,False,True,3.9,62,Pune,SYNTHETIC_ADDED
EV0381,Talegaon EV Charging Station 381,Zeon Charging,Maharashtra,Talegaon,"Highway Rd 8, Talegaon",18.727595,73.669242,AC,90,7,19.52,3.0,Busy,,,False,False,True,3.1,193,Pune,SYNTHETIC_ADDED
EV0382,Lonavala EV Charging Station 382,Zeon Charging,Maharashtra,Lonavala,"Sector 26, Lonavala",18.731142,73.38745,AC,30,1,11.43,26.0,Busy,,,False,False,True,4.7,111,Pune,SYNTHETIC_ADDED
EV0383,Saswad EV Charging Station 383,ChargeZone,Maharashtra,Saswad,"Sector 10, Saswad",18.363836,74.031456,CHAdeMO,7,2,11.76,33.0,Available,,,True,False,True,4.0,30,Pune,SYNTHETIC_ADDED
EV0384,Baramati EV Charging Station 384,Magenta ChargeGrid,Maharashtra,Baramati,"Market Yard 5, Baramati",18.12502,74.609045,DC Fast,15,8,16.17,9.0,Busy,,,False,False,False,4.3,124,Pune,SYNTHETIC_ADDED
EV0385,Daund EV Charging Station 385,Magenta ChargeGrid,Maharashtra,Daund,"Market Yard 10, Daund",18.450947,74.595656,DC Fast,150,4,16.95,12.0,Maintenance,,,False,False,True,3.4,229,Pune,SYNTHETIC_ADDED
EV0386,Junnar EV Charging Station 386,Magenta ChargeGrid,Maharashtra,Junnar,"Highway Rd 18, Junnar",19.191835,73.858895,CHAdeMO,120,7,8.65,22.0,Available,,,True,True,False,3.7,53,Pune,SYNTHETIC_ADDED
EV0387,Satara EV Charging Station 387,Statiq,Maharashtra,Satara,"Highway Rd 24, Satara",17.663468,73.991714,Type 2,15,6,14.22,3.0,Maintenance,,,False,False,False,3.1,163,Pune,SYNTHETIC_ADDED
EV0388,Karad EV Charging Station 388,Kazam,Maharashtra,Karad,"Sector 24, Karad",17.29806,74.209637,DC Fast,90,3,17.28,39.0,Maintenance,,,False,False,False,3.6,87,Pune,SYNTHETIC_ADDED
EV0389,Phaltan EV Charging Station 389,Ather Grid,Maharashtra,Phaltan,"Station Rd 13, Phaltan",17.975621,74.44134,AC,15,1,13.84,35.0,Maintenance,,,False,False,True,3.9,200,Pune,SYNTHETIC_ADDED
EV0390,Wai EV Charging Station 390,Tata Power,Maharashtra,Wai,"Market Yard 18, Wai",17.969421,73.914066,AC,150,8,12.24,22.0,Busy,,,False,False,True,4.8,111,Pune,SYNTHETIC_ADDED
EV0391,Mahabaleshwar EV Charging Station 391,Kazam,Maharashtra,Mahabaleshwar,"MIDC Area 3, Mahabaleshwar",17.945447,73.677084,AC,60,3,15.48,9.0,Busy,,,False,False,False,4.0,44,Pune,SYNTHETIC_ADDED
EV0392,Sangli EV Charging Station 392,Zeon Charging,Maharashtra,Sangli,"Market Yard 25, Sangli",16.858885,74.566059,Type 2,120,1,8.83,16.0,Maintenance,,,True,False,True,3.1,57,Pune,SYNTHETIC_ADDED
EV0393,Miraj EV Charging Station 393,Kazam,Maharashtra,Miraj,"Sector 17, Miraj",16.849541,74.653627,AC,150,6,9.03,22.0,Busy,,,True,False,True,3.3,249,Pune,SYNTHETIC_ADDED
EV0394,Islampur EV Charging Station 394,Ather Grid,Maharashtra,Islampur,"Market Yard 24, Islampur",17.058912,74.275705,Type 2,120,8,13.72,39.0,Maintenance,,,False,True,True,3.7,173,Pune,SYNTHETIC_ADDED
EV0395,Vita EV Charging Station 395,Magenta ChargeGrid,Maharashtra,Vita,"Market Yard 10, Vita",17.478706,74.552862,Type 2,15,5,17.47,32.0,Busy,,,False,True,False,4.5,220,Pune,SYNTHETIC_ADDED
EV0396,Kolhapur EV Charging Station 396,Tata Power,Maharashtra,Kolhapur,"Highway Rd 13, Kolhapur",16.699736,74.21691,DC Fast,7,7,8.64,0.0,Busy,,,False,False,False,4.3,118,Pune,SYNTHETIC_ADDED
EV0397,Ichalkaranji EV Charging Station 397,Magenta ChargeGrid,Maharashtra,Ichalkaranji,"MIDC Area 6, Ichalkaranji",16.673699,74.459872,CHAdeMO,60,3,15.97,26.0,Maintenance,,,False,False,True,3.5,93,Pune,SYNTHETIC_ADDED
EV0398,Gadhinglaj EV Charging Station 398,MSEDCL Public Charging,Maharashtra,Gadhinglaj,"MIDC Area 12, Gadhinglaj",16.207868,74.37687,AC,120,1,16.95,37.0,Busy,,,True,True,False,4.1,99,Pune,SYNTHETIC_ADDED
EV0399,Kagal EV Charging Station 399,Tata Power,Maharashtra,Kagal,"Station Rd 19, Kagal",16.60486,74.343562,DC Fast,30,8,16.61,1.0,Available,,,False,True,True,3.4,182,Pune,SYNTHETIC_ADDED
EV0400,Solapur EV Charging Station 400,Ather Grid,Maharashtra,Solapur,"Highway Rd 29, Solapur",17.644198,75.889774,CHAdeMO,22,6,8.58,29.0,Busy,,,False,False,True,4.2,215,Pune,SYNTHETIC_ADDED
EV0401,Pandharpur EV Charging Station 401,Jio-bp,Maharashtra,Pandharpur,"Sector 6, Pandharpur",17.672588,75.344708,AC,60,7,19.88,31.0,Available,,,True,False,True,3.4,97,Pune,SYNTHETIC_ADDED
EV0402,Barshi EV Charging Station 402,Zeon Charging,Maharashtra,Barshi,"Market Yard 8, Barshi",18.256238,75.677062,CCS2,90,7,12.87,4.0,Available,,,True,False,True,4.0,87,Pune,SYNTHETIC_ADDED
EV0403,Akkalkot EV Charging Station 403,Statiq,Maharashtra,Akkalkot,"MIDC Area 18, Akkalkot",17.512835,76.203448,DC Fast,22,4,17.68,5.0,Available,,,False,False,False,3.7,234,Pune,SYNTHETIC_ADDED
EV0404,Nashik EV Charging Station 404,Kazam,Maharashtra,Nashik,"Station Rd 22, Nashik",19.977053,73.780975,AC,30,5,20.86,32.0,Available,,,True,False,True,4.7,40,Nashik,SYNTHETIC_ADDED
EV0405,Ozar EV Charging Station 405,Zeon Charging,Maharashtra,Ozar,"Market Yard 3, Ozar",20.140677,73.921954,CHAdeMO,30,7,16.41,13.0,Available,,,False,True,False,3.6,195,Nashik,SYNTHETIC_ADDED
EV0406,Igatpuri EV Charging Station 406,Ather Grid,Maharashtra,Igatpuri,"Sector 3, Igatpuri",19.689789,73.571651,DC Fast,7,7,17.74,11.0,Available,,,False,False,True,4.5,176,Nashik,SYNTHETIC_ADDED
EV0407,Sinnar EV Charging Station 407,ChargeZone,Maharashtra,Sinnar,"Station Rd 25, Sinnar",19.837818,73.957255,CCS2,30,5,10.14,25.0,Busy,,,False,False,False,4.5,23,Nashik,SYNTHETIC_ADDED
EV0408,Malegaon EV Charging Station 408,Zeon Charging,Maharashtra,Malegaon,"Sector 6, Malegaon",20.584104,74.509384,DC Fast,120,1,17.07,29.0,Available,,,True,True,False,4.8,65,Nashik,SYNTHETIC_ADDED
EV0409,Manmad EV Charging Station 409,Kazam,Maharashtra,Manmad,"Sector 18, Manmad",20.233152,74.443945,CCS2,22,7,11.08,19.0,Available,,,True,False,True,4.4,80,Nashik,SYNTHETIC_ADDED
EV0410,Dhule EV Charging Station 410,Magenta ChargeGrid,Maharashtra,Dhule,"Market Yard 20, Dhule",20.924568,74.77911,DC Fast,120,6,20.66,7.0,Maintenance,,,False,False,False,3.7,100,Nashik,SYNTHETIC_ADDED
EV0411,Shirpur EV Charging Station 411,Zeon Charging,Maharashtra,Shirpur,"Sector 12, Shirpur",21.322228,74.869113,CCS2,120,7,21.48,39.0,Available,,,False,False,False,4.6,203,Nashik,SYNTHETIC_ADDED
EV0412,Nandurbar EV Charging Station 412,MSEDCL Public Charging,Maharashtra,Nandurbar,"Sector 23, Nandurbar",21.378197,74.264317,CHAdeMO,7,4,14.07,32.0,Available,,,False,False,True,3.3,104,Nashik,SYNTHETIC_ADDED
EV0413,Shahada EV Charging Station 413,Jio-bp,Maharashtra,Shahada,"Sector 7, Shahada",21.529822,74.483552,CHAdeMO,60,4,21.03,10.0,Busy,,,False,True,False,3.1,150,Nashik,SYNTHETIC_ADDED
EV0414,Jalgaon EV Charging Station 414,Jio-bp,Maharashtra,Jalgaon,"MIDC Area 19, Jalgaon",21.006887,75.561567,CCS2,150,3,20.67,22.0,Maintenance,,,False,False,False,3.5,71,Nashik,SYNTHETIC_ADDED
EV0415,Bhusawal EV Charging Station 415,Ather Grid,Maharashtra,Bhusawal,"Highway Rd 16, Bhusawal",21.047296,75.800931,Type 2,150,7,19.31,7.0,Maintenance,,,True,True,True,3.4,159,Nashik,SYNTHETIC_ADDED
EV0416,Chalisgaon EV Charging Station 416,MSEDCL Public Charging,Maharashtra,Chalisgaon,"Market Yard 3, Chalisgaon",20.448527,75.028797,CCS2,22,6,14.29,36.0,Busy,,,True,False,False,4.5,62,Nashik,SYNTHETIC_ADDED
EV0417,Amalner EV Charging Station 417,Zeon Charging,Maharashtra,Amalner,"Market Yard 11, Amalner",21.032431,75.064837,CHAdeMO,60,2,16.89,27.0,Busy,,,True,False,False,4.6,226,Nashik,SYNTHETIC_ADDED
EV0418,Ahmednagar EV Charging Station 418,ChargeZone,Maharashtra,Ahmednagar,"Highway Rd 12, Ahmednagar",19.102465,74.774115,Type 2,15,3,18.22,1.0,Busy,,,True,False,False,3.0,56,Nashik,SYNTHETIC_ADDED
EV0419,Shirdi EV Charging Station 419,ChargeZone,Maharashtra,Shirdi,"Highway Rd 5, Shirdi",19.790102,74.457108,CHAdeMO,90,7,10.9,22.0,Busy,,,False,False,False,4.6,51,Nashik,SYNTHETIC_ADDED
EV0420,Sangamner EV Charging Station 420,Kazam,Maharashtra,Sangamner,"MIDC Area 23, Sangamner",19.551063,74.189175,CCS2,30,8,14.0,10.0,Busy,,,True,True,False,4.0,182,Nashik,SYNTHETIC_ADDED
EV0421,Kopargaon EV Charging Station 421,MSEDCL Public Charging,Maharashtra,Kopargaon,"MIDC Area 10, Kopargaon",19.877383,74.512042,AC,30,4,17.9,0.0,Available,,,True,True,False,4.3,57,Nashik,SYNTHETIC_ADDED
EV0422,Shrirampur EV Charging Station 422,Statiq,Maharashtra,Shrirampur,"MIDC Area 16, Shrirampur",19.640137,74.640463,Type 2,22,7,12.34,28.0,Maintenance,,,True,False,True,4.9,170,Nashik,SYNTHETIC_ADDED
EV0423,Chhatrapati Sambhajinagar EV Charging Station 423,Ather Grid,Maharashtra,Chhatrapati Sambhajinagar,"Market Yard 14, Chhatrapati Sambhajinagar",19.904478,75.367822,AC,15,1,17.9,21.0,Maintenance,Pune-Nagpur,2,False,False,False,4.8,100,Chhatrapati Sambhajinagar,SYNTHETIC_ADDED
EV0424,Paithan EV Charging Station 424,Statiq,Maharashtra,Paithan,"Market Yard 14, Paithan",19.465759,75.372805,Type 2,30,8,17.49,9.0,Maintenance,,,True,True,True,4.3,78,Chhatrapati Sambhajinagar,SYNTHETIC_ADDED
EV0425,Vaijapur EV Charging Station 425,Jio-bp,Maharashtra,Vaijapur,"MIDC Area 17, Vaijapur",19.902365,74.716935,CHAdeMO,15,4,19.71,16.0,Maintenance,,,False,False,True,4.5,135,Chhatrapati Sambhajinagar,SYNTHETIC_ADDED
EV0426,Kannad EV Charging Station 426,Tata Power,Maharashtra,Kannad,"Market Yard 23, Kannad",20.264189,75.135774,CHAdeMO,15,7,17.33,28.0,Available,,,False,False,False,3.8,38,Chhatrapati Sambhajinagar,SYNTHETIC_ADDED
EV0427,Jalna EV Charging Station 427,MSEDCL Public Charging,Maharashtra,Jalna,"Sector 13, Jalna",19.868623,75.887309,AC,22,4,15.82,5.0,Available,,,True,False,True,4.4,196,Chhatrapati Sambhajinagar,SYNTHETIC_ADDED
EV0428,Ambad EV Charging Station 428,ChargeZone,Maharashtra,Ambad,"Market Yard 4, Ambad",19.622358,75.766088,CCS2,22,7,20.31,5.0,Maintenance,,,False,False,True,3.2,119,Chhatrapati Sambhajinagar,SYNTHETIC_ADDED
EV0429,Parbhani EV Charging Station 429,Statiq,Maharashtra,Parbhani,"Market Yard 12, Parbhani",19.275526,76.763884,DC Fast,15,4,13.35,33.0,Busy,,,True,False,False,3.2,124,Chhatrapati Sambhajinagar,SYNTHETIC_ADDED
EV0430,Gangakhed EV Charging Station 430,Jio-bp,Maharashtra,Gangakhed,"Sector 16, Gangakhed",18.943478,76.775521,DC Fast,90,4,17.52,1.0,Maintenance,,,True,False,True,3.1,165,Chhatrapati Sambhajinagar,SYNTHETIC_ADDED
EV0431,Hingoli EV Charging Station 431,Kazam,Maharashtra,Hingoli,"Station Rd 17, Hingoli",19.720855,77.137102,Type 2,60,5,20.83,0.0,Available,,,False,True,False,3.7,48,Chhatrapati Sambhajinagar,SYNTHETIC_ADDED
EV0432,Kalamnuri EV Charging Station 432,Kazam,Maharashtra,Kalamnuri,"Highway Rd 11, Kalamnuri",19.874476,77.340525,AC,22,8,13.61,39.0,Maintenance,,,False,False,True,4.0,78,Chhatrapati Sambhajinagar,SYNTHETIC_ADDED
EV0433,Beed EV Charging Station 433,Zeon Charging,Maharashtra,Beed,"Highway Rd 19, Beed",18.996577,75.742783,AC,90,8,13.54,22.0,Busy,,,False,True,True,4.3,226,Chhatrapati Sambhajinagar,SYNTHETIC_ADDED
EV0434,Georai EV Charging Station 434,Ather Grid,Maharashtra,Georai,"Market Yard 17, Georai",19.289277,75.75652,Type 2,60,7,12.05,32.0,Busy,,,False,True,False,4.4,108,Chhatrapati Sambhajinagar,SYNTHETIC_ADDED
EV0435,Ambajogai EV Charging Station 435,Tata Power,Maharashtra,Ambajogai,"Sector 10, Ambajogai",18.758203,76.407458,Type 2,120,2,13.22,18.0,Available,,,False,False,True,4.5,246,Chhatrapati Sambhajinagar,SYNTHETIC_ADDED
EV0436,Nanded EV Charging Station 436,Magenta ChargeGrid,Maharashtra,Nanded,"MIDC Area 26, Nanded",19.159492,77.305712,AC,90,1,17.65,20.0,Busy,,,True,False,True,4.5,32,Chhatrapati Sambhajinagar,SYNTHETIC_ADDED
EV0437,Deglur EV Charging Station 437,MSEDCL Public Charging,Maharashtra,Deglur,"MIDC Area 10, Deglur",18.503734,77.588959,AC,150,7,15.89,19.0,Available,,,False,True,False,3.6,4,Chhatrapati Sambhajinagar,SYNTHETIC_ADDED
EV0438,Kandhar EV Charging Station 438,Tata Power,Maharashtra,Kandhar,"Station Rd 24, Kandhar",18.859532,77.177949,Type 2,15,3,12.46,22.0,Busy,,,False,True,True,4.4,216,Chhatrapati Sambhajinagar,SYNTHETIC_ADDED
EV0439,Latur EV Charging Station 439,ChargeZone,Maharashtra,Latur,"MIDC Area 2, Latur",18.432746,76.546952,CHAdeMO,7,3,16.64,15.0,Maintenance,,,True,True,False,4.6,227,Chhatrapati Sambhajinagar,SYNTHETIC_ADDED
EV0440,Udgir EV Charging Station 440,Jio-bp,Maharashtra,Udgir,"MIDC Area 1, Udgir",18.414944,77.126986,Type 2,7,3,16.31,5.0,Available,,,True,False,False,3.5,163,Chhatrapati Sambhajinagar,SYNTHETIC_ADDED
EV0441,Ausa EV Charging Station 441,Jio-bp,Maharashtra,Ausa,"Sector 28, Ausa",18.258394,76.525373,DC Fast,90,1,16.94,25.0,Maintenance,,,True,True,False,4.8,228,Chhatrapati Sambhajinagar,SYNTHETIC_ADDED
EV0442,Osmanabad EV Charging Station 442,Kazam,Maharashtra,Osmanabad,"Station Rd 20, Osmanabad",18.176071,76.041562,DC Fast,150,1,8.83,20.0,Maintenance,,,False,False,True,4.4,219,Chhatrapati Sambhajinagar,SYNTHETIC_ADDED
EV0443,Tuljapur EV Charging Station 443,Magenta ChargeGrid,Maharashtra,Tuljapur,"Market Yard 19, Tuljapur",17.979416,76.067629,CCS2,90,6,14.0,34.0,Maintenance,,,True,False,True,3.7,138,Chhatrapati Sambhajinagar,SYNTHETIC_ADDED
EV0444,Pune EV Charging Station 444,ChargeZone,Maharashtra,Pune,"Highway Rd 1, Pune",18.533086,73.872499,CHAdeMO,150,5,13.2,33.0,Busy,,,False,True,False,3.7,242,Pune,SYNTHETIC_ADDED
EV0445,Pimpri-Chinchwad EV Charging Station 445,Jio-bp,Maharashtra,Pimpri-Chinchwad,"MIDC Area 18, Pimpri-Chinchwad",18.658411,73.778736,AC,15,1,16.62,7.0,Available,,,False,True,False,4.3,55,Pune,SYNTHETIC_ADDED
EV0446,Hinjawadi EV Charging Station 446,Ather Grid,Maharashtra,Hinjawadi,"Highway Rd 29, Hinjawadi",18.605456,73.763071,CHAdeMO,7,6,18.62,15.0,Busy,,,False,False,True,4.3,212,Pune,SYNTHETIC_ADDED
EV0447,Wakad EV Charging Station 447,Statiq,Maharashtra,Wakad,"MIDC Area 1, Wakad",18.62221,73.739368,CCS2,120,6,9.28,36.0,Busy,,,True,True,True,3.2,206,Pune,SYNTHETIC_ADDED
EV0448,Hadapsar EV Charging Station 448,Kazam,Maharashtra,Hadapsar,"MIDC Area 27, Hadapsar",18.492783,73.908192,DC Fast,60,8,11.32,36.0,Available,,,True,True,True,4.6,3,Pune,SYNTHETIC_ADDED
EV0449,Baner EV Charging Station 449,Zeon Charging,Maharashtra,Baner,"Station Rd 6, Baner",18.581326,73.771784,CHAdeMO,150,4,16.03,13.0,Maintenance,,,False,True,False,4.9,14,Pune,SYNTHETIC_ADDED
EV0450,Chakan EV Charging Station 450,Ather Grid,Maharashtra,Chakan,"Station Rd 22, Chakan",18.772609,73.881901,CCS2,22,5,10.46,22.0,Available,,,True,False,False,3.3,91,Pune,SYNTHETIC_ADDED
EV0451,Talegaon EV Charging Station 451,Zeon Charging,Maharashtra,Talegaon,"Market Yard 20, Talegaon",18.745721,73.669001,CCS2,30,4,18.8,0.0,Available,,,True,False,True,4.4,132,Pune,SYNTHETIC_ADDED
EV0452,Lonavala EV Charging Station 452,Zeon Charging,Maharashtra,Lonavala,"MIDC Area 8, Lonavala",18.725796,73.435647,CCS2,15,2,20.94,8.0,Maintenance,,,False,True,False,3.1,208,Pune,SYNTHETIC_ADDED
EV0453,Saswad EV Charging Station 453,Zeon Charging,Maharashtra,Saswad,"Highway Rd 23, Saswad",18.341944,74.000942,AC,15,6,21.12,14.0,Maintenance,,,True,True,True,3.1,86,Pune,SYNTHETIC_ADDED
EV0454,Baramati EV Charging Station 454,Kazam,Maharashtra,Baramati,"Highway Rd 18, Baramati",18.123992,74.582025,CHAdeMO,90,5,8.64,2.0,Maintenance,,,True,False,False,4.1,144,Pune,SYNTHETIC_ADDED
EV0455,Daund EV Charging Station 455,Kazam,Maharashtra,Daund,"Sector 8, Daund",18.479216,74.567615,DC Fast,120,7,21.15,24.0,Busy,,,False,False,True,3.5,35,Pune,SYNTHETIC_ADDED
EV0456,Junnar EV Charging Station 456,Jio-bp,Maharashtra,Junnar,"Station Rd 23, Junnar",19.213954,73.868218,Type 2,15,2,19.46,2.0,Maintenance,,,False,False,True,4.7,162,Pune,SYNTHETIC_ADDED
EV0457,Satara EV Charging Station 457,Statiq,Maharashtra,Satara,"Sector 13, Satara",17.690581,74.01563,AC,150,6,16.2,24.0,Available,,,False,True,False,4.4,158,Pune,SYNTHETIC_ADDED
EV0458,Karad EV Charging Station 458,Magenta ChargeGrid,Maharashtra,Karad,"Market Yard 16, Karad",17.306972,74.15792,Type 2,60,5,20.31,30.0,Maintenance,,,False,False,True,4.5,27,Pune,SYNTHETIC_ADDED
EV0459,Phaltan EV Charging Station 459,Jio-bp,Maharashtra,Phaltan,"Sector 11, Phaltan",18.004935,74.425346,CHAdeMO,22,6,11.6,11.0,Available,,,True,False,False,3.3,190,Pune,SYNTHETIC_ADDED
EV0460,Wai EV Charging Station 460,ChargeZone,Maharashtra,Wai,"Sector 9, Wai",17.929782,73.870931,AC,15,6,13.14,33.0,Maintenance,,,True,False,False,3.6,67,Pune,SYNTHETIC_ADDED
EV0461,Mahabaleshwar EV Charging Station 461,Ather Grid,Maharashtra,Mahabaleshwar,"MIDC Area 20, Mahabaleshwar",17.927659,73.6464,CHAdeMO,22,1,17.34,23.0,Busy,,,True,False,True,3.7,189,Pune,SYNTHETIC_ADDED
EV0462,Sangli EV Charging Station 462,ChargeZone,Maharashtra,Sangli,"Highway Rd 27, Sangli",16.823466,74.563551,CCS2,22,5,17.84,17.0,Busy,,,False,False,True,3.8,205,Pune,SYNTHETIC_ADDED
EV0463,Miraj EV Charging Station 463,ChargeZone,Maharashtra,Miraj,"Highway Rd 14, Miraj",16.80533,74.617698,CHAdeMO,90,1,17.83,24.0,Busy,,,False,False,True,4.6,78,Pune,SYNTHETIC_ADDED
EV0464,Islampur EV Charging Station 464,Ather Grid,Maharashtra,Islampur,"Sector 25, Islampur",17.034318,74.270982,CHAdeMO,30,6,9.32,13.0,Busy,,,False,False,True,4.5,189,Pune,SYNTHETIC_ADDED
EV0465,Vita EV Charging Station 465,Statiq,Maharashtra,Vita,"Sector 15, Vita",17.476145,74.54188,CCS2,150,8,17.61,27.0,Busy,,,True,True,False,3.1,79,Pune,SYNTHETIC_ADDED
EV0466,Kolhapur EV Charging Station 466,Jio-bp,Maharashtra,Kolhapur,"Sector 8, Kolhapur",16.675571,74.227245,AC,7,5,15.7,24.0,Busy,,,False,False,True,3.6,80,Pune,SYNTHETIC_ADDED
EV0467,Ichalkaranji EV Charging Station 467,Jio-bp,Maharashtra,Ichalkaranji,"Sector 18, Ichalkaranji",16.691717,74.480889,CHAdeMO,150,1,19.21,12.0,Maintenance,,,False,False,False,4.6,200,Pune,SYNTHETIC_ADDED
EV0468,Gadhinglaj EV Charging Station 468,Ather Grid,Maharashtra,Gadhinglaj,"Market Yard 9, Gadhinglaj",16.263186,74.369011,DC Fast,90,4,15.24,0.0,Available,,,True,False,False,4.7,247,Pune,SYNTHETIC_ADDED
EV0469,Kagal EV Charging Station 469,Kazam,Maharashtra,Kagal,"Highway Rd 7, Kagal",16.571227,74.310387,CCS2,60,5,11.73,24.0,Busy,,,True,True,False,3.2,249,Pune,SYNTHETIC_ADDED
EV0470,Solapur EV Charging Station 470,Ather Grid,Maharashtra,Solapur,"Highway Rd 1, Solapur",17.685847,75.915779,DC Fast,90,4,14.43,35.0,Maintenance,,,False,False,False,4.8,121,Pune,SYNTHETIC_ADDED
EV0471,Pandharpur EV Charging Station 471,MSEDCL Public Charging,Maharashtra,Pandharpur,"Station Rd 7, Pandharpur",17.668613,75.318013,DC Fast,30,4,18.93,37.0,Maintenance,,,False,True,True,3.9,180,Pune,SYNTHETIC_ADDED
EV0472,Barshi EV Charging Station 472,Tata Power,Maharashtra,Barshi,"Station Rd 8, Barshi",18.241656,75.656238,CHAdeMO,150,3,8.68,35.0,Maintenance,,,False,False,True,4.9,49,Pune,SYNTHETIC_ADDED
EV0473,Akkalkot EV Charging Station 473,Ather Grid,Maharashtra,Akkalkot,"Highway Rd 23, Akkalkot",17.499362,76.236998,Type 2,15,8,9.74,5.0,Available,,,False,False,True,3.4,160,Pune,SYNTHETIC_ADDED
EV0474,Nashik EV Charging Station 474,Statiq,Maharashtra,Nashik,"MIDC Area 10, Nashik",19.9709,73.801542,Type 2,150,5,18.36,37.0,Busy,,,False,False,False,3.9,15,Nashik,SYNTHETIC_ADDED
EV0475,Ozar EV Charging Station 475,Jio-bp,Maharashtra,Ozar,"Sector 7, Ozar",20.095814,73.934662,AC,7,6,13.44,18.0,Available,,,False,False,True,4.8,236,Nashik,SYNTHETIC_ADDED
EV0476,Igatpuri EV Charging Station 476,Zeon Charging,Maharashtra,Igatpuri,"MIDC Area 16, Igatpuri",19.707434,73.539062,CCS2,30,2,12.28,22.0,Available,,,True,False,False,4.0,233,Nashik,SYNTHETIC_ADDED
EV0477,Sinnar EV Charging Station 477,MSEDCL Public Charging,Maharashtra,Sinnar,"Highway Rd 7, Sinnar",19.865375,73.965379,DC Fast,30,5,8.92,38.0,Available,,,False,False,True,4.4,127,Nashik,SYNTHETIC_ADDED
EV0478,Malegaon EV Charging Station 478,Jio-bp,Maharashtra,Malegaon,"Sector 24, Malegaon",20.547888,74.525777,DC Fast,90,3,9.93,19.0,Available,,,False,False,False,4.8,241,Nashik,SYNTHETIC_ADDED
EV0479,Manmad EV Charging Station 479,Magenta ChargeGrid,Maharashtra,Manmad,"Highway Rd 24, Manmad",20.247684,74.405324,CHAdeMO,15,7,16.91,8.0,Busy,,,False,True,True,3.3,143,Nashik,SYNTHETIC_ADDED
EV0480,Dhule EV Charging Station 480,MSEDCL Public Charging,Maharashtra,Dhule,"Station Rd 9, Dhule",20.930693,74.764798,DC Fast,22,5,9.72,15.0,Available,,,False,True,True,4.8,160,Nashik,SYNTHETIC_ADDED
EV0481,Shirpur EV Charging Station 481,Magenta ChargeGrid,Maharashtra,Shirpur,"MIDC Area 24, Shirpur",21.329842,74.882128,DC Fast,90,4,12.19,35.0,Available,,,False,False,False,4.6,187,Nashik,SYNTHETIC_ADDED
EV0482,Nandurbar EV Charging Station 482,MSEDCL Public Charging,Maharashtra,Nandurbar,"Station Rd 13, Nandurbar",21.337607,74.276599,CHAdeMO,30,4,9.63,10.0,Available,,,False,True,False,4.5,82,Nashik,SYNTHETIC_ADDED
EV0483,Shahada EV Charging Station 483,Jio-bp,Maharashtra,Shahada,"Sector 7, Shahada",21.527245,74.476533,Type 2,30,1,19.18,4.0,Maintenance,,,False,False,False,4.0,187,Nashik,SYNTHETIC_ADDED
EV0484,Jalgaon EV Charging Station 484,MSEDCL Public Charging,Maharashtra,Jalgaon,"Sector 26, Jalgaon",20.998224,75.581233,CHAdeMO,22,1,12.63,26.0,Busy,,,True,False,False,4.3,164,Nashik,SYNTHETIC_ADDED
EV0485,Bhusawal EV Charging Station 485,Ather Grid,Maharashtra,Bhusawal,"Station Rd 17, Bhusawal",21.023474,75.775959,Type 2,30,4,17.42,4.0,Available,,,False,False,False,4.8,226,Nashik,SYNTHETIC_ADDED
EV0486,Chalisgaon EV Charging Station 486,Statiq,Maharashtra,Chalisgaon,"Station Rd 22, Chalisgaon",20.474883,74.998642,DC Fast,120,2,16.96,22.0,Maintenance,,,False,False,True,4.9,250,Nashik,SYNTHETIC_ADDED
EV0487,Amalner EV Charging Station 487,Statiq,Maharashtra,Amalner,"Market Yard 18, Amalner",21.044921,75.038178,AC,22,7,13.52,40.0,Maintenance,,,False,False,True,4.9,26,Nashik,SYNTHETIC_ADDED
EV0488,Ahmednagar EV Charging Station 488,Jio-bp,Maharashtra,Ahmednagar,"Station Rd 22, Ahmednagar",19.111789,74.766137,Type 2,30,8,15.8,31.0,Maintenance,,,False,False,False,4.1,96,Nashik,SYNTHETIC_ADDED
EV0489,Shirdi EV Charging Station 489,Kazam,Maharashtra,Shirdi,"Highway Rd 16, Shirdi",19.791002,74.496546,CCS2,30,6,17.12,27.0,Busy,,,False,False,False,5.0,224,Nashik,SYNTHETIC_ADDED
EV0490,Sangamner EV Charging Station 490,ChargeZone,Maharashtra,Sangamner,"Market Yard 2, Sangamner",19.565223,74.211348,AC,22,6,15.59,5.0,Busy,,,True,True,True,3.8,115,Nashik,SYNTHETIC_ADDED
EV0491,Kopargaon EV Charging Station 491,Magenta ChargeGrid,Maharashtra,Kopargaon,"Station Rd 9, Kopargaon",19.895371,74.479822,Type 2,15,4,17.38,2.0,Busy,,,True,True,True,4.0,70,Nashik,SYNTHETIC_ADDED
EV0492,Shrirampur EV Charging Station 492,Kazam,Maharashtra,Shrirampur,"MIDC Area 13, Shrirampur",19.607793,74.685651,DC Fast,150,6,20.93,32.0,Maintenance,,,False,True,True,3.4,79,Nashik,SYNTHETIC_ADDED
EV0493,Chhatrapati Sambhajinagar EV Charging Station 493,ChargeZone,Maharashtra,Chhatrapati Sambhajinagar,"Market Yard 20, Chhatrapati Sambhajinagar",19.9029,75.340574,DC Fast,15,7,10.26,16.0,Maintenance,Nashik-Aurangabad,2,True,True,True,4.3,60,Chhatrapati Sambhajinagar,SYNTHETIC_ADDED
EV0494,Paithan EV Charging Station 494,Kazam,Maharashtra,Paithan,"Market Yard 13, Paithan",19.46612,75.394757,CHAdeMO,7,8,14.91,1.0,Available,,,False,False,False,3.6,240,Chhatrapati Sambhajinagar,SYNTHETIC_ADDED
EV0495,Vaijapur EV Charging Station 495,Statiq,Maharashtra,Vaijapur,"Market Yard 30, Vaijapur",19.930432,74.748289,DC Fast,150,3,8.59,17.0,Available,,,False,True,True,4.8,43,Chhatrapati Sambhajinagar,SYNTHETIC_ADDED
EV0496,Kannad EV Charging Station 496,ChargeZone,Maharashtra,Kannad,"Station Rd 16, Kannad",20.281542,75.14179,Type 2,60,1,13.97,26.0,Maintenance,,,False,False,False,4.8,170,Chhatrapati Sambhajinagar,SYNTHETIC_ADDED
EV0497,Jalna EV Charging Station 497,MSEDCL Public Charging,Maharashtra,Jalna,"Market Yard 6, Jalna",19.827649,75.866112,CCS2,90,3,11.11,3.0,Available,,,False,False,False,3.6,69,Chhatrapati Sambhajinagar,SYNTHETIC_ADDED
EV0498,Ambad EV Charging Station 498,Zeon Charging,Maharashtra,Ambad,"Station Rd 4, Ambad",19.644989,75.799925,Type 2,60,5,20.09,30.0,Available,,,False,False,True,4.5,103,Chhatrapati Sambhajinagar,SYNTHETIC_ADDED
EV0499,Parbhani EV Charging Station 499,Tata Power,Maharashtra,Parbhani,"Highway Rd 25, Parbhani",19.278396,76.771753,Type 2,150,7,16.78,20.0,Available,,,False,False,False,4.1,32,Chhatrapati Sambhajinagar,SYNTHETIC_ADDED
EV0500,Gangakhed EV Charging Station 500,Kazam,Maharashtra,Gangakhed,"Sector 18, Gangakhed",18.961403,76.724588,DC Fast,120,5,19.57,7.0,Busy,,,False,False,True,3.7,133,Chhatrapati Sambhajinagar,SYNTHETIC_ADDED
EV0501,Hingoli EV Charging Station 501,Jio-bp,Maharashtra,Hingoli,"MIDC Area 24, Hingoli",19.743995,77.135631,CCS2,15,7,19.35,7.0,Busy,,,False,False,False,3.1,23,Chhatrapati Sambhajinagar,SYNTHETIC_ADDED
EV0502,Kalamnuri EV Charging Station 502,Zeon Charging,Maharashtra,Kalamnuri,"Market Yard 24, Kalamnuri",19.89367,77.359721,AC,120,8,18.97,22.0,Available,,,False,False,False,4.3,230,Chhatrapati Sambhajinagar,SYNTHETIC_ADDED
EV0503,Beed EV Charging Station 503,Tata Power,Maharashtra,Beed,"MIDC Area 19, Beed",18.967114,75.750424,AC,15,1,19.58,15.0,Maintenance,,,False,False,False,3.5,90,Chhatrapati Sambhajinagar,SYNTHETIC_ADDED
EV0504,Georai EV Charging Station 504,Jio-bp,Maharashtra,Georai,"Station Rd 20, Georai",19.287879,75.727948,Type 2,15,5,20.18,24.0,Busy,,,False,False,False,3.9,134,Chhatrapati Sambhajinagar,SYNTHETIC_ADDED
EV0505,Ambajogai EV Charging Station 505,Jio-bp,Maharashtra,Ambajogai,"Market Yard 3, Ambajogai",18.739591,76.383844,Type 2,60,2,13.18,36.0,Available,,,True,False,True,4.7,171,Chhatrapati Sambhajinagar,SYNTHETIC_ADDED
EV0506,Nanded EV Charging Station 506,MSEDCL Public Charging,Maharashtra,Nanded,"Market Yard 27, Nanded",19.135764,77.336839,DC Fast,7,8,16.17,38.0,Available,,,False,False,True,4.1,74,Chhatrapati Sambhajinagar,SYNTHETIC_ADDED
EV0507,Deglur EV Charging Station 507,Magenta ChargeGrid,Maharashtra,Deglur,"Sector 8, Deglur",18.559476,77.594583,CHAdeMO,30,4,15.74,13.0,Busy,,,False,True,True,4.5,178,Chhatrapati Sambhajinagar,SYNTHETIC_ADDED
EV0508,Kandhar EV Charging Station 508,ChargeZone,Maharashtra,Kandhar,"Sector 26, Kandhar",18.845435,77.123783,CCS2,15,7,13.57,37.0,Busy,,,True,False,False,4.1,84,Chhatrapati Sambhajinagar,SYNTHETIC_ADDED
EV0509,Latur EV Charging Station 509,Ather Grid,Maharashtra,Latur,"Station Rd 6, Latur",18.393905,76.568906,AC,150,8,10.98,39.0,Available,,,True,True,False,4.2,193,Chhatrapati Sambhajinagar,SYNTHETIC_ADDED
EV0510,Udgir EV Charging Station 510,Jio-bp,Maharashtra,Udgir,"Market Yard 24, Udgir",18.394073,77.114417,Type 2,60,4,15.78,18.0,Maintenance,,,True,False,True,4.0,110,Chhatrapati Sambhajinagar,SYNTHETIC_ADDED
EV0511,Ausa EV Charging Station 511,Magenta ChargeGrid,Maharashtra,Ausa,"Sector 24, Ausa",18.270128,76.508494,DC Fast,90,3,15.85,20.0,Busy,,,True,False,False,4.5,164,Chhatrapati Sambhajinagar,SYNTHETIC_ADDED
EV0512,Osmanabad EV Charging Station 512,Tata Power,Maharashtra,Osmanabad,"Highway Rd 26, Osmanabad",18.204269,76.039203,DC Fast,15,3,13.23,30.0,Busy,,,True,False,False,4.8,225,Chhatrapati Sambhajinagar,SYNTHETIC_ADDED
EV0513,Tuljapur EV Charging Station 513,ChargeZone,Maharashtra,Tuljapur,"Station Rd 25, Tuljapur",18.029298,76.086698,CHAdeMO,120,4,13.1,1.0,Available,,,False,False,False,3.5,174,Chhatrapati Sambhajinagar,SYNTHETIC_ADDED
EV0514,Pune EV Charging Station 514,Statiq,Maharashtra,Pune,"MIDC Area 29, Pune",18.540882,73.83473,CCS2,30,7,8.86,5.0,Busy,,,False,False,False,3.4,141,Pune,SYNTHETIC_ADDED
EV0515,Pimpri-Chinchwad EV Charging Station 515,MSEDCL Public Charging,Maharashtra,Pimpri-Chinchwad,"Sector 19, Pimpri-Chinchwad",18.620107,73.803275,AC,30,1,11.66,22.0,Busy,,,False,False,True,4.1,234,Pune,SYNTHETIC_ADDED
EV0516,Hinjawadi EV Charging Station 516,MSEDCL Public Charging,Maharashtra,Hinjawadi,"Station Rd 20, Hinjawadi",18.595523,73.764128,CCS2,7,8,10.7,15.0,Maintenance,,,True,False,False,3.3,244,Pune,SYNTHETIC_ADDED
EV0517,Wakad EV Charging Station 517,Jio-bp,Maharashtra,Wakad,"MIDC Area 26, Wakad",18.571765,73.747216,CCS2,120,4,16.74,2.0,Available,,,True,False,True,4.4,70,Pune,SYNTHETIC_ADDED
EV0518,Hadapsar EV Charging Station 518,Statiq,Maharashtra,Hadapsar,"Sector 6, Hadapsar",18.53537,73.953568,CHAdeMO,120,5,9.04,29.0,Available,,,True,False,False,4.7,126,Pune,SYNTHETIC_ADDED
EV0519,Baner EV Charging Station 519,Kazam,Maharashtra,Baner,"Market Yard 20, Baner",18.548396,73.787389,CCS2,15,1,15.73,5.0,Maintenance,,,False,False,False,3.8,139,Pune,SYNTHETIC_ADDED
EV0520,Chakan EV Charging Station 520,MSEDCL Public Charging,Maharashtra,Chakan,"Sector 23, Chakan",18.771187,73.870505,AC,7,4,8.81,32.0,Busy,,,False,True,True,3.5,131,Pune,SYNTHETIC_ADDED
EV0521,Talegaon EV Charging Station 521,Magenta ChargeGrid,Maharashtra,Talegaon,"Highway Rd 9, Talegaon",18.712424,73.703787,CHAdeMO,90,2,9.64,15.0,Available,,,True,False,True,3.5,224,Pune,SYNTHETIC_ADDED
EV0522,Lonavala EV Charging Station 522,Jio-bp,Maharashtra,Lonavala,"Station Rd 14, Lonavala",18.760986,73.434914,CCS2,15,2,9.07,38.0,Available,,,False,False,True,4.2,210,Pune,SYNTHETIC_ADDED
EV0523,Saswad EV Charging Station 523,Tata Power,Maharashtra,Saswad,"MIDC Area 20, Saswad",18.357416,74.039321,CCS2,7,1,17.21,8.0,Busy,,,False,False,False,4.3,32,Pune,SYNTHETIC_ADDED
EV0524,Baramati EV Charging Station 524,Zeon Charging,Maharashtra,Baramati,"Highway Rd 9, Baramati",18.136559,74.569532,CCS2,90,7,9.73,28.0,Available,,,False,True,True,4.7,147,Pune,SYNTHETIC_ADDED
EV0525,Daund EV Charging Station 525,Zeon Charging,Maharashtra,Daund,"Sector 2, Daund",18.454943,74.584138,DC Fast,7,4,20.07,5.0,Maintenance,,,False,False,False,4.9,55,Pune,SYNTHETIC_ADDED
EV0526,Junnar EV Charging Station 526,MSEDCL Public Charging,Maharashtra,Junnar,"Sector 21, Junnar",19.199328,73.877837,Type 2,30,1,16.95,34.0,Available,,,True,True,False,5.0,46,Pune,SYNTHETIC_ADDED
EV0527,Satara EV Charging Station 527,Tata Power,Maharashtra,Satara,"Highway Rd 9, Satara",17.651318,74.003911,Type 2,150,3,17.48,18.0,Busy,,,False,True,False,4.4,133,Pune,SYNTHETIC_ADDED
EV0528,Karad EV Charging Station 528,Ather Grid,Maharashtra,Karad,"Market Yard 1, Karad",17.295868,74.190697,CCS2,15,7,12.45,4.0,Maintenance,,,True,True,False,4.5,132,Pune,SYNTHETIC_ADDED
EV0529,Phaltan EV Charging Station 529,Magenta ChargeGrid,Maharashtra,Phaltan,"MIDC Area 15, Phaltan",18.002847,74.442404,DC Fast,150,3,20.2,16.0,Busy,,,False,False,False,4.9,203,Pune,SYNTHETIC_ADDED
EV0530,Wai EV Charging Station 530,Jio-bp,Maharashtra,Wai,"Market Yard 1, Wai",17.950038,73.881062,CCS2,120,4,9.89,13.0,Busy,,,False,True,True,4.3,166,Pune,SYNTHETIC_ADDED
EV0531,Mahabaleshwar EV Charging Station 531,ChargeZone,Maharashtra,Mahabaleshwar,"Sector 19, Mahabaleshwar",17.947646,73.657399,DC Fast,22,1,10.37,6.0,Available,,,False,True,True,3.9,110,Pune,SYNTHETIC_ADDED
EV0532,Sangli EV Charging Station 532,Zeon Charging,Maharashtra,Sangli,"Market Yard 22, Sangli",16.8385,74.607344,DC Fast,22,3,13.3,16.0,Busy,,,True,True,False,5.0,219,Pune,SYNTHETIC_ADDED
EV0533,Miraj EV Charging Station 533,Statiq,Maharashtra,Miraj,"Sector 2, Miraj",16.817117,74.632846,Type 2,30,4,18.41,23.0,Available,,,True,False,True,4.3,69,Pune,SYNTHETIC_ADDED
EV0534,Islampur EV Charging Station 534,MSEDCL Public Charging,Maharashtra,Islampur,"Station Rd 16, Islampur",17.03691,74.248355,CCS2,15,8,15.72,31.0,Available,,,False,False,True,4.2,49,Pune,SYNTHETIC_ADDED
EV0535,Vita EV Charging Station 535,ChargeZone,Maharashtra,Vita,"Sector 17, Vita",17.423643,74.514747,DC Fast,150,8,11.61,21.0,Maintenance,,,True,False,False,3.9,6,Pune,SYNTHETIC_ADDED
EV0536,Kolhapur EV Charging Station 536,Kazam,Maharashtra,Kolhapur,"Market Yard 28, Kolhapur",16.727213,74.271048,CCS2,7,7,15.32,15.0,Maintenance,,,True,True,True,4.4,250,Pune,SYNTHETIC_ADDED
EV0537,Ichalkaranji EV Charging Station 537,Ather Grid,Maharashtra,Ichalkaranji,"Sector 23, Ichalkaranji",16.690009,74.486771,CCS2,150,6,9.77,17.0,Maintenance,,,False,False,True,3.8,53,Pune,SYNTHETIC_ADDED
EV0538,Gadhinglaj EV Charging Station 538,Magenta ChargeGrid,Maharashtra,Gadhinglaj,"Highway Rd 5, Gadhinglaj",16.203953,74.359178,CCS2,150,1,15.48,14.0,Busy,,,True,False,True,4.8,171,Pune,SYNTHETIC_ADDED
EV0539,Kagal EV Charging Station 539,Ather Grid,Maharashtra,Kagal,"Sector 10, Kagal",16.555805,74.338152,Type 2,7,8,20.22,5.0,Busy,,,False,True,True,5.0,241,Pune,SYNTHETIC_ADDED
EV0540,Solapur EV Charging Station 540,Tata Power,Maharashtra,Solapur,"Station Rd 12, Solapur",17.674836,75.911398,AC,7,3,8.66,30.0,Available,,,False,False,True,4.4,173,Pune,SYNTHETIC_ADDED
EV0541,Pandharpur EV Charging Station 541,Jio-bp,Maharashtra,Pandharpur,"Highway Rd 2, Pandharpur",17.708711,75.338873,Type 2,150,4,12.53,29.0,Busy,,,True,False,False,4.7,128,Pune,SYNTHETIC_ADDED
EV0542,Barshi EV Charging Station 542,Ather Grid,Maharashtra,Barshi,"Market Yard 18, Barshi",18.204677,75.675737,Type 2,7,3,16.4,16.0,Maintenance,,,False,True,True,3.6,190,Pune,SYNTHETIC_ADDED
EV0543,Akkalkot EV Charging Station 543,Ather Grid,Maharashtra,Akkalkot,"Station Rd 6, Akkalkot",17.493932,76.244315,Type 2,22,6,20.02,3.0,Available,,,True,False,False,4.8,18,Pune,SYNTHETIC_ADDED
EV0544,Nashik EV Charging Station 544,Jio-bp,Maharashtra,Nashik,"Highway Rd 3, Nashik",19.982691,73.79401,Type 2,60,7,9.73,27.0,Available,,,True,False,False,4.3,67,Nashik,SYNTHETIC_ADDED
EV0545,Ozar EV Charging Station 545,ChargeZone,Maharashtra,Ozar,"Market Yard 7, Ozar",20.111905,73.918463,CHAdeMO,15,8,11.67,33.0,Maintenance,,,False,False,True,3.7,90,Nashik,SYNTHETIC_ADDED
EV0546,Igatpuri EV Charging Station 546,ChargeZone,Maharashtra,Igatpuri,"Sector 20, Igatpuri",19.68962,73.583767,Type 2,120,6,20.93,16.0,Maintenance,,,False,True,True,4.1,134,Nashik,SYNTHETIC_ADDED
EV0547,Sinnar EV Charging Station 547,Zeon Charging,Maharashtra,Sinnar,"MIDC Area 18, Sinnar",19.875207,73.979994,Type 2,150,6,18.71,14.0,Busy,,,True,False,False,3.1,176,Nashik,SYNTHETIC_ADDED
EV0548,Malegaon EV Charging Station 548,Zeon Charging,Maharashtra,Malegaon,"Highway Rd 4, Malegaon",20.54185,74.542916,AC,150,6,10.16,14.0,Maintenance,,,True,True,True,3.3,232,Nashik,SYNTHETIC_ADDED
EV0549,Manmad EV Charging Station 549,MSEDCL Public Charging,Maharashtra,Manmad,"Station Rd 23, Manmad",20.245247,74.407968,DC Fast,90,6,17.66,27.0,Busy,,,True,False,True,3.5,50,Nashik,SYNTHETIC_ADDED
EV0550,Dhule EV Charging Station 550,ChargeZone,Maharashtra,Dhule,"Highway Rd 6, Dhule",20.896382,74.802649,CHAdeMO,30,4,17.66,12.0,Busy,,,False,False,False,3.2,170,Nashik,SYNTHETIC_ADDED
EV0551,Shirpur EV Charging Station 551,Jio-bp,Maharashtra,Shirpur,"MIDC Area 1, Shirpur",21.372508,74.885328,CCS2,120,5,8.88,0.0,Available,,,True,True,False,4.6,60,Nashik,SYNTHETIC_ADDED
EV0552,Nandurbar EV Charging Station 552,Statiq,Maharashtra,Nandurbar,"Market Yard 12, Nandurbar",21.383818,74.234182,CCS2,15,2,21.11,9.0,Busy,,,True,False,True,3.3,151,Nashik,SYNTHETIC_ADDED
EV0553,Shahada EV Charging Station 553,Tata Power,Maharashtra,Shahada,"Highway Rd 11, Shahada",21.535511,74.439999,DC Fast,22,5,9.69,39.0,Available,,,False,True,False,3.3,155,Nashik,SYNTHETIC_ADDED
EV0554,Jalgaon EV Charging Station 554,Ather Grid,Maharashtra,Jalgaon,"Station Rd 4, Jalgaon",21.037074,75.58091,AC,120,5,17.82,14.0,Busy,,,True,True,False,4.1,238,Nashik,SYNTHETIC_ADDED
EV0555,Bhusawal EV Charging Station 555,Jio-bp,Maharashtra,Bhusawal,"Market Yard 7, Bhusawal",21.04153,75.783406,CHAdeMO,15,8,15.85,8.0,Available,,,True,False,True,4.3,24,Nashik,SYNTHETIC_ADDED
EV0556,Chalisgaon EV Charging Station 556,Magenta ChargeGrid,Maharashtra,Chalisgaon,"MIDC Area 21, Chalisgaon",20.452212,75.012109,DC Fast,7,1,11.47,1.0,Available,,,False,False,True,3.1,16,Nashik,SYNTHETIC_ADDED
EV0557,Amalner EV Charging Station 557,ChargeZone,Maharashtra,Amalner,"Highway Rd 17, Amalner",21.014337,75.079175,Type 2,22,1,11.44,21.0,Maintenance,,,False,True,False,4.7,126,Nashik,SYNTHETIC_ADDED
EV0558,Ahmednagar EV Charging Station 558,Magenta ChargeGrid,Maharashtra,Ahmednagar,"MIDC Area 11, Ahmednagar",19.070148,74.720945,Type 2,22,3,20.61,15.0,Busy,,,True,False,True,4.7,148,Nashik,SYNTHETIC_ADDED
EV0559,Shirdi EV Charging Station 559,Magenta ChargeGrid,Maharashtra,Shirdi,"Sector 9, Shirdi",19.75627,74.489979,DC Fast,15,2,17.07,39.0,Busy,,,False,False,True,4.2,46,Nashik,SYNTHETIC_ADDED
EV0560,Sangamner EV Charging Station 560,Kazam,Maharashtra,Sangamner,"Highway Rd 5, Sangamner",19.587838,74.242984,DC Fast,150,6,16.54,6.0,Busy,,,True,False,False,4.9,99,Nashik,SYNTHETIC_ADDED
EV0561,Kopargaon EV Charging Station 561,Statiq,Maharashtra,Kopargaon,"Sector 23, Kopargaon",19.861037,74.481252,DC Fast,15,6,14.19,5.0,Available,,,False,True,True,4.6,121,Nashik,SYNTHETIC_ADDED
EV0562,Shrirampur EV Charging Station 562,Tata Power,Maharashtra,Shrirampur,"MIDC Area 6, Shrirampur",19.632776,74.644802,CCS2,90,3,19.14,38.0,Busy,,,True,False,False,4.6,45,Nashik,SYNTHETIC_ADDED
EV0563,Chhatrapati Sambhajinagar EV Charging Station 563,MSEDCL Public Charging,Maharashtra,Chhatrapati Sambhajinagar,"MIDC Area 20, Chhatrapati Sambhajinagar",19.867946,75.366767,CHAdeMO,15,2,11.87,24.0,Busy,,,False,False,True,3.3,242,Chhatrapati Sambhajinagar,SYNTHETIC_ADDED
EV0564,Paithan EV Charging Station 564,Jio-bp,Maharashtra,Paithan,"MIDC Area 28, Paithan",19.459912,75.399444,AC,15,6,18.93,1.0,Busy,,,False,False,False,4.2,167,Chhatrapati Sambhajinagar,SYNTHETIC_ADDED
EV0565,Vaijapur EV Charging Station 565,Kazam,Maharashtra,Vaijapur,"Sector 11, Vaijapur",19.93762,74.744257,CCS2,7,4,15.97,0.0,Busy,,,True,False,False,4.3,45,Chhatrapati Sambhajinagar,SYNTHETIC_ADDED
EV0566,Kannad EV Charging Station 566,Zeon Charging,Maharashtra,Kannad,"Market Yard 25, Kannad",20.293677,75.121394,AC,120,5,9.93,14.0,Available,,,False,False,False,3.8,249,Chhatrapati Sambhajinagar,SYNTHETIC_ADDED
EV0567,Jalna EV Charging Station 567,Ather Grid,Maharashtra,Jalna,"MIDC Area 8, Jalna",19.814133,75.90977,Type 2,60,5,15.06,20.0,Busy,,,False,False,False,3.8,33,Chhatrapati Sambhajinagar,SYNTHETIC_ADDED
EV0568,Ambad EV Charging Station 568,Zeon Charging,Maharashtra,Ambad,"Highway Rd 12, Ambad",19.607417,75.803932,Type 2,7,8,20.8,30.0,Busy,,,True,True,True,4.3,55,Chhatrapati Sambhajinagar,SYNTHETIC_ADDED
EV0569,Parbhani EV Charging Station 569,Jio-bp,Maharashtra,Parbhani,"Station Rd 10, Parbhani",19.232359,76.791193,DC Fast,15,2,14.97,3.0,Available,,,False,False,True,4.3,215,Chhatrapati Sambhajinagar,SYNTHETIC_ADDED
EV0570,Gangakhed EV Charging Station 570,MSEDCL Public Charging,Maharashtra,Gangakhed,"Market Yard 19, Gangakhed",18.974638,76.773684,DC Fast,90,5,18.11,22.0,Maintenance,,,False,False,True,3.4,32,Chhatrapati Sambhajinagar,SYNTHETIC_ADDED
EV0571,Hingoli EV Charging Station 571,Jio-bp,Maharashtra,Hingoli,"Station Rd 19, Hingoli",19.714368,77.120408,Type 2,30,6,15.56,7.0,Maintenance,,,False,True,True,5.0,13,Chhatrapati Sambhajinagar,SYNTHETIC_ADDED
EV0572,Kalamnuri EV Charging Station 572,ChargeZone,Maharashtra,Kalamnuri,"Highway Rd 29, Kalamnuri",19.929924,77.314329,CHAdeMO,90,2,11.39,38.0,Available,,,False,False,True,3.2,100,Chhatrapati Sambhajinagar,SYNTHETIC_ADDED
EV0573,Beed EV Charging Station 573,Kazam,Maharashtra,Beed,"Station Rd 18, Beed",18.997317,75.73472,Type 2,90,5,21.39,32.0,Maintenance,,,False,True,False,4.6,89,Chhatrapati Sambhajinagar,SYNTHETIC_ADDED
EV0574,Georai EV Charging Station 574,Magenta ChargeGrid,Maharashtra,Georai,"Sector 7, Georai",19.272992,75.74268,Type 2,22,1,20.33,35.0,Available,,,False,False,False,4.1,206,Chhatrapati Sambhajinagar,SYNTHETIC_ADDED
EV0575,Ambajogai EV Charging Station 575,Jio-bp,Maharashtra,Ambajogai,"Station Rd 5, Ambajogai",18.746162,76.39605,CHAdeMO,150,3,15.78,9.0,Available,,,False,True,True,4.5,72,Chhatrapati Sambhajinagar,SYNTHETIC_ADDED
EV0576,Nanded EV Charging Station 576,MSEDCL Public Charging,Maharashtra,Nanded,"Market Yard 9, Nanded",19.133516,77.321793,CCS2,15,1,18.93,10.0,Maintenance,,,True,False,True,3.2,189,Chhatrapati Sambhajinagar,SYNTHETIC_ADDED
EV0577,Deglur EV Charging Station 577,Tata Power,Maharashtra,Deglur,"Station Rd 1, Deglur",18.513793,77.589043,AC,30,5,19.37,27.0,Maintenance,,,False,True,True,4.8,16,Chhatrapati Sambhajinagar,SYNTHETIC_ADDED
EV0578,Kandhar EV Charging Station 578,Ather Grid,Maharashtra,Kandhar,"MIDC Area 7, Kandhar",18.867812,77.160658,DC Fast,150,3,16.8,34.0,Busy,,,True,False,True,4.5,236,Chhatrapati Sambhajinagar,SYNTHETIC_ADDED
EV0579,Latur EV Charging Station 579,Jio-bp,Maharashtra,Latur,"MIDC Area 14, Latur",18.404959,76.549002,AC,15,3,11.01,20.0,Available,,,False,False,False,4.0,67,Chhatrapati Sambhajinagar,SYNTHETIC_ADDED
EV0580,Udgir EV Charging Station 580,MSEDCL Public Charging,Maharashtra,Udgir,"MIDC Area 3, Udgir",18.392275,77.144789,CHAdeMO,30,8,16.2,9.0,Maintenance,,,True,False,True,3.3,135,Chhatrapati Sambhajinagar,SYNTHETIC_ADDED
EV0581,Ausa EV Charging Station 581,Zeon Charging,Maharashtra,Ausa,"Sector 28, Ausa",18.226026,76.514043,DC Fast,120,3,14.55,36.0,Maintenance,,,False,False,True,4.0,84,Chhatrapati Sambhajinagar,SYNTHETIC_ADDED
EV0582,Osmanabad EV Charging Station 582,Kazam,Maharashtra,Osmanabad,"Highway Rd 22, Osmanabad",18.198735,76.052603,CHAdeMO,60,3,15.7,0.0,Maintenance,,,False,False,False,4.7,119,Chhatrapati Sambhajinagar,SYNTHETIC_ADDED
EV0583,Tuljapur EV Charging Station 583,Ather Grid,Maharashtra,Tuljapur,"Station Rd 16, Tuljapur",18.018935,76.075404,CHAdeMO,120,3,12.21,8.0,Available,,,True,False,True,3.8,170,Chhatrapati Sambhajinagar,SYNTHETIC_ADDED
EV0584,Pune EV Charging Station 584,Zeon Charging,Maharashtra,Pune,"Highway Rd 26, Pune",18.523339,73.874204,AC,15,6,11.81,39.0,Maintenance,Pune-Nagpur,1,True,False,False,3.9,125,Pune,SYNTHETIC_ADDED
EV0585,Pimpri-Chinchwad EV Charging Station 585,Zeon Charging,Maharashtra,Pimpri-Chinchwad,"MIDC Area 7, Pimpri-Chinchwad",18.632137,73.786249,DC Fast,150,3,20.71,24.0,Available,,,True,False,True,4.5,229,Pune,SYNTHETIC_ADDED
EV0586,Hinjawadi EV Charging Station 586,ChargeZone,Maharashtra,Hinjawadi,"Sector 24, Hinjawadi",18.574879,73.712355,CCS2,15,3,15.66,5.0,Available,,,False,False,True,4.2,17,Pune,SYNTHETIC_ADDED
EV0587,Wakad EV Charging Station 587,Ather Grid,Maharashtra,Wakad,"Sector 1, Wakad",18.605774,73.775433,CHAdeMO,22,5,9.0,3.0,Available,,,True,False,True,3.8,167,Pune,SYNTHETIC_ADDED
EV0588,Hadapsar EV Charging Station 588,Jio-bp,Maharashtra,Hadapsar,"Highway Rd 15, Hadapsar",18.506702,73.902427,CHAdeMO,90,4,13.19,27.0,Busy,,,True,False,False,4.8,200,Pune,SYNTHETIC_ADDED
EV0589,Baner EV Charging Station 589,Ather Grid,Maharashtra,Baner,"Station Rd 18, Baner",18.571352,73.767306,Type 2,90,1,14.29,39.0,Maintenance,,,False,False,True,4.6,184,Pune,SYNTHETIC_ADDED
EV0590,Chakan EV Charging Station 590,Zeon Charging,Maharashtra,Chakan,"Station Rd 6, Chakan",18.784382,73.869661,AC,22,1,20.39,35.0,Maintenance,,,False,True,False,4.1,64,Pune,SYNTHETIC_ADDED
EV0591,Talegaon EV Charging Station 591,Magenta ChargeGrid,Maharashtra,Talegaon,"Station Rd 11, Talegaon",18.735819,73.700568,CCS2,90,7,17.67,12.0,Maintenance,,,False,False,False,3.9,72,Pune,SYNTHETIC_ADDED
EV0592,Lonavala EV Charging Station 592,Kazam,Maharashtra,Lonavala,"Market Yard 9, Lonavala",18.761512,73.395181,Type 2,60,4,18.8,39.0,Available,,,False,False,False,4.1,146,Pune,SYNTHETIC_ADDED
EV0593,Saswad EV Charging Station 593,Tata Power,Maharashtra,Saswad,"Market Yard 17, Saswad",18.344662,74.051323,AC,7,3,14.07,5.0,Maintenance,,,False,False,True,3.9,202,Pune,SYNTHETIC_ADDED
EV0594,Baramati EV Charging Station 594,ChargeZone,Maharashtra,Baramati,"Highway Rd 4, Baramati",18.168025,74.557674,CCS2,120,8,19.97,16.0,Available,,,True,False,True,4.9,191,Pune,SYNTHETIC_ADDED
EV0595,Daund EV Charging Station 595,Zeon Charging,Maharashtra,Daund,"Sector 24, Daund",18.438402,74.566989,Type 2,120,5,14.43,20.0,Busy,,,False,False,True,4.6,100,Pune,SYNTHETIC_ADDED
EV0596,Junnar EV Charging Station 596,Ather Grid,Maharashtra,Junnar,"Sector 3, Junnar",19.213415,73.897498,DC Fast,120,4,11.88,32.0,Available,,,True,False,False,4.8,230,Pune,SYNTHETIC_ADDED
EV0597,Satara EV Charging Station 597,Tata Power,Maharashtra,Satara,"Market Yard 9, Satara",17.663425,74.024344,DC Fast,90,3,20.94,7.0,Maintenance,,,True,True,False,4.9,234,Pune,SYNTHETIC_ADDED
EV0598,Karad EV Charging Station 598,ChargeZone,Maharashtra,Karad,"Station Rd 18, Karad",17.285834,74.200752,DC Fast,7,4,10.59,39.0,Busy,,,False,False,True,4.6,83,Pune,SYNTHETIC_ADDED
EV0599,Phaltan EV Charging Station 599,Zeon Charging,Maharashtra,Phaltan,"Highway Rd 6, Phaltan",17.98448,74.431679,CCS2,120,4,16.98,30.0,Maintenance,,,False,True,True,3.7,204,Pune,SYNTHETIC_ADDED
EV0600,Wai EV Charging Station 600,MSEDCL Public Charging,Maharashtra,Wai,"Highway Rd 6, Wai",17.975766,73.916596,AC,150,5,15.82,6.0,Maintenance,,,True,True,True,3.6,213,Pune,SYNTHETIC_ADDED
EV0601,Mahabaleshwar EV Charging Station 601,MSEDCL Public Charging,Maharashtra,Mahabaleshwar,"Highway Rd 7, Mahabaleshwar",17.907434,73.675888,CHAdeMO,60,6,13.51,35.0,Available,,,False,False,True,3.6,117,Pune,SYNTHETIC_ADDED
EV0602,Sangli EV Charging Station 602,Zeon Charging,Maharashtra,Sangli,"MIDC Area 23, Sangli",16.844569,74.598178,AC,30,3,13.18,38.0,Available,,,False,True,True,3.1,164,Pune,SYNTHETIC_ADDED
EV0603,Miraj EV Charging Station 603,Magenta ChargeGrid,Maharashtra,Miraj,"Highway Rd 2, Miraj",16.83319,74.622346,CCS2,30,2,17.4,6.0,Available,,,False,True,True,3.2,73,Pune,SYNTHETIC_ADDED
EV0604,Islampur EV Charging Station 604,Magenta ChargeGrid,Maharashtra,Islampur,"Sector 7, Islampur",17.073713,74.261588,AC,90,3,8.67,12.0,Available,,,False,True,False,3.1,33,Pune,SYNTHETIC_ADDED
EV0605,Vita EV Charging Station 605,Kazam,Maharashtra,Vita,"MIDC Area 14, Vita",17.450934,74.522709,AC,7,2,16.26,27.0,Available,,,True,False,False,4.8,245,Pune,SYNTHETIC_ADDED
EV0606,Kolhapur EV Charging Station 606,Magenta ChargeGrid,Maharashtra,Kolhapur,"Highway Rd 18, Kolhapur",16.734636,74.272915,AC,22,6,17.94,35.0,Available,,,True,True,True,4.3,84,Pune,SYNTHETIC_ADDED
EV0607,Ichalkaranji EV Charging Station 607,Ather Grid,Maharashtra,Ichalkaranji,"MIDC Area 14, Ichalkaranji",16.697212,74.478052,DC Fast,15,8,13.87,34.0,Available,,,True,False,True,4.6,111,Pune,SYNTHETIC_ADDED
EV0608,Gadhinglaj EV Charging Station 608,Tata Power,Maharashtra,Gadhinglaj,"Station Rd 17, Gadhinglaj",16.257021,74.341445,AC,120,7,12.86,2.0,Available,,,True,True,False,3.7,61,Pune,SYNTHETIC_ADDED
EV0609,Kagal EV Charging Station 609,Zeon Charging,Maharashtra,Kagal,"MIDC Area 22, Kagal",16.565193,74.302288,CCS2,90,2,14.01,19.0,Available,,,True,False,True,4.1,22,Pune,SYNTHETIC_ADDED
EV0610,Solapur EV Charging Station 610,Kazam,Maharashtra,Solapur,"Highway Rd 17, Solapur",17.684495,75.918772,Type 2,7,8,10.09,10.0,Maintenance,,,True,True,True,4.6,38,Pune,SYNTHETIC_ADDED
EV0611,Pandharpur EV Charging Station 611,Kazam,Maharashtra,Pandharpur,"Station Rd 1, Pandharpur",17.694086,75.313076,Type 2,30,4,14.13,29.0,Available,,,False,False,True,3.4,194,Pune,SYNTHETIC_ADDED
EV0612,Barshi EV Charging Station 612,ChargeZone,Maharashtra,Barshi,"Station Rd 14, Barshi",18.227777,75.68547,DC Fast,90,4,11.96,21.0,Available,,,False,False,True,4.9,54,Pune,SYNTHETIC_ADDED
EV0613,Akkalkot EV Charging Station 613,ChargeZone,Maharashtra,Akkalkot,"Station Rd 10, Akkalkot",17.490927,76.219281,CCS2,120,8,11.79,6.0,Maintenance,,,True,False,False,3.7,106,Pune,SYNTHETIC_ADDED
EV0614,Nashik EV Charging Station 614,Kazam,Maharashtra,Nashik,"Sector 26, Nashik",19.975115,73.763827,Type 2,7,3,16.02,2.0,Maintenance,,,True,True,False,4.1,250,Nashik,SYNTHETIC_ADDED
EV0615,Ozar EV Charging Station 615,Zeon Charging,Maharashtra,Ozar,"MIDC Area 3, Ozar",20.13008,73.907578,AC,60,3,21.22,28.0,Available,,,False,False,True,4.9,105,Nashik,SYNTHETIC_ADDED
EV0616,Igatpuri EV Charging Station 616,ChargeZone,Maharashtra,Igatpuri,"Sector 28, Igatpuri",19.721135,73.571742,CCS2,15,7,9.7,14.0,Available,,,True,False,False,4.0,234,Nashik,SYNTHETIC_ADDED
EV0617,Sinnar EV Charging Station 617,Magenta ChargeGrid,Maharashtra,Sinnar,"Highway Rd 12, Sinnar",19.839099,74.007834,CHAdeMO,150,4,12.55,13.0,Busy,,,False,False,True,4.0,233,Nashik,SYNTHETIC_ADDED
EV0618,Malegaon EV Charging Station 618,Magenta ChargeGrid,Maharashtra,Malegaon,"Highway Rd 4, Malegaon",20.544545,74.528973,CCS2,120,7,17.13,11.0,Available,,,False,False,False,3.3,208,Nashik,SYNTHETIC_ADDED
EV0619,Manmad EV Charging Station 619,Magenta ChargeGrid,Maharashtra,Manmad,"MIDC Area 24, Manmad",20.251044,74.418238,CHAdeMO,120,5,12.31,2.0,Busy,,,False,False,True,4.2,245,Nashik,SYNTHETIC_ADDED
EV0620,Dhule EV Charging Station 620,Jio-bp,Maharashtra,Dhule,"Highway Rd 12, Dhule",20.895768,74.790183,Type 2,120,5,16.76,1.0,Busy,,,True,False,False,4.9,249,Nashik,SYNTHETIC_ADDED
EV0621,Shirpur EV Charging Station 621,ChargeZone,Maharashtra,Shirpur,"Highway Rd 7, Shirpur",21.373398,74.9021,Type 2,90,6,14.64,11.0,Busy,,,True,False,False,4.9,51,Nashik,SYNTHETIC_ADDED
EV0622,Nandurbar EV Charging Station 622,MSEDCL Public Charging,Maharashtra,Nandurbar,"Highway Rd 9, Nandurbar",21.390423,74.27093,DC Fast,120,3,12.58,11.0,Maintenance,,,True,False,True,3.8,61,Nashik,SYNTHETIC_ADDED
EV0623,Shahada EV Charging Station 623,Statiq,Maharashtra,Shahada,"Sector 29, Shahada",21.522202,74.447084,AC,120,4,10.48,23.0,Maintenance,,,True,False,False,3.5,212,Nashik,SYNTHETIC_ADDED
EV0624,Jalgaon EV Charging Station 624,Kazam,Maharashtra,Jalgaon,"MIDC Area 22, Jalgaon",21.037002,75.591808,AC,22,7,18.67,23.0,Available,,,True,False,True,3.4,46,Nashik,SYNTHETIC_ADDED
EV0625,Bhusawal EV Charging Station 625,Jio-bp,Maharashtra,Bhusawal,"Market Yard 29, Bhusawal",21.049165,75.789663,DC Fast,15,4,17.71,15.0,Available,,,True,True,True,4.3,54,Nashik,SYNTHETIC_ADDED
EV0626,Chalisgaon EV Charging Station 626,Magenta ChargeGrid,Maharashtra,Chalisgaon,"MIDC Area 4, Chalisgaon",20.475364,75.022817,AC,15,4,11.27,19.0,Busy,,,True,False,False,3.1,156,Nashik,SYNTHETIC_ADDED
EV0627,Amalner EV Charging Station 627,Jio-bp,Maharashtra,Amalner,"Sector 22, Amalner",21.028643,75.040011,AC,7,5,12.0,30.0,Busy,,,True,True,False,3.8,181,Nashik,SYNTHETIC_ADDED
EV0628,Ahmednagar EV Charging Station 628,Magenta ChargeGrid,Maharashtra,Ahmednagar,"MIDC Area 23, Ahmednagar",19.111476,74.76853,AC,22,2,21.23,28.0,Available,,,True,True,True,4.5,148,Nashik,SYNTHETIC_ADDED
EV0629,Shirdi EV Charging Station 629,Magenta ChargeGrid,Maharashtra,Shirdi,"Station Rd 4, Shirdi",19.756636,74.472955,AC,60,6,15.21,10.0,Available,,,True,False,True,3.2,105,Nashik,SYNTHETIC_ADDED
EV0630,Sangamner EV Charging Station 630,Zeon Charging,Maharashtra,Sangamner,"Highway Rd 22, Sangamner",19.589356,74.208166,CHAdeMO,60,5,18.4,39.0,Maintenance,,,False,False,True,3.6,26,Nashik,SYNTHETIC_ADDED
EV0631,Kopargaon EV Charging Station 631,Ather Grid,Maharashtra,Kopargaon,"Market Yard 15, Kopargaon",19.89374,74.460136,AC,7,6,11.39,0.0,Available,,,True,True,True,4.7,237,Nashik,SYNTHETIC_ADDED
EV0632,Shrirampur EV Charging Station 632,Zeon Charging,Maharashtra,Shrirampur,"Sector 16, Shrirampur",19.62897,74.646576,CCS2,7,7,11.36,20.0,Maintenance,,,False,False,True,3.5,198,Nashik,SYNTHETIC_ADDED
EV0633,Chhatrapati Sambhajinagar EV Charging Station 633,Ather Grid,Maharashtra,Chhatrapati Sambhajinagar,"MIDC Area 23, Chhatrapati Sambhajinagar",19.850248,75.32377,DC Fast,22,3,17.06,20.0,Busy,,,False,False,True,4.8,179,Chhatrapati Sambhajinagar,SYNTHETIC_ADDED
EV0634,Paithan EV Charging Station 634,Magenta ChargeGrid,Maharashtra,Paithan,"Highway Rd 16, Paithan",19.46632,75.392918,CHAdeMO,30,8,18.16,20.0,Maintenance,,,False,False,False,4.5,220,Chhatrapati Sambhajinagar,SYNTHETIC_ADDED
EV0635,Vaijapur EV Charging Station 635,Statiq,Maharashtra,Vaijapur,"Sector 20, Vaijapur",19.925869,74.70969,CHAdeMO,22,5,18.98,4.0,Available,,,False,False,False,3.5,127,Chhatrapati Sambhajinagar,SYNTHETIC_ADDED
EV0636,Kannad EV Charging Station 636,Ather Grid,Maharashtra,Kannad,"Sector 1, Kannad",20.278009,75.135264,Type 2,90,6,16.34,8.0,Busy,,,False,True,True,4.6,111,Chhatrapati Sambhajinagar,SYNTHETIC_ADDED
EV0637,Jalna EV Charging Station 637,Tata Power,Maharashtra,Jalna,"Highway Rd 3, Jalna",19.828555,75.873125,Type 2,150,5,15.69,0.0,Available,,,False,False,True,3.7,98,Chhatrapati Sambhajinagar,SYNTHETIC_ADDED
EV0638,Ambad EV Charging Station 638,Kazam,Maharashtra,Ambad,"Highway Rd 9, Ambad",19.62274,75.806303,CHAdeMO,150,7,18.72,29.0,Available,,,False,False,True,5.0,193,Chhatrapati Sambhajinagar,SYNTHETIC_ADDED
EV0639,Parbhani EV Charging Station 639,Jio-bp,Maharashtra,Parbhani,"Market Yard 16, Parbhani",19.272502,76.767166,CCS2,30,8,20.9,23.0,Busy,,,True,False,False,4.3,9,Chhatrapati Sambhajinagar,SYNTHETIC_ADDED
EV0640,Gangakhed EV Charging Station 640,Jio-bp,Maharashtra,Gangakhed,"Station Rd 30, Gangakhed",18.989256,76.741416,Type 2,90,8,18.02,25.0,Available,,,True,False,True,3.0,232,Chhatrapati Sambhajinagar,SYNTHETIC_ADDED
EV0641,Hingoli EV Charging Station 641,Jio-bp,Maharashtra,Hingoli,"Station Rd 19, Hingoli",19.744433,77.158921,DC Fast,15,5,12.09,40.0,Available,,,False,True,True,3.3,250,Chhatrapati Sambhajinagar,SYNTHETIC_ADDED
EV0642,Kalamnuri EV Charging Station 642,ChargeZone,Maharashtra,Kalamnuri,"Station Rd 27, Kalamnuri",19.870114,77.35122,Type 2,22,3,12.3,6.0,Maintenance,,,False,False,True,4.0,246,Chhatrapati Sambhajinagar,SYNTHETIC_ADDED
EV0643,Beed EV Charging Station 643,Magenta ChargeGrid,Maharashtra,Beed,"Sector 6, Beed",18.965143,75.754817,Type 2,90,4,16.88,27.0,Busy,,,False,False,True,4.2,83,Chhatrapati Sambhajinagar,SYNTHETIC_ADDED
EV0644,Georai EV Charging Station 644,Magenta ChargeGrid,Maharashtra,Georai,"Market Yard 4, Georai",19.271883,75.731588,AC,15,1,21.24,12.0,Busy,,,False,True,False,4.9,121,Chhatrapati Sambhajinagar,SYNTHETIC_ADDED
EV0645,Ambajogai EV Charging Station 645,Jio-bp,Maharashtra,Ambajogai,"Highway Rd 5, Ambajogai",18.721684,76.396916,CHAdeMO,22,6,13.33,30.0,Available,,,True,False,False,4.4,235,Chhatrapati Sambhajinagar,SYNTHETIC_ADDED
EV0646,Nanded EV Charging Station 646,Statiq,Maharashtra,Nanded,"MIDC Area 9, Nanded",19.111895,77.325353,Type 2,30,4,9.59,16.0,Available,,,True,False,True,3.2,221,Chhatrapati Sambhajinagar,SYNTHETIC_ADDED
EV0647,Deglur EV Charging Station 647,Kazam,Maharashtra,Deglur,"MIDC Area 7, Deglur",18.517859,77.589401,CCS2,30,1,9.99,6.0,Busy,,,True,False,True,3.5,163,Chhatrapati Sambhajinagar,SYNTHETIC_ADDED
EV0648,Kandhar EV Charging Station 648,Jio-bp,Maharashtra,Kandhar,"Station Rd 19, Kandhar",18.859083,77.15201,DC Fast,120,2,16.54,32.0,Maintenance,,,False,False,True,4.4,70,Chhatrapati Sambhajinagar,SYNTHETIC_ADDED
EV0649,Latur EV Charging Station 649,Kazam,Maharashtra,Latur,"Sector 3, Latur",18.38949,76.554779,Type 2,7,4,14.5,36.0,Available,,,False,False,True,4.5,81,Chhatrapati Sambhajinagar,SYNTHETIC_ADDED
EV0650,Udgir EV Charging Station 650,MSEDCL Public Charging,Maharashtra,Udgir,"MIDC Area 21, Udgir",18.363634,77.103633,Type 2,30,8,19.13,19.0,Busy,,,True,True,True,3.4,13,Chhatrapati Sambhajinagar,SYNTHETIC_ADDED
EV0651,Ausa EV Charging Station 651,Magenta ChargeGrid,Maharashtra,Ausa,"Highway Rd 2, Ausa",18.242917,76.51321,CHAdeMO,30,6,9.38,3.0,Maintenance,,,False,False,True,3.3,155,Chhatrapati Sambhajinagar,SYNTHETIC_ADDED
EV0652,Osmanabad EV Charging Station 652,Tata Power,Maharashtra,Osmanabad,"Station Rd 29, Osmanabad",18.204487,76.018834,DC Fast,7,6,17.66,39.0,Busy,,,True,False,True,4.8,148,Chhatrapati Sambhajinagar,SYNTHETIC_ADDED
EV0653,Tuljapur EV Charging Station 653,Kazam,Maharashtra,Tuljapur,"Highway Rd 27, Tuljapur",18.036335,76.077986,Type 2,120,4,12.68,24.0,Busy,,,True,True,True,3.1,70,Chhatrapati Sambhajinagar,SYNTHETIC_ADDED
EV0654,Pune EV Charging Station 654,MSEDCL Public Charging,Maharashtra,Pune,"Highway Rd 29, Pune",18.542836,73.838882,AC,60,6,10.48,33.0,Available,,,False,True,True,4.0,44,Pune,SYNTHETIC_ADDED
EV0655,Pimpri-Chinchwad EV Charging Station 655,ChargeZone,Maharashtra,Pimpri-Chinchwad,"Sector 26, Pimpri-Chinchwad",18.604704,73.806533,CHAdeMO,150,2,9.83,6.0,Busy,,,True,True,True,3.8,136,Pune,SYNTHETIC_ADDED
EV0656,Hinjawadi EV Charging Station 656,Jio-bp,Maharashtra,Hinjawadi,"Station Rd 9, Hinjawadi",18.562148,73.717967,CCS2,15,4,16.36,4.0,Available,,,False,False,False,3.5,9,Pune,SYNTHETIC_ADDED
EV0657,Wakad EV Charging Station 657,Magenta ChargeGrid,Maharashtra,Wakad,"Market Yard 23, Wakad",18.601797,73.791487,AC,60,1,19.72,6.0,Busy,,,True,False,False,5.0,69,Pune,SYNTHETIC_ADDED
EV0658,Hadapsar EV Charging Station 658,Kazam,Maharashtra,Hadapsar,"Market Yard 3, Hadapsar",18.519558,73.913364,CCS2,60,8,16.11,19.0,Maintenance,,,True,False,True,3.9,166,Pune,SYNTHETIC_ADDED
EV0659,Baner EV Charging Station 659,Magenta ChargeGrid,Maharashtra,Baner,"Station Rd 15, Baner",18.551125,73.775797,DC Fast,60,6,11.72,32.0,Busy,,,True,False,False,4.6,206,Pune,SYNTHETIC_ADDED
EV0660,Chakan EV Charging Station 660,Ather Grid,Maharashtra,Chakan,"Market Yard 30, Chakan",18.74374,73.893451,CHAdeMO,7,2,11.85,11.0,Busy,,,True,False,False,4.0,100,Pune,SYNTHETIC_ADDED
EV0661,Talegaon EV Charging Station 661,Tata Power,Maharashtra,Talegaon,"Station Rd 7, Talegaon",18.711559,73.68484,Type 2,150,7,9.06,12.0,Busy,,,True,False,False,3.9,203,Pune,SYNTHETIC_ADDED
EV0662,Lonavala EV Charging Station 662,Kazam,Maharashtra,Lonavala,"Station Rd 2, Lonavala",18.763613,73.400341,CHAdeMO,120,4,13.58,9.0,Maintenance,,,False,True,False,4.8,21,Pune,SYNTHETIC_ADDED
EV0663,Saswad EV Charging Station 663,Zeon Charging,Maharashtra,Saswad,"Market Yard 22, Saswad",18.354798,74.050515,DC Fast,150,8,12.82,38.0,Busy,,,True,True,False,4.0,165,Pune,SYNTHETIC_ADDED
EV0664,Baramati EV Charging Station 664,Tata Power,Maharashtra,Baramati,"Sector 9, Baramati",18.153206,74.580205,CHAdeMO,22,3,17.82,14.0,Busy,,,True,False,False,4.5,90,Pune,SYNTHETIC_ADDED
EV0665,Daund EV Charging Station 665,MSEDCL Public Charging,Maharashtra,Daund,"Sector 19, Daund",18.447695,74.57948,AC,7,2,20.98,14.0,Busy,,,True,False,False,3.5,173,Pune,SYNTHETIC_ADDED
EV0666,Junnar EV Charging Station 666,ChargeZone,Maharashtra,Junnar,"Market Yard 26, Junnar",19.207543,73.86037,Type 2,7,6,15.96,2.0,Available,,,False,False,True,3.7,3,Pune,SYNTHETIC_ADDED
EV0667,Satara EV Charging Station 667,MSEDCL Public Charging,Maharashtra,Satara,"Station Rd 30, Satara",17.674415,74.042003,DC Fast,90,7,10.59,5.0,Maintenance,,,True,True,False,3.3,125,Pune,SYNTHETIC_ADDED
EV0668,Karad EV Charging Station 668,Magenta ChargeGrid,Maharashtra,Karad,"Market Yard 15, Karad",17.260244,74.183656,CCS2,7,6,11.8,16.0,Maintenance,,,False,False,False,4.4,165,Pune,SYNTHETIC_ADDED
EV0669,Phaltan EV Charging Station 669,Ather Grid,Maharashtra,Phaltan,"Highway Rd 24, Phaltan",18.014698,74.44482,CCS2,30,3,11.22,13.0,Busy,,,False,False,False,4.3,245,Pune,SYNTHETIC_ADDED
EV0670,Wai EV Charging Station 670,Ather Grid,Maharashtra,Wai,"Sector 14, Wai",17.932806,73.920008,AC,15,2,14.38,1.0,Busy,,,True,True,True,4.2,3,Pune,SYNTHETIC_ADDED
EV0671,Mahabaleshwar EV Charging Station 671,MSEDCL Public Charging,Maharashtra,Mahabaleshwar,"Market Yard 26, Mahabaleshwar",17.925353,73.638063,AC,120,1,16.89,32.0,Available,,,False,True,True,4.1,125,Pune,SYNTHETIC_ADDED
EV0672,Sangli EV Charging Station 672,Statiq,Maharashtra,Sangli,"Highway Rd 1, Sangli",16.823123,74.557126,AC,150,8,21.06,6.0,Maintenance,,,False,False,True,5.0,243,Pune,SYNTHETIC_ADDED
EV0673,Miraj EV Charging Station 673,Magenta ChargeGrid,Maharashtra,Miraj,"Market Yard 1, Miraj",16.857524,74.639981,AC,15,8,9.77,6.0,Busy,,,True,False,False,4.8,39,Pune,SYNTHETIC_ADDED
EV0674,Islampur EV Charging Station 674,Statiq,Maharashtra,Islampur,"Highway Rd 19, Islampur",17.079197,74.26551,CHAdeMO,120,5,17.19,0.0,Busy,,,False,True,False,3.4,215,Pune,SYNTHETIC_ADDED
EV0675,Vita EV Charging Station 675,ChargeZone,Maharashtra,Vita,"Station Rd 15, Vita",17.4562,74.506451,CHAdeMO,30,7,20.38,36.0,Maintenance,,,False,False,False,3.1,167,Pune,SYNTHETIC_ADDED
EV0676,Kolhapur EV Charging Station 676,ChargeZone,Maharashtra,Kolhapur,"Sector 25, Kolhapur",16.683775,74.25732,CHAdeMO,7,5,20.81,0.0,Available,,,False,True,False,4.8,150,Pune,SYNTHETIC_ADDED
EV0677,Ichalkaranji EV Charging Station 677,Kazam,Maharashtra,Ichalkaranji,"Station Rd 12, Ichalkaranji",16.709919,74.444285,Type 2,90,3,20.91,6.0,Available,,,True,False,False,3.4,238,Pune,SYNTHETIC_ADDED
EV0678,Gadhinglaj EV Charging Station 678,Zeon Charging,Maharashtra,Gadhinglaj,"Station Rd 27, Gadhinglaj",16.261025,74.337334,CCS2,60,8,9.18,7.0,Available,,,False,False,True,4.3,215,Pune,SYNTHETIC_ADDED
EV0679,Kagal EV Charging Station 679,Ather Grid,Maharashtra,Kagal,"Station Rd 27, Kagal",16.573071,74.296048,DC Fast,7,2,19.59,29.0,Maintenance,,,False,True,False,3.4,244,Pune,SYNTHETIC_ADDED
EV0680,Solapur EV Charging Station 680,Statiq,Maharashtra,Solapur,"MIDC Area 30, Solapur",17.63913,75.894834,CCS2,60,2,20.18,11.0,Busy,Solapur-Pune,1,True,False,True,3.7,126,Pune,SYNTHETIC_ADDED
EV0681,Pandharpur EV Charging Station 681,MSEDCL Public Charging,Maharashtra,Pandharpur,"Sector 22, Pandharpur",17.657916,75.342189,DC Fast,60,3,10.26,23.0,Available,,,False,True,True,3.6,224,Pune,SYNTHETIC_ADDED
EV0682,Barshi EV Charging Station 682,ChargeZone,Maharashtra,Barshi,"MIDC Area 7, Barshi",18.203679,75.672682,AC,22,8,9.88,22.0,Busy,,,True,False,True,3.3,168,Pune,SYNTHETIC_ADDED
EV0683,Akkalkot EV Charging Station 683,Jio-bp,Maharashtra,Akkalkot,"MIDC Area 8, Akkalkot",17.526766,76.191708,AC,7,7,16.64,7.0,Available,,,False,False,True,3.7,110,Pune,SYNTHETIC_ADDED
EV0684,Nashik EV Charging Station 684,Ather Grid,Maharashtra,Nashik,"MIDC Area 14, Nashik",19.99473,73.781528,AC,15,5,13.94,18.0,Maintenance,,,True,True,False,4.3,74,Nashik,SYNTHETIC_ADDED
EV0685,Ozar EV Charging Station 685,Kazam,Maharashtra,Ozar,"Station Rd 9, Ozar",20.125009,73.915538,CHAdeMO,15,2,14.35,36.0,Busy,,,True,True,False,3.6,101,Nashik,SYNTHETIC_ADDED
EV0686,Igatpuri EV Charging Station 686,Jio-bp,Maharashtra,Igatpuri,"Market Yard 21, Igatpuri",19.705162,73.562869,CCS2,150,7,19.37,21.0,Busy,,,False,True,True,3.7,225,Nashik,SYNTHETIC_ADDED
EV0687,Sinnar EV Charging Station 687,Ather Grid,Maharashtra,Sinnar,"Market Yard 5, Sinnar",19.829361,73.977911,DC Fast,90,8,19.3,18.0,Maintenance,,,True,True,True,4.6,49,Nashik,SYNTHETIC_ADDED
EV0688,Malegaon EV Charging Station 688,Statiq,Maharashtra,Malegaon,"Station Rd 14, Malegaon",20.528851,74.54136,DC Fast,150,6,19.89,13.0,Busy,,,False,False,False,4.7,225,Nashik,SYNTHETIC_ADDED
EV0689,Manmad EV Charging Station 689,Jio-bp,Maharashtra,Manmad,"Station Rd 12, Manmad",20.225564,74.441516,DC Fast,120,4,13.89,36.0,Maintenance,,,True,True,True,3.7,143,Nashik,SYNTHETIC_ADDED
EV0690,Dhule EV Charging Station 690,Kazam,Maharashtra,Dhule,"Station Rd 11, Dhule",20.881092,74.789857,DC Fast,120,3,11.62,40.0,Maintenance,,,True,False,True,3.1,203,Nashik,SYNTHETIC_ADDED
EV0691,Shirpur EV Charging Station 691,Magenta ChargeGrid,Maharashtra,Shirpur,"MIDC Area 16, Shirpur",21.346777,74.908758,Type 2,7,3,9.23,19.0,Available,,,False,False,True,3.5,138,Nashik,SYNTHETIC_ADDED
EV0692,Nandurbar EV Charging Station 692,Tata Power,Maharashtra,Nandurbar,"Sector 5, Nandurbar",21.368675,74.222553,Type 2,30,2,13.44,33.0,Maintenance,,,False,False,True,3.5,141,Nashik,SYNTHETIC_ADDED
EV0693,Shahada EV Charging Station 693,Statiq,Maharashtra,Shahada,"Station Rd 6, Shahada",21.522631,74.465926,AC,60,6,14.29,14.0,Busy,,,True,False,False,4.2,107,Nashik,SYNTHETIC_ADDED
EV0694,Jalgaon EV Charging Station 694,Ather Grid,Maharashtra,Jalgaon,"MIDC Area 21, Jalgaon",21.031757,75.578143,CHAdeMO,120,2,10.98,23.0,Maintenance,,,False,False,True,3.4,156,Nashik,SYNTHETIC_ADDED
EV0695,Bhusawal EV Charging Station 695,Statiq,Maharashtra,Bhusawal,"Highway Rd 7, Bhusawal",21.051567,75.774436,AC,120,6,12.42,14.0,Maintenance,,,False,False,False,3.6,42,Nashik,SYNTHETIC_ADDED
EV0696,Chalisgaon EV Charging Station 696,Kazam,Maharashtra,Chalisgaon,"MIDC Area 14, Chalisgaon",20.471082,75.035626,CCS2,7,1,16.16,24.0,Maintenance,,,False,False,False,4.1,193,Nashik,SYNTHETIC_ADDED
EV0697,Amalner EV Charging Station 697,Jio-bp,Maharashtra,Amalner,"Station Rd 26, Amalner",21.03266,75.022196,DC Fast,150,1,17.54,18.0,Maintenance,,,False,False,True,4.2,149,Nashik,SYNTHETIC_ADDED
EV0698,Ahmednagar EV Charging Station 698,Jio-bp,Maharashtra,Ahmednagar,"Market Yard 5, Ahmednagar",19.096908,74.753872,DC Fast,120,6,8.79,18.0,Busy,,,True,False,True,3.1,120,Nashik,SYNTHETIC_ADDED
EV0699,Shirdi EV Charging Station 699,Tata Power,Maharashtra,Shirdi,"Highway Rd 22, Shirdi",19.779573,74.455863,DC Fast,60,7,12.01,29.0,Busy,,,False,False,True,3.3,175,Nashik,SYNTHETIC_ADDED
EV0700,Sangamner EV Charging Station 700,Jio-bp,Maharashtra,Sangamner,"Market Yard 29, Sangamner",19.556506,74.205962,AC,60,6,8.81,19.0,Busy,,,False,True,True,3.8,219,Nashik,SYNTHETIC_ADDED
EV0701,Kopargaon EV Charging Station 701,Magenta ChargeGrid,Maharashtra,Kopargaon,"Market Yard 17, Kopargaon",19.891576,74.473837,Type 2,120,5,9.63,28.0,Busy,,,False,False,True,4.1,215,Nashik,SYNTHETIC_ADDED
EV0702,Shrirampur EV Charging Station 702,Magenta ChargeGrid,Maharashtra,Shrirampur,"Sector 8, Shrirampur",19.64178,74.684176,Type 2,150,8,12.78,8.0,Available,,,False,False,True,4.9,114,Nashik,SYNTHETIC_ADDED
EV0703,Chhatrapati Sambhajinagar EV Charging Station 703,Magenta ChargeGrid,Maharashtra,Chhatrapati Sambhajinagar,"Station Rd 17, Chhatrapati Sambhajinagar",19.888235,75.327592,AC,90,8,13.36,3.0,Available,,,False,True,False,3.9,168,Chhatrapati Sambhajinagar,SYNTHETIC_ADDED
EV0704,Paithan EV Charging Station 704,Tata Power,Maharashtra,Paithan,"MIDC Area 28, Paithan",19.450271,75.368649,AC,22,3,20.9,40.0,Available,,,True,False,False,3.5,138,Chhatrapati Sambhajinagar,SYNTHETIC_ADDED
EV0705,Vaijapur EV Charging Station 705,MSEDCL Public Charging,Maharashtra,Vaijapur,"MIDC Area 7, Vaijapur",19.906762,74.70804,DC Fast,120,4,20.95,22.0,Available,,,False,False,True,4.7,135,Chhatrapati Sambhajinagar,SYNTHETIC_ADDED
EV0706,Kannad EV Charging Station 706,Jio-bp,Maharashtra,Kannad,"Highway Rd 12, Kannad",20.287627,75.149753,CHAdeMO,15,6,20.96,6.0,Available,,,False,False,False,4.1,90,Chhatrapati Sambhajinagar,SYNTHETIC_ADDED
EV0707,Jalna EV Charging Station 707,Kazam,Maharashtra,Jalna,"MIDC Area 16, Jalna",19.813601,75.912406,AC,150,5,19.06,19.0,Maintenance,,,True,True,True,4.0,245,Chhatrapati Sambhajinagar,SYNTHETIC_ADDED
EV0708,Ambad EV Charging Station 708,Tata Power,Maharashtra,Ambad,"Sector 14, Ambad",19.621596,75.764593,CCS2,7,3,8.71,31.0,Busy,,,False,True,True,4.1,131,Chhatrapati Sambhajinagar,SYNTHETIC_ADDED
EV0709,Parbhani EV Charging Station 709,Jio-bp,Maharashtra,Parbhani,"Station Rd 14, Parbhani",19.239001,76.803089,Type 2,22,1,20.17,37.0,Busy,,,True,False,True,3.9,70,Chhatrapati Sambhajinagar,SYNTHETIC_ADDED
EV0710,Gangakhed EV Charging Station 710,Tata Power,Maharashtra,Gangakhed,"MIDC Area 25, Gangakhed",18.978544,76.750362,AC,7,7,17.54,31.0,Busy,,,False,False,True,3.9,34,Chhatrapati Sambhajinagar,SYNTHETIC_ADDED
EV0711,Hingoli EV Charging Station 711,ChargeZone,Maharashtra,Hingoli,"Market Yard 18, Hingoli",19.740167,77.144897,CCS2,30,2,14.48,23.0,Maintenance,,,False,False,True,3.6,7,Chhatrapati Sambhajinagar,SYNTHETIC_ADDED
EV0712,Kalamnuri EV Charging Station 712,Zeon Charging,Maharashtra,Kalamnuri,"MIDC Area 25, Kalamnuri",19.870995,77.323009,Type 2,15,1,13.94,2.0,Available,,,True,False,False,3.5,81,Chhatrapati Sambhajinagar,SYNTHETIC_ADDED
EV0713,Beed EV Charging Station 713,MSEDCL Public Charging,Maharashtra,Beed,"MIDC Area 15, Beed",18.967694,75.77098,AC,22,1,12.97,13.0,Busy,,,True,False,False,3.9,175,Chhatrapati Sambhajinagar,SYNTHETIC_ADDED
EV0714,Georai EV Charging Station 714,Magenta ChargeGrid,Maharashtra,Georai,"Station Rd 19, Georai",19.275586,75.766772,CHAdeMO,22,1,17.03,37.0,Available,,,True,False,False,3.4,87,Chhatrapati Sambhajinagar,SYNTHETIC_ADDED
EV0715,Ambajogai EV Charging Station 715,Magenta ChargeGrid,Maharashtra,Ambajogai,"Station Rd 1, Ambajogai",18.707316,76.36771,DC Fast,120,3,14.05,23.0,Busy,,,True,True,True,3.7,189,Chhatrapati Sambhajinagar,SYNTHETIC_ADDED
EV0716,Nanded EV Charging Station 716,Statiq,Maharashtra,Nanded,"MIDC Area 27, Nanded",19.1188,77.298195,Type 2,7,3,19.86,18.0,Busy,,,False,False,False,4.3,116,Chhatrapati Sambhajinagar,SYNTHETIC_ADDED
EV0717,Deglur EV Charging Station 717,MSEDCL Public Charging,Maharashtra,Deglur,"Station Rd 30, Deglur",18.555792,77.590892,AC,15,4,10.92,23.0,Available,,,True,True,False,3.4,185,Chhatrapati Sambhajinagar,SYNTHETIC_ADDED
EV0718,Kandhar EV Charging Station 718,MSEDCL Public Charging,Maharashtra,Kandhar,"Market Yard 30, Kandhar",18.824116,77.168537,CHAdeMO,22,2,17.55,0.0,Busy,,,False,False,False,4.7,94,Chhatrapati Sambhajinagar,SYNTHETIC_ADDED
EV0719,Latur EV Charging Station 719,Zeon Charging,Maharashtra,Latur,"Highway Rd 28, Latur",18.405171,76.543442,CCS2,150,3,17.96,33.0,Busy,,,False,True,True,4.4,126,Chhatrapati Sambhajinagar,SYNTHETIC_ADDED
EV0720,Udgir EV Charging Station 720,Zeon Charging,Maharashtra,Udgir,"Market Yard 5, Udgir",18.400497,77.12639,CCS2,150,2,12.69,13.0,Available,,,False,False,True,3.4,169,Chhatrapati Sambhajinagar,SYNTHETIC_ADDED
EV0721,Ausa EV Charging Station 721,Ather Grid,Maharashtra,Ausa,"Station Rd 5, Ausa",18.255154,76.486539,DC Fast,60,8,11.27,38.0,Available,,,False,False,True,4.0,157,Chhatrapati Sambhajinagar,SYNTHETIC_ADDED
EV0722,Osmanabad EV Charging Station 722,MSEDCL Public Charging,Maharashtra,Osmanabad,"Market Yard 11, Osmanabad",18.205118,76.030198,AC,22,6,20.24,27.0,Maintenance,,,False,False,True,4.6,187,Chhatrapati Sambhajinagar,SYNTHETIC_ADDED
EV0723,Tuljapur EV Charging Station 723,Zeon Charging,Maharashtra,Tuljapur,"Sector 22, Tuljapur",17.986409,76.10812,AC,30,3,10.8,21.0,Maintenance,,,False,False,True,4.2,223,Chhatrapati Sambhajinagar,SYNTHETIC_ADDED
EV0724,Pune EV Charging Station 724,ChargeZone,Maharashtra,Pune,"Sector 23, Pune",18.505993,73.839397,CHAdeMO,150,6,16.28,18.0,Busy,Pune-Nashik,1,False,False,False,4.2,99,Pune,SYNTHETIC_ADDED
EV0725,Pimpri-Chinchwad EV Charging Station 725,ChargeZone,Maharashtra,Pimpri-Chinchwad,"Sector 28, Pimpri-Chinchwad",18.634159,73.771071,CHAdeMO,15,7,11.01,31.0,Maintenance,,,False,True,False,3.3,93,Pune,SYNTHETIC_ADDED
EV0726,Hinjawadi EV Charging Station 726,Zeon Charging,Maharashtra,Hinjawadi,"Highway Rd 9, Hinjawadi",18.568237,73.748084,CHAdeMO,60,2,18.2,38.0,Maintenance,,,False,True,False,4.8,209,Pune,SYNTHETIC_ADDED
EV0727,Wakad EV Charging Station 727,Ather Grid,Maharashtra,Wakad,"Highway Rd 6, Wakad",18.573092,73.755812,AC,90,5,11.72,10.0,Maintenance,,,False,False,False,3.9,147,Pune,SYNTHETIC_ADDED
EV0728,Hadapsar EV Charging Station 728,Magenta ChargeGrid,Maharashtra,Hadapsar,"Highway Rd 27, Hadapsar",18.480741,73.918068,AC,22,7,20.12,29.0,Available,,,True,False,False,4.7,144,Pune,SYNTHETIC_ADDED
EV0729,Baner EV Charging Station 729,Ather Grid,Maharashtra,Baner,"Station Rd 21, Baner",18.53054,73.760401,Type 2,60,5,19.15,6.0,Maintenance,,,True,False,True,4.8,225,Pune,SYNTHETIC_ADDED
EV0730,Chakan EV Charging Station 730,Kazam,Maharashtra,Chakan,"Station Rd 12, Chakan",18.739528,73.843482,Type 2,22,5,13.51,35.0,Busy,,,False,True,True,3.9,83,Pune,SYNTHETIC_ADDED
EV0731,Talegaon EV Charging Station 731,Tata Power,Maharashtra,Talegaon,"Sector 18, Talegaon",18.761801,73.697058,CHAdeMO,15,5,16.42,9.0,Busy,,,True,True,False,3.2,99,Pune,SYNTHETIC_ADDED
EV0732,Lonavala EV Charging Station 732,ChargeZone,Maharashtra,Lonavala,"Highway Rd 12, Lonavala",18.74989,73.433046,DC Fast,7,3,18.23,17.0,Maintenance,,,True,True,False,3.6,160,Pune,SYNTHETIC_ADDED
EV0733,Saswad EV Charging Station 733,Zeon Charging,Maharashtra,Saswad,"Highway Rd 25, Saswad",18.339538,74.042924,DC Fast,90,2,18.19,3.0,Busy,,,False,False,True,4.6,136,Pune,SYNTHETIC_ADDED
EV0734,Baramati EV Charging Station 734,ChargeZone,Maharashtra,Baramati,"MIDC Area 14, Baramati",18.129678,74.555719,CCS2,30,7,9.01,33.0,Busy,,,False,False,True,3.1,85,Pune,SYNTHETIC_ADDED
EV0735,Daund EV Charging Station 735,MSEDCL Public Charging,Maharashtra,Daund,"MIDC Area 13, Daund",18.449451,74.592299,CHAdeMO,7,4,9.17,0.0,Maintenance,,,False,False,True,3.7,176,Pune,SYNTHETIC_ADDED
EV0736,Junnar EV Charging Station 736,Kazam,Maharashtra,Junnar,"Market Yard 24, Junnar",19.208949,73.899645,AC,60,1,20.99,14.0,Maintenance,,,False,False,True,4.1,85,Pune,SYNTHETIC_ADDED
EV0737,Satara EV Charging Station 737,MSEDCL Public Charging,Maharashtra,Satara,"Sector 11, Satara",17.67667,73.99588,Type 2,90,1,17.75,31.0,Maintenance,,,False,False,True,4.2,8,Pune,SYNTHETIC_ADDED
EV0738,Karad EV Charging Station 738,MSEDCL Public Charging,Maharashtra,Karad,"Highway Rd 21, Karad",17.291413,74.15525,CCS2,15,8,9.49,36.0,Busy,,,False,True,False,3.3,196,Pune,SYNTHETIC_ADDED
EV0739,Phaltan EV Charging Station 739,MSEDCL Public Charging,Maharashtra,Phaltan,"Station Rd 4, Phaltan",18.009794,74.437019,CHAdeMO,60,6,14.82,13.0,Busy,,,False,False,True,3.0,80,Pune,SYNTHETIC_ADDED
EV0740,Wai EV Charging Station 740,Jio-bp,Maharashtra,Wai,"Sector 1, Wai",17.977569,73.90167,Type 2,30,4,11.38,1.0,Busy,,,False,False,False,3.9,206,Pune,SYNTHETIC_ADDED
EV0741,Mahabaleshwar EV Charging Station 741,ChargeZone,Maharashtra,Mahabaleshwar,"Sector 15, Mahabaleshwar",17.934363,73.653541,CHAdeMO,22,8,14.41,18.0,Busy,,,False,False,False,4.5,46,Pune,SYNTHETIC_ADDED
EV0742,Sangli EV Charging Station 742,MSEDCL Public Charging,Maharashtra,Sangli,"Highway Rd 1, Sangli",16.852815,74.553156,Type 2,30,5,13.3,39.0,Maintenance,,,False,False,True,4.4,188,Pune,SYNTHETIC_ADDED
EV0743,Miraj EV Charging Station 743,Zeon Charging,Maharashtra,Miraj,"Station Rd 18, Miraj",16.845093,74.666751,DC Fast,90,5,10.35,1.0,Maintenance,,,False,False,True,3.1,55,Pune,SYNTHETIC_ADDED
EV0744,Islampur EV Charging Station 744,Jio-bp,Maharashtra,Islampur,"Market Yard 21, Islampur",17.050112,74.22013,AC,60,6,11.8,1.0,Available,,,True,False,False,3.5,175,Pune,SYNTHETIC_ADDED
EV0745,Vita EV Charging Station 745,ChargeZone,Maharashtra,Vita,"Highway Rd 2, Vita",17.476813,74.555922,CCS2,90,7,8.82,18.0,Busy,,,False,True,False,4.8,21,Pune,SYNTHETIC_ADDED
EV0746,Kolhapur EV Charging Station 746,Zeon Charging,Maharashtra,Kolhapur,"MIDC Area 6, Kolhapur",16.71415,74.219004,CCS2,60,6,9.77,4.0,Maintenance,Pune-Kolhapur,3,False,False,True,4.9,177,Pune,SYNTHETIC_ADDED
EV0747,Ichalkaranji EV Charging Station 747,MSEDCL Public Charging,Maharashtra,Ichalkaranji,"Sector 5, Ichalkaranji",16.693012,74.488881,DC Fast,120,4,9.6,1.0,Maintenance,,,False,False,True,3.8,162,Pune,SYNTHETIC_ADDED
EV0748,Gadhinglaj EV Charging Station 748,ChargeZone,Maharashtra,Gadhinglaj,"Highway Rd 15, Gadhinglaj",16.227797,74.370801,AC,30,1,17.37,34.0,Available,,,False,False,False,3.4,116,Pune,SYNTHETIC_ADDED
EV0749,Kagal EV Charging Station 749,Statiq,Maharashtra,Kagal,"MIDC Area 19, Kagal",16.56377,74.287011,CHAdeMO,90,6,8.74,27.0,Busy,,,True,False,False,3.0,23,Pune,SYNTHETIC_ADDED
EV0750,Solapur EV Charging Station 750,Jio-bp,Maharashtra,Solapur,"Station Rd 30, Solapur",17.668266,75.890173,Type 2,15,8,16.1,7.0,Busy,,,True,False,False,4.6,176,Pune,SYNTHETIC_ADDED
EV0751,Pandharpur EV Charging Station 751,Ather Grid,Maharashtra,Pandharpur,"MIDC Area 22, Pandharpur",17.668641,75.349382,CHAdeMO,15,2,14.39,31.0,Available,,,False,False,True,4.0,159,Pune,SYNTHETIC_ADDED
EV0752,Barshi EV Charging Station 752,MSEDCL Public Charging,Maharashtra,Barshi,"Market Yard 29, Barshi",18.243867,75.678035,AC,22,7,14.95,29.0,Busy,,,False,False,True,3.1,126,Pune,SYNTHETIC_ADDED
EV0753,Akkalkot EV Charging Station 753,Jio-bp,Maharashtra,Akkalkot,"Highway Rd 27, Akkalkot",17.524528,76.231007,AC,120,8,14.18,9.0,Available,,,False,True,True,4.4,233,Pune,SYNTHETIC_ADDED
EV0754,Nashik EV Charging Station 754,MSEDCL Public Charging,Maharashtra,Nashik,"Sector 17, Nashik",19.996089,73.804491,CCS2,120,2,16.04,33.0,Busy,,,False,True,False,4.2,38,Nashik,SYNTHETIC_ADDED
EV0755,Ozar EV Charging Station 755,Jio-bp,Maharashtra,Ozar,"Market Yard 2, Ozar",20.107347,73.906221,DC Fast,30,5,11.12,0.0,Available,,,True,True,False,4.6,220,Nashik,SYNTHETIC_ADDED
EV0756,Igatpuri EV Charging Station 756,Kazam,Maharashtra,Igatpuri,"Market Yard 2, Igatpuri",19.715229,73.538744,CHAdeMO,120,8,13.13,1.0,Maintenance,,,True,False,False,3.0,17,Nashik,SYNTHETIC_ADDED
EV0757,Sinnar EV Charging Station 757,Magenta ChargeGrid,Maharashtra,Sinnar,"Sector 29, Sinnar",19.847864,73.987568,AC,7,5,12.93,22.0,Available,,,False,False,True,4.1,168,Nashik,SYNTHETIC_ADDED
EV0758,Malegaon EV Charging Station 758,MSEDCL Public Charging,Maharashtra,Malegaon,"Station Rd 28, Malegaon",20.57931,74.54614,CCS2,15,5,8.67,5.0,Maintenance,,,True,False,False,4.5,35,Nashik,SYNTHETIC_ADDED
EV0759,Manmad EV Charging Station 759,Ather Grid,Maharashtra,Manmad,"Highway Rd 11, Manmad",20.261303,74.434443,CHAdeMO,7,2,10.79,14.0,Available,,,True,False,True,4.6,82,Nashik,SYNTHETIC_ADDED
EV0760,Dhule EV Charging Station 760,MSEDCL Public Charging,Maharashtra,Dhule,"Station Rd 23, Dhule",20.914116,74.774922,Type 2,60,1,18.47,21.0,Busy,,,False,True,True,4.6,237,Nashik,SYNTHETIC_ADDED
EV0761,Shirpur EV Charging Station 761,Jio-bp,Maharashtra,Shirpur,"Station Rd 2, Shirpur",21.340329,74.873268,AC,120,2,9.69,6.0,Busy,,,False,True,False,4.3,224,Nashik,SYNTHETIC_ADDED
EV0762,Nandurbar EV Charging Station 762,Ather Grid,Maharashtra,Nandurbar,"Highway Rd 21, Nandurbar",21.338624,74.222205,CHAdeMO,30,7,13.63,17.0,Busy,,,False,False,True,4.6,27,Nashik,SYNTHETIC_ADDED
EV0763,Shahada EV Charging Station 763,ChargeZone,Maharashtra,Shahada,"Sector 24, Shahada",21.577744,74.464683,Type 2,30,8,12.42,36.0,Maintenance,,,False,False,True,3.6,108,Nashik,SYNTHETIC_ADDED
EV0764,Jalgaon EV Charging Station 764,Ather Grid,Maharashtra,Jalgaon,"MIDC Area 16, Jalgaon",20.984413,75.545937,CCS2,22,8,10.58,34.0,Busy,,,True,True,True,3.7,104,Nashik,SYNTHETIC_ADDED
EV0765,Bhusawal EV Charging Station 765,Zeon Charging,Maharashtra,Bhusawal,"Sector 21, Bhusawal",21.033854,75.780169,DC Fast,90,3,8.75,19.0,Maintenance,,,True,False,True,3.1,154,Nashik,SYNTHETIC_ADDED
EV0766,Chalisgaon EV Charging Station 766,Ather Grid,Maharashtra,Chalisgaon,"MIDC Area 21, Chalisgaon",20.44902,75.035897,CCS2,150,2,8.57,11.0,Maintenance,,,False,False,True,3.5,146,Nashik,SYNTHETIC_ADDED
EV0767,Amalner EV Charging Station 767,ChargeZone,Maharashtra,Amalner,"MIDC Area 9, Amalner",21.042774,75.031742,CCS2,15,3,14.28,7.0,Available,,,True,True,True,4.1,110,Nashik,SYNTHETIC_ADDED
EV0768,Ahmednagar EV Charging Station 768,Kazam,Maharashtra,Ahmednagar,"Market Yard 25, Ahmednagar",19.079985,74.742656,CHAdeMO,22,3,10.27,17.0,Available,,,False,False,True,3.6,167,Nashik,SYNTHETIC_ADDED
EV0769,Shirdi EV Charging Station 769,Jio-bp,Maharashtra,Shirdi,"Sector 8, Shirdi",19.766581,74.457164,Type 2,22,7,9.5,22.0,Maintenance,,,True,False,True,3.1,59,Nashik,SYNTHETIC_ADDED
EV0770,Sangamner EV Charging Station 770,Tata Power,Maharashtra,Sangamner,"Station Rd 19, Sangamner",19.577142,74.221174,CCS2,90,4,20.66,26.0,Maintenance,,,False,False,False,5.0,36,Nashik,SYNTHETIC_ADDED
EV0771,Kopargaon EV Charging Station 771,Magenta ChargeGrid,Maharashtra,Kopargaon,"Station Rd 26, Kopargaon",19.912558,74.499474,CCS2,60,4,11.31,36.0,Busy,,,False,False,True,3.6,126,Nashik,SYNTHETIC_ADDED
EV0772,Shrirampur EV Charging Station 772,ChargeZone,Maharashtra,Shrirampur,"Station Rd 16, Shrirampur",19.633874,74.661477,DC Fast,120,5,17.73,31.0,Maintenance,,,True,True,True,4.3,120,Nashik,SYNTHETIC_ADDED
EV0773,Chhatrapati Sambhajinagar EV Charging Station 773,Tata Power,Maharashtra,Chhatrapati Sambhajinagar,"Station Rd 17, Chhatrapati Sambhajinagar",19.878148,75.331797,AC,150,2,9.42,10.0,Busy,,,True,False,False,4.7,77,Chhatrapati Sambhajinagar,SYNTHETIC_ADDED
EV0774,Paithan EV Charging Station 774,Tata Power,Maharashtra,Paithan,"Market Yard 26, Paithan",19.475317,75.38976,DC Fast,60,3,13.07,20.0,Busy,,,False,True,False,4.3,208,Chhatrapati Sambhajinagar,SYNTHETIC_ADDED
EV0775,Vaijapur EV Charging Station 775,Zeon Charging,Maharashtra,Vaijapur,"Highway Rd 23, Vaijapur",19.941033,74.716793,AC,22,8,16.09,33.0,Available,,,True,False,True,4.1,101,Chhatrapati Sambhajinagar,SYNTHETIC_ADDED
EV0776,Kannad EV Charging Station 776,ChargeZone,Maharashtra,Kannad,"Highway Rd 17, Kannad",20.271627,75.107299,DC Fast,120,8,12.19,32.0,Busy,,,False,True,True,4.4,139,Chhatrapati Sambhajinagar,SYNTHETIC_ADDED
EV0777,Jalna EV Charging Station 777,Tata Power,Maharashtra,Jalna,"Sector 25, Jalna",19.840216,75.915251,Type 2,150,2,21.38,32.0,Maintenance,,,False,False,False,4.8,156,Chhatrapati Sambhajinagar,SYNTHETIC_ADDED
EV0778,Ambad EV Charging Station 778,MSEDCL Public Charging,Maharashtra,Ambad,"MIDC Area 19, Ambad",19.615,75.806781,DC Fast,60,3,20.36,8.0,Available,,,False,False,True,4.7,82,Chhatrapati Sambhajinagar,SYNTHETIC_ADDED
EV0779,Parbhani EV Charging Station 779,Kazam,Maharashtra,Parbhani,"Highway Rd 28, Parbhani",19.246769,76.743766,DC Fast,30,5,19.69,18.0,Maintenance,,,False,False,False,3.5,70,Chhatrapati Sambhajinagar,SYNTHETIC_ADDED
EV0780,Gangakhed EV Charging Station 780,MSEDCL Public Charging,Maharashtra,Gangakhed,"Sector 30, Gangakhed",18.97367,76.774873,Type 2,150,1,10.33,34.0,Busy,,,True,False,True,4.5,227,Chhatrapati Sambhajinagar,SYNTHETIC_ADDED
EV0781,Hingoli EV Charging Station 781,Tata Power,Maharashtra,Hingoli,"Highway Rd 15, Hingoli",19.702863,77.129069,Type 2,30,4,20.05,28.0,Available,,,True,False,True,3.2,230,Chhatrapati Sambhajinagar,SYNTHETIC_ADDED
EV0782,Kalamnuri EV Charging Station 782,Kazam,Maharashtra,Kalamnuri,"MIDC Area 24, Kalamnuri",19.879193,77.360568,CCS2,150,2,9.35,5.0,Busy,,,False,True,True,3.7,219,Chhatrapati Sambhajinagar,SYNTHETIC_ADDED
EV0783,Beed EV Charging Station 783,Kazam,Maharashtra,Beed,"Market Yard 17, Beed",18.964275,75.734667,CHAdeMO,90,2,17.82,2.0,Maintenance,,,True,False,True,5.0,89,Chhatrapati Sambhajinagar,SYNTHETIC_ADDED
EV0784,Georai EV Charging Station 784,Tata Power,Maharashtra,Georai,"Highway Rd 28, Georai",19.256346,75.769825,CCS2,120,2,12.89,15.0,Busy,,,True,False,False,4.1,113,Chhatrapati Sambhajinagar,SYNTHETIC_ADDED
EV0785,Ambajogai EV Charging Station 785,Jio-bp,Maharashtra,Ambajogai,"Market Yard 25, Ambajogai",18.75271,76.410684,CHAdeMO,150,2,11.29,8.0,Available,,,False,True,True,3.0,232,Chhatrapati Sambhajinagar,SYNTHETIC_ADDED
EV0786,Nanded EV Charging Station 786,ChargeZone,Maharashtra,Nanded,"MIDC Area 20, Nanded",19.166663,77.30673,Type 2,15,2,18.81,15.0,Maintenance,,,True,False,True,4.4,171,Chhatrapati Sambhajinagar,SYNTHETIC_ADDED
EV0787,Deglur EV Charging Station 787,Ather Grid,Maharashtra,Deglur,"Station Rd 2, Deglur",18.505507,77.542754,CCS2,15,2,12.25,24.0,Maintenance,,,False,True,False,3.3,82,Chhatrapati Sambhajinagar,SYNTHETIC_ADDED
EV0788,Kandhar EV Charging Station 788,Kazam,Maharashtra,Kandhar,"MIDC Area 1, Kandhar",18.871327,77.142111,AC,120,7,10.86,37.0,Busy,,,False,True,True,3.7,116,Chhatrapati Sambhajinagar,SYNTHETIC_ADDED
EV0789,Latur EV Charging Station 789,Tata Power,Maharashtra,Latur,"Station Rd 25, Latur",18.408705,76.582325,DC Fast,15,5,10.2,1.0,Maintenance,,,False,True,True,3.8,39,Chhatrapati Sambhajinagar,SYNTHETIC_ADDED
EV0790,Udgir EV Charging Station 790,Zeon Charging,Maharashtra,Udgir,"Highway Rd 11, Udgir",18.371292,77.106163,Type 2,60,2,16.13,39.0,Available,,,False,True,True,3.7,54,Chhatrapati Sambhajinagar,SYNTHETIC_ADDED
EV0791,Ausa EV Charging Station 791,Tata Power,Maharashtra,Ausa,"Market Yard 16, Ausa",18.242682,76.483776,AC,15,2,11.32,16.0,Available,,,False,False,False,3.3,50,Chhatrapati Sambhajinagar,SYNTHETIC_ADDED
EV0792,Osmanabad EV Charging Station 792,ChargeZone,Maharashtra,Osmanabad,"Highway Rd 12, Osmanabad",18.184132,76.042953,CCS2,150,1,20.68,31.0,Busy,,,False,True,True,3.3,237,Chhatrapati Sambhajinagar,SYNTHETIC_ADDED
EV0793,Tuljapur EV Charging Station 793,Jio-bp,Maharashtra,Tuljapur,"Market Yard 17, Tuljapur",18.01114,76.076455,Type 2,15,7,8.9,24.0,Maintenance,,,True,False,True,4.3,208,Chhatrapati Sambhajinagar,SYNTHETIC_ADDED
EV0794,Pune EV Charging Station 794,Zeon Charging,Maharashtra,Pune,"Highway Rd 22, Pune",18.491479,73.835506,CCS2,15,3,11.0,5.0,Busy,Pune-Kolhapur,1,True,False,False,3.9,33,Pune,SYNTHETIC_ADDED
EV0795,Pimpri-Chinchwad EV Charging Station 795,Magenta ChargeGrid,Maharashtra,Pimpri-Chinchwad,"Station Rd 23, Pimpri-Chinchwad",18.600248,73.773517,CHAdeMO,150,2,16.41,20.0,Available,,,True,False,False,3.5,147,Pune,SYNTHETIC_ADDED
EV0796,Hinjawadi EV Charging Station 796,Tata Power,Maharashtra,Hinjawadi,"Market Yard 24, Hinjawadi",18.615485,73.754985,CHAdeMO,120,6,14.9,5.0,Busy,,,False,False,True,4.1,39,Pune,SYNTHETIC_ADDED
EV0797,Wakad EV Charging Station 797,MSEDCL Public Charging,Maharashtra,Wakad,"MIDC Area 10, Wakad",18.607736,73.775488,CHAdeMO,60,7,12.49,34.0,Available,,,False,False,True,3.1,206,Pune,SYNTHETIC_ADDED
EV0798,Hadapsar EV Charging Station 798,ChargeZone,Maharashtra,Hadapsar,"Market Yard 14, Hadapsar",18.495189,73.954294,DC Fast,15,2,9.73,9.0,Busy,,,False,False,True,3.7,114,Pune,SYNTHETIC_ADDED
EV0799,Baner EV Charging Station 799,Ather Grid,Maharashtra,Baner,"MIDC Area 13, Baner",18.53998,73.79853,DC Fast,60,2,15.89,32.0,Maintenance,,,False,False,False,3.2,205,Pune,SYNTHETIC_ADDED
EV0800,Chakan EV Charging Station 800,Magenta ChargeGrid,Maharashtra,Chakan,"MIDC Area 20, Chakan",18.754459,73.848994,CCS2,90,3,14.86,15.0,Busy,,,False,False,True,3.7,73,Pune,SYNTHETIC_ADDED
EV0801,Talegaon EV Charging Station 801,Jio-bp,Maharashtra,Talegaon,"Station Rd 18, Talegaon",18.754552,73.695243,DC Fast,7,7,13.3,35.0,Available,,,False,False,True,4.8,206,Pune,SYNTHETIC_ADDED
EV0802,Lonavala EV Charging Station 802,Statiq,Maharashtra,Lonavala,"Market Yard 29, Lonavala",18.728946,73.384976,AC,60,4,18.94,3.0,Busy,,,False,False,False,3.1,96,Pune,SYNTHETIC_ADDED
EV0803,Saswad EV Charging Station 803,ChargeZone,Maharashtra,Saswad,"Market Yard 28, Saswad",18.324065,74.000132,CCS2,15,8,18.41,23.0,Busy,,,True,False,False,3.5,131,Pune,SYNTHETIC_ADDED
EV0804,Baramati EV Charging Station 804,ChargeZone,Maharashtra,Baramati,"Market Yard 21, Baramati",18.134204,74.610687,CHAdeMO,90,6,20.14,20.0,Available,,,False,False,True,4.0,86,Pune,SYNTHETIC_ADDED
EV0805,Daund EV Charging Station 805,Magenta ChargeGrid,Maharashtra,Daund,"Market Yard 24, Daund",18.445805,74.59471,AC,7,4,16.0,13.0,Available,,,False,True,False,3.4,75,Pune,SYNTHETIC_ADDED
EV0806,Junnar EV Charging Station 806,Ather Grid,Maharashtra,Junnar,"Highway Rd 3, Junnar",19.199489,73.90125,DC Fast,30,8,19.22,40.0,Maintenance,,,True,False,False,3.1,81,Pune,SYNTHETIC_ADDED
EV0807,Satara EV Charging Station 807,Statiq,Maharashtra,Satara,"Highway Rd 13, Satara",17.667941,74.047933,CCS2,7,8,12.76,4.0,Maintenance,,,True,True,True,3.4,228,Pune,SYNTHETIC_ADDED
EV0808,Karad EV Charging Station 808,Magenta ChargeGrid,Maharashtra,Karad,"Station Rd 14, Karad",17.310668,74.186425,DC Fast,150,3,11.18,33.0,Maintenance,,,True,False,False,4.5,113,Pune,SYNTHETIC_ADDED
EV0809,Phaltan EV Charging Station 809,Magenta ChargeGrid,Maharashtra,Phaltan,"Station Rd 26, Phaltan",18.010928,74.445774,Type 2,60,7,9.91,29.0,Busy,,,False,True,False,4.2,8,Pune,SYNTHETIC_ADDED
EV0810,Wai EV Charging Station 810,Magenta ChargeGrid,Maharashtra,Wai,"MIDC Area 11, Wai",17.933823,73.869654,DC Fast,30,6,9.01,23.0,Available,,,False,True,False,4.3,73,Pune,SYNTHETIC_ADDED
EV0811,Mahabaleshwar EV Charging Station 811,Zeon Charging,Maharashtra,Mahabaleshwar,"Sector 10, Mahabaleshwar",17.930212,73.655838,DC Fast,30,8,16.09,22.0,Maintenance,,,True,True,True,4.6,71,Pune,SYNTHETIC_ADDED
EV0812,Sangli EV Charging Station 812,Zeon Charging,Maharashtra,Sangli,"Sector 22, Sangli",16.833404,74.591219,Type 2,30,4,19.35,29.0,Available,,,False,False,False,3.4,160,Pune,SYNTHETIC_ADDED
EV0813,Miraj EV Charging Station 813,Zeon Charging,Maharashtra,Miraj,"Highway Rd 10, Miraj",16.832635,74.65439,AC,90,2,16.81,5.0,Busy,,,True,False,True,3.8,115,Pune,SYNTHETIC_ADDED
EV0814,Islampur EV Charging Station 814,Magenta ChargeGrid,Maharashtra,Islampur,"MIDC Area 12, Islampur",17.032592,74.227715,Type 2,90,8,20.78,27.0,Available,,,False,False,False,4.3,226,Pune,SYNTHETIC_ADDED
EV0815,Vita EV Charging Station 815,Ather Grid,Maharashtra,Vita,"Highway Rd 2, Vita",17.446179,74.528789,CHAdeMO,150,5,11.13,17.0,Busy,,,False,True,False,4.3,223,Pune,SYNTHETIC_ADDED
EV0816,Kolhapur EV Charging Station 816,Tata Power,Maharashtra,Kolhapur,"Sector 8, Kolhapur",16.708295,74.232838,Type 2,150,4,13.39,32.0,Busy,,,True,True,True,5.0,62,Pune,SYNTHETIC_ADDED
EV0817,Ichalkaranji EV Charging Station 817,Zeon Charging,Maharashtra,Ichalkaranji,"Station Rd 23, Ichalkaranji",16.720732,74.462563,CCS2,150,6,20.73,25.0,Maintenance,,,False,True,False,3.2,207,Pune,SYNTHETIC_ADDED
EV0818,Gadhinglaj EV Charging Station 818,ChargeZone,Maharashtra,Gadhinglaj,"MIDC Area 24, Gadhinglaj",16.238076,74.340826,Type 2,120,1,15.68,12.0,Maintenance,,,False,False,True,3.9,96,Pune,SYNTHETIC_ADDED
EV0819,Kagal EV Charging Station 819,Jio-bp,Maharashtra,Kagal,"MIDC Area 27, Kagal",16.576627,74.336688,CHAdeMO,15,7,15.29,0.0,Busy,,,False,True,True,4.4,34,Pune,SYNTHETIC_ADDED
EV0820,Solapur EV Charging Station 820,MSEDCL Public Charging,Maharashtra,Solapur,"Station Rd 19, Solapur",17.677493,75.911579,Type 2,7,8,10.76,30.0,Maintenance,,,True,False,True,4.8,247,Pune,SYNTHETIC_ADDED
EV0821,Pandharpur EV Charging Station 821,Magenta ChargeGrid,Maharashtra,Pandharpur,"Highway Rd 17, Pandharpur",17.70284,75.351113,CHAdeMO,30,5,14.92,3.0,Available,,,False,False,False,4.7,238,Pune,SYNTHETIC_ADDED
EV0822,Barshi EV Charging Station 822,Kazam,Maharashtra,Barshi,"Sector 17, Barshi",18.251427,75.680571,DC Fast,120,4,8.91,0.0,Available,,,False,True,False,3.6,33,Pune,SYNTHETIC_ADDED
EV0823,Akkalkot EV Charging Station 823,Kazam,Maharashtra,Akkalkot,"Station Rd 6, Akkalkot",17.500202,76.194741,CHAdeMO,7,6,20.83,32.0,Available,,,True,False,True,3.5,52,Pune,SYNTHETIC_ADDED
EV0824,Nashik EV Charging Station 824,Tata Power,Maharashtra,Nashik,"Market Yard 6, Nashik",20.009038,73.815516,CHAdeMO,150,6,13.34,39.0,Available,,,True,False,True,4.3,182,Nashik,SYNTHETIC_ADDED
EV0825,Ozar EV Charging Station 825,Jio-bp,Maharashtra,Ozar,"Station Rd 13, Ozar",20.095384,73.914859,DC Fast,30,8,13.89,31.0,Busy,,,True,False,False,3.2,62,Nashik,SYNTHETIC_ADDED
EV0826,Igatpuri EV Charging Station 826,MSEDCL Public Charging,Maharashtra,Igatpuri,"MIDC Area 30, Igatpuri",19.688404,73.57193,CCS2,30,6,12.24,34.0,Busy,,,True,True,True,3.0,161,Nashik,SYNTHETIC_ADDED
EV0827,Sinnar EV Charging Station 827,Statiq,Maharashtra,Sinnar,"Market Yard 4, Sinnar",19.871073,73.984335,DC Fast,90,3,17.13,12.0,Busy,,,True,False,False,3.7,13,Nashik,SYNTHETIC_ADDED
EV0828,Malegaon EV Charging Station 828,ChargeZone,Maharashtra,Malegaon,"Sector 17, Malegaon",20.533223,74.531712,CHAdeMO,22,3,13.85,5.0,Maintenance,,,True,True,True,4.8,196,Nashik,SYNTHETIC_ADDED
EV0829,Manmad EV Charging Station 829,Statiq,Maharashtra,Manmad,"Market Yard 23, Manmad",20.272346,74.436882,CHAdeMO,60,2,16.54,24.0,Busy,,,False,True,False,3.2,211,Nashik,SYNTHETIC_ADDED
EV0830,Dhule EV Charging Station 830,Zeon Charging,Maharashtra,Dhule,"MIDC Area 7, Dhule",20.883861,74.763683,CHAdeMO,7,3,11.11,2.0,Maintenance,,,False,True,True,3.7,133,Nashik,SYNTHETIC_ADDED
EV0831,Shirpur EV Charging Station 831,MSEDCL Public Charging,Maharashtra,Shirpur,"MIDC Area 16, Shirpur",21.341452,74.855066,Type 2,90,8,18.1,31.0,Maintenance,,,False,False,False,4.2,240,Nashik,SYNTHETIC_ADDED
EV0832,Nandurbar EV Charging Station 832,Zeon Charging,Maharashtra,Nandurbar,"Highway Rd 19, Nandurbar",21.368313,74.230196,CCS2,30,4,12.84,1.0,Busy,,,False,False,True,5.0,217,Nashik,SYNTHETIC_ADDED
EV0833,Shahada EV Charging Station 833,Jio-bp,Maharashtra,Shahada,"Sector 11, Shahada",21.537175,74.457833,AC,60,3,11.42,1.0,Available,,,True,False,False,3.4,204,Nashik,SYNTHETIC_ADDED
EV0834,Jalgaon EV Charging Station 834,Ather Grid,Maharashtra,Jalgaon,"Sector 24, Jalgaon",21.024128,75.592296,DC Fast,60,8,11.18,14.0,Busy,,,False,True,False,4.9,207,Nashik,SYNTHETIC_ADDED
EV0835,Bhusawal EV Charging Station 835,Tata Power,Maharashtra,Bhusawal,"Station Rd 3, Bhusawal",21.072643,75.799115,CHAdeMO,150,8,17.22,18.0,Maintenance,,,True,False,True,3.9,94,Nashik,SYNTHETIC_ADDED
EV0836,Chalisgaon EV Charging Station 836,Kazam,Maharashtra,Chalisgaon,"Station Rd 13, Chalisgaon",20.452545,74.993367,CCS2,15,5,11.73,34.0,Maintenance,,,False,False,False,4.4,163,Nashik,SYNTHETIC_ADDED
EV0837,Amalner EV Charging Station 837,Magenta ChargeGrid,Maharashtra,Amalner,"Highway Rd 23, Amalner",21.060822,75.054395,AC,150,4,20.88,31.0,Available,,,True,False,True,4.9,245,Nashik,SYNTHETIC_ADDED
EV0838,Ahmednagar EV Charging Station 838,ChargeZone,Maharashtra,Ahmednagar,"MIDC Area 2, Ahmednagar",19.095911,74.773021,AC,30,6,14.58,4.0,Busy,,,True,False,True,3.9,236,Nashik,SYNTHETIC_ADDED
EV0839,Shirdi EV Charging Station 839,Kazam,Maharashtra,Shirdi,"Highway Rd 14, Shirdi",19.742157,74.477908,DC Fast,150,6,17.35,7.0,Available,,,True,False,True,5.0,36,Nashik,SYNTHETIC_ADDED
EV0840,Sangamner EV Charging Station 840,Jio-bp,Maharashtra,Sangamner,"MIDC Area 28, Sangamner",19.594155,74.2274,DC Fast,15,1,18.73,37.0,Available,,,True,False,False,3.9,215,Nashik,SYNTHETIC_ADDED
EV0841,Kopargaon EV Charging Station 841,MSEDCL Public Charging,Maharashtra,Kopargaon,"Highway Rd 24, Kopargaon",19.861381,74.467745,CCS2,7,1,10.02,8.0,Busy,,,False,False,False,4.8,134,Nashik,SYNTHETIC_ADDED
EV0842,Shrirampur EV Charging Station 842,Magenta ChargeGrid,Maharashtra,Shrirampur,"Sector 6, Shrirampur",19.621243,74.639834,AC,60,5,20.92,19.0,Maintenance,,,False,False,False,4.0,122,Nashik,SYNTHETIC_ADDED
EV0843,Chhatrapati Sambhajinagar EV Charging Station 843,ChargeZone,Maharashtra,Chhatrapati Sambhajinagar,"Market Yard 20, Chhatrapati Sambhajinagar",19.903877,75.364582,CHAdeMO,90,6,17.25,4.0,Available,,,False,False,True,4.6,53,Chhatrapati Sambhajinagar,SYNTHETIC_ADDED
EV0844,Paithan EV Charging Station 844,MSEDCL Public Charging,Maharashtra,Paithan,"MIDC Area 5, Paithan",19.496503,75.393275,DC Fast,60,5,20.19,40.0,Available,,,False,True,False,3.9,37,Chhatrapati Sambhajinagar,SYNTHETIC_ADDED
EV0845,Vaijapur EV Charging Station 845,ChargeZone,Maharashtra,Vaijapur,"Market Yard 9, Vaijapur",19.918845,74.722495,DC Fast,150,2,19.47,13.0,Maintenance,,,False,False,False,3.6,236,Chhatrapati Sambhajinagar,SYNTHETIC_ADDED
EV0846,Kannad EV Charging Station 846,Tata Power,Maharashtra,Kannad,"Market Yard 10, Kannad",20.286078,75.133814,Type 2,15,2,19.83,38.0,Available,,,True,False,True,4.8,211,Chhatrapati Sambhajinagar,SYNTHETIC_ADDED
EV0847,Jalna EV Charging Station 847,Ather Grid,Maharashtra,Jalna,"Station Rd 8, Jalna",19.818256,75.87827,CCS2,15,7,16.9,9.0,Maintenance,,,True,False,True,3.5,41,Chhatrapati Sambhajinagar,SYNTHETIC_ADDED
EV0848,Ambad EV Charging Station 848,Ather Grid,Maharashtra,Ambad,"Highway Rd 9, Ambad",19.646131,75.792461,CCS2,90,4,16.18,31.0,Maintenance,,,True,False,True,4.9,98,Chhatrapati Sambhajinagar,SYNTHETIC_ADDED
EV0849,Parbhani EV Charging Station 849,Ather Grid,Maharashtra,Parbhani,"Sector 22, Parbhani",19.254284,76.783233,Type 2,7,8,20.26,29.0,Available,,,False,False,True,4.6,50,Chhatrapati Sambhajinagar,SYNTHETIC_ADDED
EV0850,Gangakhed EV Charging Station 850,ChargeZone,Maharashtra,Gangakhed,"Highway Rd 27, Gangakhed",18.953878,76.732906,AC,30,5,13.33,32.0,Busy,,,True,False,False,4.1,222,Chhatrapati Sambhajinagar,SYNTHETIC_ADDED
EV0851,Hingoli EV Charging Station 851,Kazam,Maharashtra,Hingoli,"MIDC Area 29, Hingoli",19.706799,77.128362,AC,90,6,14.53,26.0,Busy,,,True,True,True,4.0,235,Chhatrapati Sambhajinagar,SYNTHETIC_ADDED
EV0852,Kalamnuri EV Charging Station 852,MSEDCL Public Charging,Maharashtra,Kalamnuri,"Highway Rd 9, Kalamnuri",19.890415,77.313935,AC,22,7,11.43,20.0,Maintenance,,,True,False,False,3.1,145,Chhatrapati Sambhajinagar,SYNTHETIC_ADDED
EV0853,Beed EV Charging Station 853,ChargeZone,Maharashtra,Beed,"Sector 3, Beed",19.011796,75.74773,Type 2,120,3,8.52,1.0,Maintenance,,,True,False,False,3.2,65,Chhatrapati Sambhajinagar,SYNTHETIC_ADDED
EV0854,Georai EV Charging Station 854,Tata Power,Maharashtra,Georai,"Sector 7, Georai",19.24539,75.755506,Type 2,22,3,11.75,4.0,Available,,,True,True,False,3.8,214,Chhatrapati Sambhajinagar,SYNTHETIC_ADDED
EV0855,Ambajogai EV Charging Station 855,Tata Power,Maharashtra,Ambajogai,"Market Yard 10, Ambajogai",18.750676,76.370444,Type 2,22,2,13.46,19.0,Available,,,False,False,True,3.2,30,Chhatrapati Sambhajinagar,SYNTHETIC_ADDED
EV0856,Nanded EV Charging Station 856,Magenta ChargeGrid,Maharashtra,Nanded,"Sector 19, Nanded",19.114237,77.334393,Type 2,120,5,17.46,7.0,Available,,,False,True,False,3.7,94,Chhatrapati Sambhajinagar,SYNTHETIC_ADDED
EV0857,Deglur EV Charging Station 857,Jio-bp,Maharashtra,Deglur,"Market Yard 12, Deglur",18.546422,77.57773,DC Fast,7,8,16.82,28.0,Available,,,False,True,True,3.9,240,Chhatrapati Sambhajinagar,SYNTHETIC_ADDED
EV0858,Kandhar EV Charging Station 858,MSEDCL Public Charging,Maharashtra,Kandhar,"Sector 8, Kandhar",18.878826,77.164602,AC,7,4,15.61,26.0,Available,,,False,False,True,4.0,248,Chhatrapati Sambhajinagar,SYNTHETIC_ADDED
EV0859,Latur EV Charging Station 859,Magenta ChargeGrid,Maharashtra,Latur,"Market Yard 16, Latur",18.419523,76.543868,Type 2,15,4,18.18,24.0,Busy,,,False,False,True,4.6,173,Chhatrapati Sambhajinagar,SYNTHETIC_ADDED
EV0860,Udgir EV Charging Station 860,ChargeZone,Maharashtra,Udgir,"Sector 9, Udgir",18.397324,77.112381,Type 2,22,3,16.05,38.0,Available,,,False,False,False,4.5,48,Chhatrapati Sambhajinagar,SYNTHETIC_ADDED
EV0861,Ausa EV Charging Station 861,ChargeZone,Maharashtra,Ausa,"Sector 10, Ausa",18.235285,76.499211,AC,15,5,18.57,0.0,Maintenance,,,True,False,False,3.2,13,Chhatrapati Sambhajinagar,SYNTHETIC_ADDED
EV0862,Osmanabad EV Charging Station 862,Tata Power,Maharashtra,Osmanabad,"Highway Rd 30, Osmanabad",18.160628,76.04248,CHAdeMO,90,4,18.97,11.0,Available,,,False,True,True,4.2,101,Chhatrapati Sambhajinagar,SYNTHETIC_ADDED
EV0863,Tuljapur EV Charging Station 863,Tata Power,Maharashtra,Tuljapur,"Market Yard 11, Tuljapur",18.02244,76.102053,AC,7,1,10.0,11.0,Available,,,False,True,True,4.3,138,Chhatrapati Sambhajinagar,SYNTHETIC_ADDED
EV0864,Pune EV Charging Station 864,Tata Power,Maharashtra,Pune,"Sector 3, Pune",18.530999,73.850987,CHAdeMO,150,6,18.86,3.0,Maintenance,,,False,False,True,4.7,36,Pune,SYNTHETIC_ADDED
EV0865,Pimpri-Chinchwad EV Charging Station 865,Magenta ChargeGrid,Maharashtra,Pimpri-Chinchwad,"Market Yard 18, Pimpri-Chinchwad",18.623366,73.78413,DC Fast,60,1,16.35,16.0,Maintenance,,,True,False,True,3.0,206,Pune,SYNTHETIC_ADDED
EV0866,Hinjawadi EV Charging Station 866,Kazam,Maharashtra,Hinjawadi,"MIDC Area 20, Hinjawadi",18.58644,73.768112,CHAdeMO,60,7,18.07,24.0,Available,,,True,False,False,5.0,77,Pune,SYNTHETIC_ADDED
EV0867,Wakad EV Charging Station 867,Tata Power,Maharashtra,Wakad,"Sector 7, Wakad",18.586552,73.788646,CCS2,15,2,20.86,39.0,Available,,,False,False,False,4.4,77,Pune,SYNTHETIC_ADDED
EV0868,Hadapsar EV Charging Station 868,Magenta ChargeGrid,Maharashtra,Hadapsar,"Highway Rd 25, Hadapsar",18.487857,73.900999,AC,120,3,21.29,22.0,Available,,,False,False,True,3.7,141,Pune,SYNTHETIC_ADDED
EV0869,Baner EV Charging Station 869,Tata Power,Maharashtra,Baner,"Market Yard 23, Baner",18.557054,73.764284,CHAdeMO,60,3,20.54,30.0,Busy,,,False,False,False,4.5,240,Pune,SYNTHETIC_ADDED
EV0870,Chakan EV Charging Station 870,ChargeZone,Maharashtra,Chakan,"Market Yard 5, Chakan",18.758407,73.848224,Type 2,7,7,16.78,21.0,Busy,,,False,False,True,3.3,65,Pune,SYNTHETIC_ADDED
EV0871,Talegaon EV Charging Station 871,Magenta ChargeGrid,Maharashtra,Talegaon,"Highway Rd 23, Talegaon",18.763242,73.702546,CHAdeMO,90,4,20.87,31.0,Busy,,,True,True,False,4.6,141,Pune,SYNTHETIC_ADDED
EV0872,Lonavala EV Charging Station 872,Kazam,Maharashtra,Lonavala,"Market Yard 7, Lonavala",18.764512,73.381648,Type 2,120,6,9.28,38.0,Busy,,,True,False,False,3.6,173,Pune,SYNTHETIC_ADDED
EV0873,Saswad EV Charging Station 873,Tata Power,Maharashtra,Saswad,"Highway Rd 7, Saswad",18.344608,74.0422,AC,120,6,8.64,22.0,Busy,,,False,False,False,3.8,136,Pune,SYNTHETIC_ADDED
EV0874,Baramati EV Charging Station 874,MSEDCL Public Charging,Maharashtra,Baramati,"Station Rd 21, Baramati",18.170035,74.599171,DC Fast,150,2,13.94,0.0,Maintenance,,,False,False,True,3.0,10,Pune,SYNTHETIC_ADDED
EV0875,Daund EV Charging Station 875,Zeon Charging,Maharashtra,Daund,"MIDC Area 26, Daund",18.46426,74.5578,CHAdeMO,22,1,14.17,17.0,Busy,,,True,False,True,4.2,179,Pune,SYNTHETIC_ADDED
EV0876,Junnar EV Charging Station 876,Jio-bp,Maharashtra,Junnar,"Station Rd 14, Junnar",19.233046,73.846731,CCS2,60,6,9.83,36.0,Available,,,True,True,True,4.8,180,Pune,SYNTHETIC_ADDED
EV0877,Satara EV Charging Station 877,Ather Grid,Maharashtra,Satara,"Station Rd 7, Satara",17.694606,74.022802,CCS2,60,3,9.36,30.0,Available,,,False,False,True,3.8,98,Pune,SYNTHETIC_ADDED
EV0878,Karad EV Charging Station 878,Jio-bp,Maharashtra,Karad,"MIDC Area 20, Karad",17.28538,74.210332,CHAdeMO,7,6,20.67,0.0,Available,,,False,False,False,3.2,137,Pune,SYNTHETIC_ADDED
EV0879,Phaltan EV Charging Station 879,MSEDCL Public Charging,Maharashtra,Phaltan,"Sector 22, Phaltan",17.999675,74.461052,DC Fast,90,2,12.07,21.0,Available,,,False,False,True,3.6,86,Pune,SYNTHETIC_ADDED
EV0880,Wai EV Charging Station 880,Ather Grid,Maharashtra,Wai,"Highway Rd 15, Wai",17.926024,73.883152,CCS2,60,8,14.6,0.0,Maintenance,,,True,False,False,3.6,236,Pune,SYNTHETIC_ADDED
EV0881,Mahabaleshwar EV Charging Station 881,Kazam,Maharashtra,Mahabaleshwar,"MIDC Area 7, Mahabaleshwar",17.945591,73.666716,DC Fast,150,7,11.49,21.0,Available,,,True,False,False,4.0,122,Pune,SYNTHETIC_ADDED
EV0882,Sangli EV Charging Station 882,Zeon Charging,Maharashtra,Sangli,"Market Yard 5, Sangli",16.84219,74.611199,Type 2,150,3,14.15,17.0,Maintenance,,,False,True,True,4.4,105,Pune,SYNTHETIC_ADDED
EV0883,Miraj EV Charging Station 883,Tata Power,Maharashtra,Miraj,"Market Yard 6, Miraj",16.837853,74.653055,AC,150,1,10.33,1.0,Available,,,True,False,True,3.4,19,Pune,SYNTHETIC_ADDED
EV0884,Islampur EV Charging Station 884,Tata Power,Maharashtra,Islampur,"MIDC Area 27, Islampur",17.02217,74.277745,AC,90,4,19.43,9.0,Maintenance,,,True,True,True,3.5,5,Pune,SYNTHETIC_ADDED
EV0885,Vita EV Charging Station 885,Kazam,Maharashtra,Vita,"Market Yard 23, Vita",17.479114,74.545128,CCS2,30,1,12.67,36.0,Available,,,False,False,False,3.3,21,Pune,SYNTHETIC_ADDED
EV0886,Kolhapur EV Charging Station 886,Magenta ChargeGrid,Maharashtra,Kolhapur,"Highway Rd 8, Kolhapur",16.729208,74.235462,AC,120,5,18.28,25.0,Busy,Pune-Kolhapur,3,False,False,True,3.1,186,Pune,SYNTHETIC_ADDED
EV0887,Ichalkaranji EV Charging Station 887,Tata Power,Maharashtra,Ichalkaranji,"MIDC Area 6, Ichalkaranji",16.663537,74.453134,DC Fast,30,8,12.62,4.0,Available,,,True,True,False,4.4,170,Pune,SYNTHETIC_ADDED
EV0888,Gadhinglaj EV Charging Station 888,Ather Grid,Maharashtra,Gadhinglaj,"Highway Rd 21, Gadhinglaj",16.222646,74.339153,DC Fast,15,7,17.04,30.0,Maintenance,,,False,True,False,4.2,81,Pune,SYNTHETIC_ADDED
EV0889,Kagal EV Charging Station 889,MSEDCL Public Charging,Maharashtra,Kagal,"MIDC Area 21, Kagal",16.553631,74.336194,CHAdeMO,150,8,21.41,7.0,Available,,,True,True,True,4.8,105,Pune,SYNTHETIC_ADDED
EV0890,Solapur EV Charging Station 890,Tata Power,Maharashtra,Solapur,"Highway Rd 8, Solapur",17.667115,75.904877,CHAdeMO,7,6,16.16,10.0,Busy,,,True,False,False,4.6,106,Pune,SYNTHETIC_ADDED
EV0891,Pandharpur EV Charging Station 891,Tata Power,Maharashtra,Pandharpur,"Station Rd 8, Pandharpur",17.684273,75.333285,CCS2,7,2,14.17,30.0,Available,,,True,False,False,4.7,174,Pune,SYNTHETIC_ADDED
EV0892,Barshi EV Charging Station 892,Ather Grid,Maharashtra,Barshi,"Sector 25, Barshi",18.261952,75.678532,AC,22,1,20.01,8.0,Available,,,False,False,True,4.8,43,Pune,SYNTHETIC_ADDED
EV0893,Akkalkot EV Charging Station 893,Zeon Charging,Maharashtra,Akkalkot,"Highway Rd 8, Akkalkot",17.493154,76.204711,DC Fast,7,5,18.03,39.0,Busy,,,False,False,True,3.3,245,Pune,SYNTHETIC_ADDED
EV0894,Nashik EV Charging Station 894,Kazam,Maharashtra,Nashik,"Sector 13, Nashik",19.980759,73.819587,CHAdeMO,150,8,12.54,9.0,Busy,,,True,False,False,4.2,148,Nashik,SYNTHETIC_ADDED
EV0895,Ozar EV Charging Station 895,Ather Grid,Maharashtra,Ozar,"MIDC Area 2, Ozar",20.108301,73.90913,CHAdeMO,120,3,8.59,33.0,Busy,,,True,False,True,3.4,242,Nashik,SYNTHETIC_ADDED
EV0896,Igatpuri EV Charging Station 896,Zeon Charging,Maharashtra,Igatpuri,"Station Rd 16, Igatpuri",19.68829,73.579224,AC,15,3,19.31,30.0,Maintenance,,,True,False,False,4.2,26,Nashik,SYNTHETIC_ADDED
EV0897,Sinnar EV Charging Station 897,Jio-bp,Maharashtra,Sinnar,"Market Yard 19, Sinnar",19.873659,73.982012,AC,120,1,20.19,6.0,Busy,,,True,False,False,4.2,130,Nashik,SYNTHETIC_ADDED
EV0898,Malegaon EV Charging Station 898,Jio-bp,Maharashtra,Malegaon,"MIDC Area 28, Malegaon",20.53175,74.552276,DC Fast,120,1,18.29,26.0,Maintenance,,,False,True,False,3.7,59,Nashik,SYNTHETIC_ADDED
EV0899,Manmad EV Charging Station 899,Zeon Charging,Maharashtra,Manmad,"MIDC Area 25, Manmad",20.256428,74.431044,AC,150,7,21.25,40.0,Available,,,True,False,False,4.4,11,Nashik,SYNTHETIC_ADDED
EV0900,Dhule EV Charging Station 900,Jio-bp,Maharashtra,Dhule,"Market Yard 3, Dhule",20.91321,74.764507,DC Fast,150,2,12.14,0.0,Busy,,,False,False,False,4.4,110,Nashik,SYNTHETIC_ADDED
EV0901,Shirpur EV Charging Station 901,Kazam,Maharashtra,Shirpur,"Station Rd 7, Shirpur",21.343156,74.909237,AC,30,6,18.99,18.0,Busy,,,False,True,False,3.4,99,Nashik,SYNTHETIC_ADDED
EV0902,Nandurbar EV Charging Station 902,Magenta ChargeGrid,Maharashtra,Nandurbar,"Market Yard 21, Nandurbar",21.384136,74.253568,DC Fast,22,7,20.24,14.0,Busy,,,False,False,False,3.8,244,Nashik,SYNTHETIC_ADDED
EV0903,Shahada EV Charging Station 903,ChargeZone,Maharashtra,Shahada,"MIDC Area 24, Shahada",21.578668,74.482142,Type 2,7,1,12.73,16.0,Maintenance,,,False,True,False,4.7,86,Nashik,SYNTHETIC_ADDED
EV0904,Jalgaon EV Charging Station 904,Kazam,Maharashtra,Jalgaon,"MIDC Area 29, Jalgaon",20.982279,75.574429,CHAdeMO,120,1,15.35,26.0,Maintenance,,,True,True,False,4.0,111,Nashik,SYNTHETIC_ADDED
EV0905,Bhusawal EV Charging Station 905,Ather Grid,Maharashtra,Bhusawal,"Highway Rd 9, Bhusawal",21.023956,75.815011,AC,30,5,11.04,6.0,Available,,,True,False,False,4.6,205,Nashik,SYNTHETIC_ADDED
EV0906,Chalisgaon EV Charging Station 906,Tata Power,Maharashtra,Chalisgaon,"Sector 5, Chalisgaon",20.46384,74.990521,DC Fast,90,3,12.29,27.0,Maintenance,,,False,False,True,3.3,142,Nashik,SYNTHETIC_ADDED
EV0907,Amalner EV Charging Station 907,Tata Power,Maharashtra,Amalner,"Station Rd 19, Amalner",21.019751,75.029352,Type 2,120,7,17.77,5.0,Busy,,,True,False,False,3.1,114,Nashik,SYNTHETIC_ADDED
EV0908,Ahmednagar EV Charging Station 908,ChargeZone,Maharashtra,Ahmednagar,"Highway Rd 30, Ahmednagar",19.124232,74.773721,AC,90,6,12.87,25.0,Available,,,False,True,True,4.2,62,Nashik,SYNTHETIC_ADDED
EV0909,Shirdi EV Charging Station 909,Jio-bp,Maharashtra,Shirdi,"Station Rd 8, Shirdi",19.751542,74.481691,CCS2,150,4,11.61,40.0,Maintenance,,,False,False,False,3.0,41,Nashik,SYNTHETIC_ADDED
EV0910,Sangamner EV Charging Station 910,ChargeZone,Maharashtra,Sangamner,"Station Rd 17, Sangamner",19.587478,74.243329,AC,150,4,17.96,40.0,Busy,,,True,False,True,5.0,29,Nashik,SYNTHETIC_ADDED
EV0911,Kopargaon EV Charging Station 911,Magenta ChargeGrid,Maharashtra,Kopargaon,"MIDC Area 16, Kopargaon",19.882541,74.456422,AC,150,5,14.95,18.0,Maintenance,,,False,False,False,3.2,128,Nashik,SYNTHETIC_ADDED
EV0912,Shrirampur EV Charging Station 912,Tata Power,Maharashtra,Shrirampur,"Market Yard 28, Shrirampur",19.639402,74.641086,AC,150,7,21.28,6.0,Maintenance,,,False,False,False,4.9,117,Nashik,SYNTHETIC_ADDED
EV0913,Chhatrapati Sambhajinagar EV Charging Station 913,ChargeZone,Maharashtra,Chhatrapati Sambhajinagar,"Sector 28, Chhatrapati Sambhajinagar",19.888514,75.362413,AC,7,1,11.49,12.0,Busy,,,True,False,True,3.2,156,Chhatrapati Sambhajinagar,SYNTHETIC_ADDED
EV0914,Paithan EV Charging Station 914,Statiq,Maharashtra,Paithan,"Sector 5, Paithan",19.460657,75.395165,CCS2,90,3,17.42,24.0,Available,,,False,False,True,4.0,249,Chhatrapati Sambhajinagar,SYNTHETIC_ADDED
EV0915,Vaijapur EV Charging Station 915,Magenta ChargeGrid,Maharashtra,Vaijapur,"Station Rd 26, Vaijapur",19.907121,74.733679,DC Fast,90,2,19.18,0.0,Available,,,True,False,False,3.9,72,Chhatrapati Sambhajinagar,SYNTHETIC_ADDED
EV0916,Kannad EV Charging Station 916,Tata Power,Maharashtra,Kannad,"Sector 17, Kannad",20.256122,75.107608,Type 2,150,3,16.3,35.0,Available,,,False,True,True,4.5,202,Chhatrapati Sambhajinagar,SYNTHETIC_ADDED
EV0917,Jalna EV Charging Station 917,Magenta ChargeGrid,Maharashtra,Jalna,"Station Rd 17, Jalna",19.81697,75.871721,Type 2,22,5,11.22,14.0,Maintenance,,,True,False,True,4.9,60,Chhatrapati Sambhajinagar,SYNTHETIC_ADDED
EV0918,Ambad EV Charging Station 918,Magenta ChargeGrid,Maharashtra,Ambad,"Highway Rd 12, Ambad",19.643611,75.778544,DC Fast,7,5,9.48,8.0,Maintenance,,,False,False,False,4.2,40,Chhatrapati Sambhajinagar,SYNTHETIC_ADDED
EV0919,Parbhani EV Charging Station 919,Kazam,Maharashtra,Parbhani,"MIDC Area 26, Parbhani",19.264283,76.800027,CHAdeMO,15,8,17.02,1.0,Maintenance,,,True,True,True,4.8,191,Chhatrapati Sambhajinagar,SYNTHETIC_ADDED
EV0920,Gangakhed EV Charging Station 920,Kazam,Maharashtra,Gangakhed,"Market Yard 11, Gangakhed",18.943071,76.770871,Type 2,120,1,10.87,27.0,Maintenance,,,True,False,True,4.0,79,Chhatrapati Sambhajinagar,SYNTHETIC_ADDED
EV0921,Hingoli EV Charging Station 921,Ather Grid,Maharashtra,Hingoli,"Station Rd 20, Hingoli",19.689938,77.158783,DC Fast,22,2,12.59,5.0,Busy,,,False,False,True,3.6,193,Chhatrapati Sambhajinagar,SYNTHETIC_ADDED
EV0922,Kalamnuri EV Charging Station 922,ChargeZone,Maharashtra,Kalamnuri,"Highway Rd 6, Kalamnuri",19.923527,77.346699,Type 2,7,4,8.92,27.0,Available,,,True,False,False,4.1,61,Chhatrapati Sambhajinagar,SYNTHETIC_ADDED
EV0923,Beed EV Charging Station 923,Magenta ChargeGrid,Maharashtra,Beed,"Sector 6, Beed",19.003956,75.756898,CCS2,15,1,18.05,23.0,Available,,,True,False,False,3.5,20,Chhatrapati Sambhajinagar,SYNTHETIC_ADDED
EV0924,Georai EV Charging Station 924,ChargeZone,Maharashtra,Georai,"Highway Rd 3, Georai",19.279849,75.770715,AC,120,2,15.08,26.0,Maintenance,,,True,False,True,3.0,208,Chhatrapati Sambhajinagar,SYNTHETIC_ADDED
EV0925,Ambajogai EV Charging Station 925,Statiq,Maharashtra,Ambajogai,"MIDC Area 25, Ambajogai",18.731766,76.359241,Type 2,120,2,10.42,33.0,Maintenance,,,False,False,False,3.9,128,Chhatrapati Sambhajinagar,SYNTHETIC_ADDED
EV0926,Nanded EV Charging Station 926,Jio-bp,Maharashtra,Nanded,"Sector 20, Nanded",19.119405,77.319609,DC Fast,120,1,16.16,33.0,Maintenance,,,False,False,True,4.8,158,Chhatrapati Sambhajinagar,SYNTHETIC_ADDED
EV0927,Deglur EV Charging Station 927,Tata Power,Maharashtra,Deglur,"Highway Rd 17, Deglur",18.530392,77.539842,AC,90,4,18.77,9.0,Available,,,False,False,True,3.9,146,Chhatrapati Sambhajinagar,SYNTHETIC_ADDED
EV0928,Kandhar EV Charging Station 928,Statiq,Maharashtra,Kandhar,"Highway Rd 14, Kandhar",18.839295,77.163247,CHAdeMO,22,8,10.19,3.0,Maintenance,,,True,False,True,3.4,222,Chhatrapati Sambhajinagar,SYNTHETIC_ADDED
EV0929,Latur EV Charging Station 929,Kazam,Maharashtra,Latur,"MIDC Area 12, Latur",18.379607,76.534789,DC Fast,90,2,10.85,29.0,Busy,,,False,False,False,4.3,158,Chhatrapati Sambhajinagar,SYNTHETIC_ADDED
EV0930,Udgir EV Charging Station 930,Tata Power,Maharashtra,Udgir,"MIDC Area 25, Udgir",18.385165,77.123314,CHAdeMO,15,7,12.62,37.0,Maintenance,,,False,False,False,4.9,153,Chhatrapati Sambhajinagar,SYNTHETIC_ADDED
EV0931,Ausa EV Charging Station 931,Jio-bp,Maharashtra,Ausa,"Station Rd 11, Ausa",18.264746,76.526939,Type 2,60,6,17.26,37.0,Available,,,False,False,True,3.7,209,Chhatrapati Sambhajinagar,SYNTHETIC_ADDED
EV0932,Osmanabad EV Charging Station 932,Magenta ChargeGrid,Maharashtra,Osmanabad,"Market Yard 22, Osmanabad",18.209934,76.024904,Type 2,22,3,12.28,3.0,Maintenance,,,False,True,True,4.8,173,Chhatrapati Sambhajinagar,SYNTHETIC_ADDED
EV0933,Tuljapur EV Charging Station 933,Zeon Charging,Maharashtra,Tuljapur,"Station Rd 12, Tuljapur",17.979571,76.064593,Type 2,15,3,13.41,31.0,Available,,,False,False,True,4.7,71,Chhatrapati Sambhajinagar,SYNTHETIC_ADDED
EV0934,Pune EV Charging Station 934,ChargeZone,Maharashtra,Pune,"Station Rd 23, Pune",18.510098,73.858114,CCS2,60,2,16.21,26.0,Maintenance,,,False,True,False,4.2,90,Pune,SYNTHETIC_ADDED
EV0935,Pimpri-Chinchwad EV Charging Station 935,Zeon Charging,Maharashtra,Pimpri-Chinchwad,"Sector 8, Pimpri-Chinchwad",18.634326,73.826734,DC Fast,30,3,19.08,25.0,Available,,,False,False,True,4.3,147,Pune,SYNTHETIC_ADDED
EV0936,Hinjawadi EV Charging Station 936,ChargeZone,Maharashtra,Hinjawadi,"Market Yard 23, Hinjawadi",18.561887,73.72614,AC,120,3,13.91,11.0,Busy,,,True,False,False,4.1,224,Pune,SYNTHETIC_ADDED
EV0937,Wakad EV Charging Station 937,Zeon Charging,Maharashtra,Wakad,"Highway Rd 4, Wakad",18.598276,73.736254,CHAdeMO,7,4,19.54,30.0,Maintenance,,,True,False,True,3.1,235,Pune,SYNTHETIC_ADDED
EV0938,Hadapsar EV Charging Station 938,Magenta ChargeGrid,Maharashtra,Hadapsar,"Highway Rd 7, Hadapsar",18.533277,73.9017,CHAdeMO,30,7,19.06,12.0,Maintenance,,,True,False,False,4.5,54,Pune,SYNTHETIC_ADDED
EV0939,Baner EV Charging Station 939,Jio-bp,Maharashtra,Baner,"Highway Rd 16, Baner",18.549965,73.784642,DC Fast,22,7,12.96,29.0,Maintenance,,,False,True,True,4.2,140,Pune,SYNTHETIC_ADDED
EV0940,Chakan EV Charging Station 940,MSEDCL Public Charging,Maharashtra,Chakan,"Station Rd 15, Chakan",18.747646,73.877014,AC,120,2,12.96,11.0,Busy,,,False,False,True,3.2,88,Pune,SYNTHETIC_ADDED
EV0941,Talegaon EV Charging Station 941,Magenta ChargeGrid,Maharashtra,Talegaon,"Sector 28, Talegaon",18.730084,73.663783,CHAdeMO,7,5,13.71,34.0,Busy,,,True,True,False,3.6,106,Pune,SYNTHETIC_ADDED
EV0942,Lonavala EV Charging Station 942,ChargeZone,Maharashtra,Lonavala,"Station Rd 4, Lonavala",18.755686,73.420988,AC,22,8,17.17,40.0,Available,,,False,True,True,3.6,206,Pune,SYNTHETIC_ADDED
EV0943,Saswad EV Charging Station 943,Zeon Charging,Maharashtra,Saswad,"Station Rd 13, Saswad",18.356449,74.048231,CCS2,15,2,16.62,16.0,Maintenance,,,False,False,True,4.1,25,Pune,SYNTHETIC_ADDED
EV0944,Baramati EV Charging Station 944,ChargeZone,Maharashtra,Baramati,"MIDC Area 14, Baramati",18.125538,74.572969,AC,120,2,9.03,8.0,Maintenance,,,False,False,True,4.8,238,Pune,SYNTHETIC_ADDED
EV0945,Daund EV Charging Station 945,Kazam,Maharashtra,Daund,"MIDC Area 15, Daund",18.455193,74.592188,AC,90,6,11.55,39.0,Maintenance,,,False,False,False,3.8,231,Pune,SYNTHETIC_ADDED
EV0946,Junnar EV Charging Station 946,Kazam,Maharashtra,Junnar,"Market Yard 13, Junnar",19.217737,73.885054,CHAdeMO,150,5,21.42,23.0,Maintenance,,,True,False,False,3.5,77,Pune,SYNTHETIC_ADDED
EV0947,Satara EV Charging Station 947,Kazam,Maharashtra,Satara,"Highway Rd 14, Satara",17.69211,74.037756,CHAdeMO,22,3,9.68,40.0,Maintenance,,,False,False,True,4.0,98,Pune,SYNTHETIC_ADDED
EV0948,Karad EV Charging Station 948,Tata Power,Maharashtra,Karad,"Market Yard 10, Karad",17.31691,74.199943,CCS2,120,6,20.92,26.0,Maintenance,,,True,False,False,4.2,240,Pune,SYNTHETIC_ADDED
EV0949,Phaltan EV Charging Station 949,Ather Grid,Maharashtra,Phaltan,"Market Yard 22, Phaltan",17.995179,74.431458,CCS2,150,7,21.18,27.0,Maintenance,,,False,False,True,4.2,49,Pune,SYNTHETIC_ADDED
EV0950,Wai EV Charging Station 950,MSEDCL Public Charging,Maharashtra,Wai,"Station Rd 11, Wai",17.923184,73.911823,AC,60,1,20.56,0.0,Busy,,,False,True,True,3.2,213,Pune,SYNTHETIC_ADDED
EV0951,Mahabaleshwar EV Charging Station 951,Jio-bp,Maharashtra,Mahabaleshwar,"MIDC Area 27, Mahabaleshwar",17.945323,73.63559,AC,15,5,18.17,27.0,Busy,,,True,False,True,3.8,192,Pune,SYNTHETIC_ADDED
EV0952,Sangli EV Charging Station 952,Statiq,Maharashtra,Sangli,"Sector 18, Sangli",16.86709,74.60033,CHAdeMO,7,8,16.72,38.0,Maintenance,,,True,False,False,4.8,50,Pune,SYNTHETIC_ADDED
EV0953,Miraj EV Charging Station 953,Tata Power,Maharashtra,Miraj,"Market Yard 15, Miraj",16.835859,74.664288,AC,7,1,10.79,26.0,Busy,,,False,False,True,3.2,163,Pune,SYNTHETIC_ADDED
EV0954,Islampur EV Charging Station 954,Ather Grid,Maharashtra,Islampur,"Highway Rd 28, Islampur",17.021019,74.262242,CHAdeMO,7,5,17.9,7.0,Maintenance,,,False,False,True,3.9,158,Pune,SYNTHETIC_ADDED
EV0955,Vita EV Charging Station 955,Jio-bp,Maharashtra,Vita,"MIDC Area 5, Vita",17.430032,74.508948,AC,150,2,14.57,9.0,Maintenance,,,True,False,True,3.9,149,Pune,SYNTHETIC_ADDED
EV0956,Kolhapur EV Charging Station 956,Tata Power,Maharashtra,Kolhapur,"Highway Rd 18, Kolhapur",16.686428,74.219934,Type 2,30,1,10.09,40.0,Available,,,False,True,True,4.6,109,Pune,SYNTHETIC_ADDED
EV0957,Ichalkaranji EV Charging Station 957,Jio-bp,Maharashtra,Ichalkaranji,"Station Rd 12, Ichalkaranji",16.718227,74.485591,DC Fast,7,8,17.65,40.0,Maintenance,,,False,False,True,3.4,17,Pune,SYNTHETIC_ADDED
EV0958,Gadhinglaj EV Charging Station 958,ChargeZone,Maharashtra,Gadhinglaj,"Highway Rd 14, Gadhinglaj",16.260375,74.365687,CHAdeMO,120,3,16.92,11.0,Busy,,,False,True,True,4.6,68,Pune,SYNTHETIC_ADDED
EV0959,Kagal EV Charging Station 959,ChargeZone,Maharashtra,Kagal,"MIDC Area 15, Kagal",16.603087,74.300738,CHAdeMO,120,6,14.61,15.0,Busy,,,True,False,False,4.1,26,Pune,SYNTHETIC_ADDED
EV0960,Solapur EV Charging Station 960,Jio-bp,Maharashtra,Solapur,"MIDC Area 18, Solapur",17.662726,75.934042,DC Fast,120,4,9.35,25.0,Busy,,,False,False,False,4.7,228,Pune,SYNTHETIC_ADDED
EV0961,Pandharpur EV Charging Station 961,Ather Grid,Maharashtra,Pandharpur,"Highway Rd 17, Pandharpur",17.685486,75.317596,CHAdeMO,120,8,18.38,8.0,Busy,,,False,False,True,3.8,59,Pune,SYNTHETIC_ADDED
EV0962,Barshi EV Charging Station 962,Magenta ChargeGrid,Maharashtra,Barshi,"Sector 15, Barshi",18.241039,75.678587,AC,120,4,10.42,23.0,Busy,,,False,False,True,3.7,90,Pune,SYNTHETIC_ADDED
EV0963,Akkalkot EV Charging Station 963,Ather Grid,Maharashtra,Akkalkot,"Highway Rd 17, Akkalkot",17.528968,76.190689,CHAdeMO,7,8,15.1,20.0,Available,,,False,False,True,4.6,64,Pune,SYNTHETIC_ADDED
EV0964,Nashik EV Charging Station 964,Zeon Charging,Maharashtra,Nashik,"Market Yard 17, Nashik",20.010705,73.81927,CHAdeMO,90,8,20.81,14.0,Busy,,,True,False,False,4.7,15,Nashik,SYNTHETIC_ADDED
EV0965,Ozar EV Charging Station 965,ChargeZone,Maharashtra,Ozar,"Highway Rd 10, Ozar",20.101241,73.933182,DC Fast,60,1,8.79,15.0,Maintenance,,,False,True,True,4.7,16,Nashik,SYNTHETIC_ADDED
EV0966,Igatpuri EV Charging Station 966,Zeon Charging,Maharashtra,Igatpuri,"MIDC Area 14, Igatpuri",19.691366,73.542749,AC,15,5,17.95,23.0,Maintenance,,,False,False,True,3.0,120,Nashik,SYNTHETIC_ADDED
EV0967,Sinnar EV Charging Station 967,Magenta ChargeGrid,Maharashtra,Sinnar,"Market Yard 22, Sinnar",19.859986,73.961621,CHAdeMO,22,8,11.29,13.0,Maintenance,,,False,False,False,4.2,93,Nashik,SYNTHETIC_ADDED
EV0968,Malegaon EV Charging Station 968,Jio-bp,Maharashtra,Malegaon,"MIDC Area 10, Malegaon",20.547276,74.505216,CHAdeMO,90,8,10.99,15.0,Available,,,True,False,True,3.1,67,Nashik,SYNTHETIC_ADDED
EV0969,Manmad EV Charging Station 969,Kazam,Maharashtra,Manmad,"Highway Rd 12, Manmad",20.256718,74.427774,DC Fast,120,8,14.77,9.0,Available,,,False,False,True,4.8,181,Nashik,SYNTHETIC_ADDED
EV0970,Dhule EV Charging Station 970,Tata Power,Maharashtra,Dhule,"MIDC Area 5, Dhule",20.898164,74.758185,AC,60,7,20.39,14.0,Available,,,True,False,True,4.4,94,Nashik,SYNTHETIC_ADDED
EV0971,Shirpur EV Charging Station 971,Magenta ChargeGrid,Maharashtra,Shirpur,"MIDC Area 25, Shirpur",21.333597,74.851627,CHAdeMO,150,7,9.21,40.0,Available,,,False,False,True,3.2,122,Nashik,SYNTHETIC_ADDED
EV0972,Nandurbar EV Charging Station 972,MSEDCL Public Charging,Maharashtra,Nandurbar,"Sector 25, Nandurbar",21.372477,74.23921,DC Fast,7,1,13.28,17.0,Busy,,,True,False,True,4.4,233,Nashik,SYNTHETIC_ADDED
EV0973,Shahada EV Charging Station 973,Jio-bp,Maharashtra,Shahada,"Station Rd 11, Shahada",21.570138,74.457443,Type 2,150,3,8.9,35.0,Busy,,,True,True,False,4.9,145,Nashik,SYNTHETIC_ADDED
EV0974,Jalgaon EV Charging Station 974,Ather Grid,Maharashtra,Jalgaon,"Market Yard 4, Jalgaon",20.9948,75.586651,AC,22,5,11.98,32.0,Available,,,True,True,False,3.1,107,Nashik,SYNTHETIC_ADDED
EV0975,Bhusawal EV Charging Station 975,Zeon Charging,Maharashtra,Bhusawal,"Sector 23, Bhusawal",21.024766,75.802461,AC,22,8,15.92,18.0,Maintenance,,,False,False,True,3.4,98,Nashik,SYNTHETIC_ADDED
EV0976,Chalisgaon EV Charging Station 976,Tata Power,Maharashtra,Chalisgaon,"Market Yard 23, Chalisgaon",20.47559,75.011635,DC Fast,30,8,20.91,2.0,Busy,,,True,True,True,3.1,38,Nashik,SYNTHETIC_ADDED
EV0977,Amalner EV Charging Station 977,ChargeZone,Maharashtra,Amalner,"Market Yard 10, Amalner",21.012164,75.052776,DC Fast,120,2,10.02,37.0,Maintenance,,,False,True,True,3.9,18,Nashik,SYNTHETIC_ADDED
EV0978,Ahmednagar EV Charging Station 978,Magenta ChargeGrid,Maharashtra,Ahmednagar,"Market Yard 1, Ahmednagar",19.107601,74.765659,DC Fast,90,1,15.85,39.0,Maintenance,,,False,False,False,4.5,118,Nashik,SYNTHETIC_ADDED
EV0979,Shirdi EV Charging Station 979,Zeon Charging,Maharashtra,Shirdi,"MIDC Area 30, Shirdi",19.745495,74.466633,CHAdeMO,30,7,9.23,9.0,Available,,,False,False,True,4.8,38,Nashik,SYNTHETIC_ADDED
EV0980,Sangamner EV Charging Station 980,Kazam,Maharashtra,Sangamner,"Sector 7, Sangamner",19.583909,74.225425,DC Fast,60,6,12.19,31.0,Busy,,,False,False,True,4.1,28,Nashik,SYNTHETIC_ADDED
EV0981,Kopargaon EV Charging Station 981,Magenta ChargeGrid,Maharashtra,Kopargaon,"MIDC Area 21, Kopargaon",19.891584,74.45886,DC Fast,7,1,9.97,21.0,Busy,,,False,False,True,3.6,193,Nashik,SYNTHETIC_ADDED
EV0982,Shrirampur EV Charging Station 982,Statiq,Maharashtra,Shrirampur,"Market Yard 30, Shrirampur",19.644086,74.642151,CCS2,150,6,13.07,37.0,Available,,,False,False,True,3.1,242,Nashik,SYNTHETIC_ADDED
EV0983,Chhatrapati Sambhajinagar EV Charging Station 983,Kazam,Maharashtra,Chhatrapati Sambhajinagar,"MIDC Area 29, Chhatrapati Sambhajinagar",19.89365,75.333858,DC Fast,150,5,10.68,17.0,Maintenance,Pune-Nagpur,2,False,True,True,3.5,182,Chhatrapati Sambhajinagar,SYNTHETIC_ADDED
EV0984,Paithan EV Charging Station 984,MSEDCL Public Charging,Maharashtra,Paithan,"Highway Rd 27, Paithan",19.467,75.384523,DC Fast,7,5,16.06,28.0,Maintenance,,,False,True,False,4.0,213,Chhatrapati Sambhajinagar,SYNTHETIC_ADDED
EV0985,Vaijapur EV Charging Station 985,Jio-bp,Maharashtra,Vaijapur,"Sector 20, Vaijapur",19.907022,74.709409,CHAdeMO,120,6,20.61,23.0,Maintenance,,,False,True,False,3.3,216,Chhatrapati Sambhajinagar,SYNTHETIC_ADDED
EV0986,Kannad EV Charging Station 986,Statiq,Maharashtra,Kannad,"Station Rd 12, Kannad",20.238236,75.13146,CHAdeMO,150,4,14.89,29.0,Available,,,True,True,False,3.8,206,Chhatrapati Sambhajinagar,SYNTHETIC_ADDED
EV0987,Jalna EV Charging Station 987,Zeon Charging,Maharashtra,Jalna,"Market Yard 7, Jalna",19.816048,75.897371,AC,30,6,12.83,24.0,Maintenance,,,False,False,True,4.3,196,Chhatrapati Sambhajinagar,SYNTHETIC_ADDED
EV0988,Ambad EV Charging Station 988,Kazam,Maharashtra,Ambad,"Station Rd 12, Ambad",19.623138,75.81045,DC Fast,90,6,17.34,12.0,Busy,,,True,False,True,3.4,140,Chhatrapati Sambhajinagar,SYNTHETIC_ADDED
EV0989,Parbhani EV Charging Station 989,ChargeZone,Maharashtra,Parbhani,"Station Rd 1, Parbhani",19.233196,76.763148,DC Fast,15,6,15.42,31.0,Maintenance,,,False,False,True,4.6,100,Chhatrapati Sambhajinagar,SYNTHETIC_ADDED
EV0990,Gangakhed EV Charging Station 990,Ather Grid,Maharashtra,Gangakhed,"Sector 19, Gangakhed",18.967442,76.741065,Type 2,22,2,9.39,2.0,Available,,,False,True,True,4.6,249,Chhatrapati Sambhajinagar,SYNTHETIC_ADDED
EV0991,Hingoli EV Charging Station 991,ChargeZone,Maharashtra,Hingoli,"Highway Rd 2, Hingoli",19.705029,77.121046,CHAdeMO,15,5,10.31,24.0,Busy,,,False,False,False,3.5,224,Chhatrapati Sambhajinagar,SYNTHETIC_ADDED
EV0992,Kalamnuri EV Charging Station 992,Kazam,Maharashtra,Kalamnuri,"MIDC Area 7, Kalamnuri",19.909948,77.326466,DC Fast,120,6,17.34,15.0,Busy,,,True,False,False,3.1,131,Chhatrapati Sambhajinagar,SYNTHETIC_ADDED
EV0993,Beed EV Charging Station 993,Jio-bp,Maharashtra,Beed,"MIDC Area 27, Beed",18.967823,75.739643,DC Fast,90,7,13.69,4.0,Available,,,False,True,True,4.8,16,Chhatrapati Sambhajinagar,SYNTHETIC_ADDED
EV0994,Georai EV Charging Station 994,ChargeZone,Maharashtra,Georai,"Highway Rd 3, Georai",19.285768,75.720141,CCS2,120,6,18.06,31.0,Busy,,,False,False,False,4.9,77,Chhatrapati Sambhajinagar,SYNTHETIC_ADDED
EV0995,Ambajogai EV Charging Station 995,Zeon Charging,Maharashtra,Ambajogai,"MIDC Area 18, Ambajogai",18.735049,76.388434,AC,150,4,21.48,19.0,Busy,,,False,True,False,3.9,227,Chhatrapati Sambhajinagar,SYNTHETIC_ADDED
EV0996,Nanded EV Charging Station 996,Ather Grid,Maharashtra,Nanded,"Sector 6, Nanded",19.163951,77.301344,DC Fast,150,2,9.83,12.0,Available,,,False,False,True,3.3,199,Chhatrapati Sambhajinagar,SYNTHETIC_ADDED
EV0997,Deglur EV Charging Station 997,Statiq,Maharashtra,Deglur,"MIDC Area 17, Deglur",18.538634,77.573003,Type 2,7,6,17.68,28.0,Maintenance,,,False,False,True,4.5,42,Chhatrapati Sambhajinagar,SYNTHETIC_ADDED
EV0998,Kandhar EV Charging Station 998,Kazam,Maharashtra,Kandhar,"Sector 7, Kandhar",18.825119,77.136624,CCS2,120,4,20.03,24.0,Available,,,True,False,True,3.0,49,Chhatrapati Sambhajinagar,SYNTHETIC_ADDED
EV0999,Latur EV Charging Station 999,MSEDCL Public Charging,Maharashtra,Latur,"Sector 8, Latur",18.402969,76.579352,DC Fast,7,1,20.48,33.0,Busy,,,False,False,False,4.5,122,Chhatrapati Sambhajinagar,SYNTHETIC_ADDED
EV1000,Udgir EV Charging Station 1000,Statiq,Maharashtra,Udgir,"Highway Rd 3, Udgir",18.414627,77.140515,Type 2,60,4,16.06,26.0,Maintenance,,,True,False,False,4.5,195,Chhatrapati Sambhajinagar,SYNTHETIC_ADDED
EV1001,Ausa EV Charging Station 1001,Ather Grid,Maharashtra,Ausa,"MIDC Area 11, Ausa",18.235218,76.511516,CCS2,15,4,17.87,7.0,Busy,,,True,False,True,4.7,94,Chhatrapati Sambhajinagar,SYNTHETIC_ADDED
EV1002,Osmanabad EV Charging Station 1002,Magenta ChargeGrid,Maharashtra,Osmanabad,"MIDC Area 7, Osmanabad",18.209704,76.042516,AC,120,2,20.44,18.0,Maintenance,,,True,True,True,4.0,122,Chhatrapati Sambhajinagar,SYNTHETIC_ADDED
EV1003,Tuljapur EV Charging Station 1003,Zeon Charging,Maharashtra,Tuljapur,"Highway Rd 5, Tuljapur",18.0328,76.114855,CHAdeMO,22,8,14.93,32.0,Available,,,True,False,True,3.6,214,Chhatrapati Sambhajinagar,SYNTHETIC_ADDED
EV1004,Pune EV Charging Station 1004,Tata Power,Maharashtra,Pune,"Station Rd 24, Pune",18.504661,73.879174,Type 2,30,4,14.84,7.0,Available,,,False,True,True,4.3,40,Pune,SYNTHETIC_ADDED
EV1005,Pimpri-Chinchwad EV Charging Station 1005,MSEDCL Public Charging,Maharashtra,Pimpri-Chinchwad,"Station Rd 17, Pimpri-Chinchwad",18.644294,73.809698,DC Fast,22,6,11.38,2.0,Maintenance,,,False,False,False,4.3,246,Pune,SYNTHETIC_ADDED
EV1006,Hinjawadi EV Charging Station 1006,Statiq,Maharashtra,Hinjawadi,"MIDC Area 13, Hinjawadi",18.609685,73.766884,Type 2,150,2,19.65,5.0,Maintenance,,,False,False,False,3.9,152,Pune,SYNTHETIC_ADDED
EV1007,Wakad EV Charging Station 1007,Ather Grid,Maharashtra,Wakad,"Station Rd 19, Wakad",18.589459,73.758392,CHAdeMO,15,5,16.51,29.0,Maintenance,,,False,False,True,3.8,31,Pune,SYNTHETIC_ADDED
EV1008,Hadapsar EV Charging Station 1008,Tata Power,Maharashtra,Hadapsar,"Highway Rd 29, Hadapsar",18.523627,73.927032,DC Fast,120,7,18.69,14.0,Available,,,True,False,True,4.9,213,Pune,SYNTHETIC_ADDED
EV1009,Baner EV Charging Station 1009,MSEDCL Public Charging,Maharashtra,Baner,"MIDC Area 5, Baner",18.552659,73.75997,CCS2,60,2,18.16,24.0,Maintenance,,,False,False,False,3.2,73,Pune,SYNTHETIC_ADDED
EV1010,Chakan EV Charging Station 1010,Tata Power,Maharashtra,Chakan,"MIDC Area 27, Chakan",18.762414,73.854871,CHAdeMO,15,6,10.08,26.0,Available,,,False,False,False,3.2,159,Pune,SYNTHETIC_ADDED
EV1011,Talegaon EV Charging Station 1011,Jio-bp,Maharashtra,Talegaon,"MIDC Area 10, Talegaon",18.718684,73.673444,AC,120,7,16.08,29.0,Available,,,True,False,False,3.7,192,Pune,SYNTHETIC_ADDED
EV1012,Lonavala EV Charging Station 1012,Kazam,Maharashtra,Lonavala,"Station Rd 16, Lonavala",18.739747,73.400118,AC,90,8,19.92,14.0,Available,,,True,False,False,3.1,145,Pune,SYNTHETIC_ADDED
EV1013,Saswad EV Charging Station 1013,Magenta ChargeGrid,Maharashtra,Saswad,"Sector 15, Saswad",18.318527,74.027257,DC Fast,60,2,18.68,25.0,Busy,,,True,False,False,4.7,183,Pune,SYNTHETIC_ADDED
EV1014,Baramati EV Charging Station 1014,MSEDCL Public Charging,Maharashtra,Baramati,"Market Yard 15, Baramati",18.129718,74.610069,DC Fast,120,6,17.2,29.0,Busy,,,True,False,True,3.5,213,Pune,SYNTHETIC_ADDED
EV1015,Daund EV Charging Station 1015,Magenta ChargeGrid,Maharashtra,Daund,"Sector 24, Daund",18.444535,74.582965,CHAdeMO,150,8,17.21,26.0,Available,,,False,False,True,3.8,24,Pune,SYNTHETIC_ADDED
EV1016,Junnar EV Charging Station 1016,Jio-bp,Maharashtra,Junnar,"MIDC Area 18, Junnar",19.201246,73.86617,CCS2,90,1,12.13,36.0,Busy,,,False,False,False,4.9,23,Pune,SYNTHETIC_ADDED
EV1017,Satara EV Charging Station 1017,ChargeZone,Maharashtra,Satara,"Station Rd 23, Satara",17.705089,74.042502,DC Fast,15,6,19.03,6.0,Maintenance,,,True,False,True,3.3,222,Pune,SYNTHETIC_ADDED
EV1018,Karad EV Charging Station 1018,Jio-bp,Maharashtra,Karad,"Highway Rd 10, Karad",17.275608,74.166244,Type 2,15,7,9.66,33.0,Busy,,,True,False,True,4.9,250,Pune,SYNTHETIC_ADDED
EV1019,Phaltan EV Charging Station 1019,Statiq,Maharashtra,Phaltan,"Sector 13, Phaltan",17.977195,74.441461,CHAdeMO,22,8,12.78,9.0,Maintenance,,,False,True,False,4.6,49,Pune,SYNTHETIC_ADDED
EV1020,Wai EV Charging Station 1020,Tata Power,Maharashtra,Wai,"Sector 16, Wai",17.971128,73.865328,DC Fast,90,6,20.3,0.0,Available,,,False,False,False,4.9,85,Pune,SYNTHETIC_ADDED
EV1021,Mahabaleshwar EV Charging Station 1021,Statiq,Maharashtra,Mahabaleshwar,"Highway Rd 10, Mahabaleshwar",17.926952,73.643562,Type 2,120,1,17.86,14.0,Busy,,,False,False,False,3.2,29,Pune,SYNTHETIC_ADDED
EV1022,Sangli EV Charging Station 1022,Statiq,Maharashtra,Sangli,"Highway Rd 2, Sangli",16.845503,74.591465,CCS2,90,7,10.33,2.0,Maintenance,,,True,True,False,4.8,166,Pune,SYNTHETIC_ADDED
EV1023,Miraj EV Charging Station 1023,ChargeZone,Maharashtra,Miraj,"MIDC Area 13, Miraj",16.834153,74.626291,DC Fast,90,6,11.2,27.0,Available,,,False,True,True,4.2,98,Pune,SYNTHETIC_ADDED
EV1024,Islampur EV Charging Station 1024,Tata Power,Maharashtra,Islampur,"Market Yard 14, Islampur",17.035871,74.258458,CHAdeMO,15,8,19.21,27.0,Busy,,,False,True,False,3.1,158,Pune,SYNTHETIC_ADDED
EV1025,Vita EV Charging Station 1025,ChargeZone,Maharashtra,Vita,"MIDC Area 3, Vita",17.439372,74.53916,CCS2,150,5,11.64,0.0,Available,,,False,False,True,3.3,232,Pune,SYNTHETIC_ADDED
EV1026,Kolhapur EV Charging Station 1026,Zeon Charging,Maharashtra,Kolhapur,"Market Yard 22, Kolhapur",16.710733,74.256534,AC,120,3,9.66,32.0,Maintenance,,,False,True,True,4.4,33,Pune,SYNTHETIC_ADDED
EV1027,Ichalkaranji EV Charging Station 1027,Tata Power,Maharashtra,Ichalkaranji,"Sector 13, Ichalkaranji",16.708864,74.43337,CCS2,15,5,13.03,7.0,Maintenance,,,True,False,False,3.7,157,Pune,SYNTHETIC_ADDED
EV1028,Gadhinglaj EV Charging Station 1028,ChargeZone,Maharashtra,Gadhinglaj,"MIDC Area 9, Gadhinglaj",16.244064,74.358324,Type 2,120,6,9.18,9.0,Busy,,,False,True,False,3.7,163,Pune,SYNTHETIC_ADDED
EV1029,Kagal EV Charging Station 1029,Ather Grid,Maharashtra,Kagal,"MIDC Area 8, Kagal",16.605008,74.288164,DC Fast,60,5,10.18,27.0,Maintenance,,,False,False,True,3.2,241,Pune,SYNTHETIC_ADDED
EV1030,Solapur EV Charging Station 1030,Jio-bp,Maharashtra,Solapur,"Market Yard 24, Solapur",17.68097,75.91945,Type 2,120,3,17.38,23.0,Available,,,False,True,True,3.8,225,Pune,SYNTHETIC_ADDED
EV1031,Pandharpur EV Charging Station 1031,Statiq,Maharashtra,Pandharpur,"MIDC Area 1, Pandharpur",17.678186,75.360684,CCS2,7,3,19.79,37.0,Available,,,True,False,False,4.0,221,Pune,SYNTHETIC_ADDED
EV1032,Barshi EV Charging Station 1032,ChargeZone,Maharashtra,Barshi,"Station Rd 5, Barshi",18.207757,75.707355,Type 2,22,5,14.85,35.0,Busy,,,True,False,False,3.5,53,Pune,SYNTHETIC_ADDED
EV1033,Akkalkot EV Charging Station 1033,MSEDCL Public Charging,Maharashtra,Akkalkot,"MIDC Area 13, Akkalkot",17.493901,76.23127,DC Fast,90,4,14.86,0.0,Available,,,True,True,False,3.5,10,Pune,SYNTHETIC_ADDED
EV1034,Nashik EV Charging Station 1034,Ather Grid,Maharashtra,Nashik,"Station Rd 9, Nashik",20.015339,73.817753,AC,60,1,21.48,39.0,Available,Pune-Nashik,3,False,False,True,4.5,196,Nashik,SYNTHETIC_ADDED
EV1035,Ozar EV Charging Station 1035,Magenta ChargeGrid,Maharashtra,Ozar,"Market Yard 17, Ozar",20.09974,73.914168,CCS2,22,6,14.55,19.0,Available,,,True,True,True,3.4,186,Nashik,SYNTHETIC_ADDED
EV1036,Igatpuri EV Charging Station 1036,MSEDCL Public Charging,Maharashtra,Igatpuri,"Highway Rd 9, Igatpuri",19.689421,73.573579,CCS2,15,3,20.46,19.0,Maintenance,,,False,False,True,4.7,31,Nashik,SYNTHETIC_ADDED
EV1037,Sinnar EV Charging Station 1037,MSEDCL Public Charging,Maharashtra,Sinnar,"Sector 23, Sinnar",19.83305,73.96312,Type 2,15,6,9.87,22.0,Maintenance,,,False,False,True,5.0,49,Nashik,SYNTHETIC_ADDED
EV1038,Malegaon EV Charging Station 1038,Zeon Charging,Maharashtra,Malegaon,"MIDC Area 4, Malegaon",20.572794,74.530119,CCS2,7,1,14.35,17.0,Maintenance,,,False,False,True,3.7,204,Nashik,SYNTHETIC_ADDED
EV1039,Manmad EV Charging Station 1039,Magenta ChargeGrid,Maharashtra,Manmad,"Highway Rd 25, Manmad",20.235879,74.445956,DC Fast,22,1,17.05,7.0,Maintenance,,,True,False,False,3.4,239,Nashik,SYNTHETIC_ADDED
EV1040,Dhule EV Charging Station 1040,Statiq,Maharashtra,Dhule,"Sector 3, Dhule",20.911248,74.748531,CCS2,60,1,18.2,40.0,Available,,,False,False,True,3.4,175,Nashik,SYNTHETIC_ADDED
EV1041,Shirpur EV Charging Station 1041,Zeon Charging,Maharashtra,Shirpur,"Sector 14, Shirpur",21.332637,74.876481,DC Fast,22,2,11.12,13.0,Busy,,,True,False,True,3.5,104,Nashik,SYNTHETIC_ADDED
EV1042,Nandurbar EV Charging Station 1042,Magenta ChargeGrid,Maharashtra,Nandurbar,"Sector 28, Nandurbar",21.361501,74.255511,AC,15,7,14.36,14.0,Maintenance,,,False,True,True,3.9,100,Nashik,SYNTHETIC_ADDED
EV1043,Shahada EV Charging Station 1043,Statiq,Maharashtra,Shahada,"Station Rd 17, Shahada",21.529089,74.481413,CHAdeMO,22,4,18.32,28.0,Available,,,False,False,True,3.7,147,Nashik,SYNTHETIC_ADDED
EV1044,Jalgaon EV Charging Station 1044,Ather Grid,Maharashtra,Jalgaon,"Market Yard 11, Jalgaon",21.028545,75.57204,DC Fast,22,6,19.99,3.0,Maintenance,,,False,False,True,3.8,218,Nashik,SYNTHETIC_ADDED
EV1045,Bhusawal EV Charging Station 1045,Ather Grid,Maharashtra,Bhusawal,"Station Rd 3, Bhusawal",21.032617,75.769667,AC,120,4,17.57,21.0,Available,,,True,False,False,3.3,156,Nashik,SYNTHETIC_ADDED
EV1046,Chalisgaon EV Charging Station 1046,Statiq,Maharashtra,Chalisgaon,"Sector 29, Chalisgaon",20.492454,75.019806,Type 2,60,1,15.2,28.0,Busy,,,False,True,True,4.9,94,Nashik,SYNTHETIC_ADDED
EV1047,Amalner EV Charging Station 1047,Jio-bp,Maharashtra,Amalner,"Highway Rd 9, Amalner",21.056881,75.04495,DC Fast,7,3,10.25,35.0,Busy,,,True,False,True,3.7,241,Nashik,SYNTHETIC_ADDED
EV1048,Ahmednagar EV Charging Station 1048,Magenta ChargeGrid,Maharashtra,Ahmednagar,"Highway Rd 18, Ahmednagar",19.094503,74.739814,CHAdeMO,22,5,9.62,16.0,Maintenance,,,True,False,True,4.6,236,Nashik,SYNTHETIC_ADDED
EV1049,Shirdi EV Charging Station 1049,ChargeZone,Maharashtra,Shirdi,"Sector 2, Shirdi",19.781876,74.49377,AC,7,7,20.2,27.0,Available,,,False,False,True,4.9,151,Nashik,SYNTHETIC_ADDED
EV1050,Sangamner EV Charging Station 1050,Statiq,Maharashtra,Sangamner,"MIDC Area 19, Sangamner",19.590131,74.222529,CCS2,30,7,18.8,0.0,Available,,,False,False,False,3.8,118,Nashik,SYNTHETIC_ADDED
EV1051,Kopargaon EV Charging Station 1051,Magenta ChargeGrid,Maharashtra,Kopargaon,"Highway Rd 24, Kopargaon",19.856697,74.51269,Type 2,30,6,14.75,9.0,Busy,,,False,True,False,3.7,59,Nashik,SYNTHETIC_ADDED
EV1052,Shrirampur EV Charging Station 1052,Tata Power,Maharashtra,Shrirampur,"MIDC Area 29, Shrirampur",19.603705,74.662026,Type 2,22,4,15.99,38.0,Maintenance,,,False,True,True,4.1,212,Nashik,SYNTHETIC_ADDED
EV1053,Chhatrapati Sambhajinagar EV Charging Station 1053,Zeon Charging,Maharashtra,Chhatrapati Sambhajinagar,"Sector 5, Chhatrapati Sambhajinagar",19.882254,75.328923,Type 2,150,8,12.42,0.0,Available,Nashik-Aurangabad,2,False,False,False,4.2,21,Chhatrapati Sambhajinagar,SYNTHETIC_ADDED
EV1054,Paithan EV Charging Station 1054,ChargeZone,Maharashtra,Paithan,"Market Yard 13, Paithan",19.499575,75.39214,CHAdeMO,22,6,11.57,5.0,Maintenance,,,False,False,True,3.6,19,Chhatrapati Sambhajinagar,SYNTHETIC_ADDED
EV1055,Vaijapur EV Charging Station 1055,ChargeZone,Maharashtra,Vaijapur,"Sector 16, Vaijapur",19.905126,74.75235,Type 2,7,4,14.59,17.0,Available,,,True,False,False,4.6,230,Chhatrapati Sambhajinagar,SYNTHETIC_ADDED
EV1056,Kannad EV Charging Station 1056,Statiq,Maharashtra,Kannad,"Market Yard 3, Kannad",20.288516,75.107705,CCS2,30,6,18.37,5.0,Maintenance,,,True,True,True,4.0,59,Chhatrapati Sambhajinagar,SYNTHETIC_ADDED
EV1057,Jalna EV Charging Station 1057,Statiq,Maharashtra,Jalna,"Highway Rd 22, Jalna",19.853728,75.910734,Type 2,30,6,11.96,31.0,Busy,,,True,False,False,4.3,237,Chhatrapati Sambhajinagar,SYNTHETIC_ADDED
EV1058,Ambad EV Charging Station 1058,Zeon Charging,Maharashtra,Ambad,"Highway Rd 20, Ambad",19.595,75.785578,CCS2,60,5,12.4,30.0,Maintenance,,,False,False,True,4.8,62,Chhatrapati Sambhajinagar,SYNTHETIC_ADDED
EV1059,Parbhani EV Charging Station 1059,MSEDCL Public Charging,Maharashtra,Parbhani,"Station Rd 17, Parbhani",19.260961,76.770867,Type 2,30,2,17.59,25.0,Maintenance,,,True,False,True,3.9,182,Chhatrapati Sambhajinagar,SYNTHETIC_ADDED
EV1060,Gangakhed EV Charging Station 1060,Statiq,Maharashtra,Gangakhed,"Highway Rd 30, Gangakhed",18.968038,76.728886,AC,120,7,19.17,19.0,Busy,,,True,False,True,4.5,154,Chhatrapati Sambhajinagar,SYNTHETIC_ADDED
EV1061,Hingoli EV Charging Station 1061,Tata Power,Maharashtra,Hingoli,"Highway Rd 26, Hingoli",19.725117,77.137872,Type 2,15,1,16.43,11.0,Available,,,False,False,False,4.1,163,Chhatrapati Sambhajinagar,SYNTHETIC_ADDED
EV1062,Kalamnuri EV Charging Station 1062,Statiq,Maharashtra,Kalamnuri,"Highway Rd 11, Kalamnuri",19.897009,77.31246,DC Fast,60,3,13.7,16.0,Available,,,True,True,True,3.1,245,Chhatrapati Sambhajinagar,SYNTHETIC_ADDED
EV1063,Beed EV Charging Station 1063,Ather Grid,Maharashtra,Beed,"MIDC Area 23, Beed",18.965266,75.78777,AC,22,1,13.22,18.0,Available,,,True,True,True,3.4,203,Chhatrapati Sambhajinagar,SYNTHETIC_ADDED
EV1064,Georai EV Charging Station 1064,Jio-bp,Maharashtra,Georai,"Market Yard 4, Georai",19.253755,75.754294,AC,22,3,15.2,25.0,Busy,,,False,True,False,3.9,42,Chhatrapati Sambhajinagar,SYNTHETIC_ADDED
EV1065,Ambajogai EV Charging Station 1065,Tata Power,Maharashtra,Ambajogai,"Station Rd 26, Ambajogai",18.742662,76.387026,Type 2,15,8,14.11,10.0,Busy,,,True,False,True,4.3,110,Chhatrapati Sambhajinagar,SYNTHETIC_ADDED
EV1066,Nanded EV Charging Station 1066,Statiq,Maharashtra,Nanded,"Station Rd 23, Nanded",19.108811,77.318914,AC,120,7,9.71,9.0,Available,,,True,False,False,4.7,66,Chhatrapati Sambhajinagar,SYNTHETIC_ADDED
EV1067,Deglur EV Charging Station 1067,Kazam,Maharashtra,Deglur,"Station Rd 8, Deglur",18.546637,77.568052,Type 2,7,6,19.7,30.0,Busy,,,True,False,True,4.8,104,Chhatrapati Sambhajinagar,SYNTHETIC_ADDED
EV1068,Kandhar EV Charging Station 1068,ChargeZone,Maharashtra,Kandhar,"Sector 2, Kandhar",18.829982,77.130314,AC,120,7,19.07,2.0,Busy,,,False,False,True,3.1,244,Chhatrapati Sambhajinagar,SYNTHETIC_ADDED
EV1069,Latur EV Charging Station 1069,MSEDCL Public Charging,Maharashtra,Latur,"Station Rd 25, Latur",18.434815,76.586239,AC,7,1,17.36,23.0,Busy,,,False,True,False,4.6,144,Chhatrapati Sambhajinagar,SYNTHETIC_ADDED
EV1070,Udgir EV Charging Station 1070,Statiq,Maharashtra,Udgir,"Station Rd 15, Udgir",18.399496,77.097864,CHAdeMO,15,8,19.3,20.0,Busy,,,True,False,True,4.3,193,Chhatrapati Sambhajinagar,SYNTHETIC_ADDED
EV1071,Ausa EV Charging Station 1071,Kazam,Maharashtra,Ausa,"Highway Rd 23, Ausa",18.220952,76.473051,CCS2,150,1,19.17,34.0,Busy,,,False,False,True,3.7,247,Chhatrapati Sambhajinagar,SYNTHETIC_ADDED
EV1072,Osmanabad EV Charging Station 1072,ChargeZone,Maharashtra,Osmanabad,"MIDC Area 6, Osmanabad",18.209574,76.043713,Type 2,22,7,16.82,15.0,Available,,,False,False,False,3.8,73,Chhatrapati Sambhajinagar,SYNTHETIC_ADDED
EV1073,Tuljapur EV Charging Station 1073,Jio-bp,Maharashtra,Tuljapur,"MIDC Area 16, Tuljapur",18.035746,76.087675,Type 2,30,7,8.96,28.0,Maintenance,,,True,False,True,4.2,54,Chhatrapati Sambhajinagar,SYNTHETIC_ADDED
EV1074,Pune EV Charging Station 1074,Statiq,Maharashtra,Pune,"Market Yard 14, Pune",18.493469,73.832127,Type 2,60,1,12.51,12.0,Maintenance,Pune-Nagpur,1,False,False,True,3.6,225,Pune,SYNTHETIC_ADDED
EV1075,Pimpri-Chinchwad EV Charging Station 1075,Kazam,Maharashtra,Pimpri-Chinchwad,"Market Yard 16, Pimpri-Chinchwad",18.610694,73.80104,DC Fast,120,2,21.42,10.0,Available,,,False,False,False,4.4,230,Pune,SYNTHETIC_ADDED
EV1076,Hinjawadi EV Charging Station 1076,Jio-bp,Maharashtra,Hinjawadi,"Sector 7, Hinjawadi",18.608008,73.735758,DC Fast,7,3,17.51,23.0,Maintenance,,,True,False,True,3.3,116,Pune,SYNTHETIC_ADDED
EV1077,Wakad EV Charging Station 1077,Jio-bp,Maharashtra,Wakad,"Station Rd 3, Wakad",18.61883,73.783561,Type 2,30,3,20.03,15.0,Available,,,False,False,False,3.2,206,Pune,SYNTHETIC_ADDED
EV1078,Hadapsar EV Charging Station 1078,Statiq,Maharashtra,Hadapsar,"MIDC Area 22, Hadapsar",18.52132,73.909442,AC,7,4,20.5,34.0,Maintenance,,,False,True,True,3.2,248,Pune,SYNTHETIC_ADDED
EV1079,Baner EV Charging Station 1079,Zeon Charging,Maharashtra,Baner,"Market Yard 18, Baner",18.545326,73.816531,AC,150,3,18.95,34.0,Busy,,,False,False,False,4.9,136,Pune,SYNTHETIC_ADDED
EV1080,Chakan EV Charging Station 1080,Jio-bp,Maharashtra,Chakan,"Station Rd 15, Chakan",18.743272,73.864036,CHAdeMO,90,6,19.0,28.0,Maintenance,,,False,False,False,4.8,47,Pune,SYNTHETIC_ADDED
EV1081,Talegaon EV Charging Station 1081,Magenta ChargeGrid,Maharashtra,Talegaon,"Highway Rd 4, Talegaon",18.728485,73.660262,Type 2,120,8,13.4,13.0,Busy,,,False,False,True,3.9,146,Pune,SYNTHETIC_ADDED
EV1082,Lonavala EV Charging Station 1082,Kazam,Maharashtra,Lonavala,"Station Rd 13, Lonavala",18.779311,73.389337,CHAdeMO,120,2,14.09,17.0,Busy,,,False,False,True,3.8,21,Pune,SYNTHETIC_ADDED
EV1083,Saswad EV Charging Station 1083,MSEDCL Public Charging,Maharashtra,Saswad,"Station Rd 23, Saswad",18.328678,74.034426,CHAdeMO,22,5,12.3,9.0,Available,,,False,False,False,4.3,223,Pune,SYNTHETIC_ADDED
EV1084,Baramati EV Charging Station 1084,ChargeZone,Maharashtra,Baramati,"Highway Rd 4, Baramati",18.180954,74.601896,CCS2,22,5,17.26,40.0,Maintenance,,,False,True,False,3.1,148,Pune,SYNTHETIC_ADDED
EV1085,Daund EV Charging Station 1085,Statiq,Maharashtra,Daund,"Station Rd 30, Daund",18.491873,74.58962,CCS2,7,3,20.66,37.0,Maintenance,,,False,False,False,3.4,222,Pune,SYNTHETIC_ADDED
EV1086,Junnar EV Charging Station 1086,Ather Grid,Maharashtra,Junnar,"MIDC Area 10, Junnar",19.209739,73.877501,CHAdeMO,60,4,17.25,13.0,Available,,,True,False,False,3.5,189,Pune,SYNTHETIC_ADDED
EV1087,Satara EV Charging Station 1087,Zeon Charging,Maharashtra,Satara,"Station Rd 29, Satara",17.709413,74.033749,Type 2,15,1,12.46,21.0,Busy,,,False,False,True,3.3,120,Pune,SYNTHETIC_ADDED
EV1088,Karad EV Charging Station 1088,MSEDCL Public Charging,Maharashtra,Karad,"MIDC Area 30, Karad",17.277763,74.156448,CCS2,15,8,11.03,9.0,Available,,,True,False,False,4.9,150,Pune,SYNTHETIC_ADDED
EV1089,Phaltan EV Charging Station 1089,Jio-bp,Maharashtra,Phaltan,"Market Yard 6, Phaltan",18.018806,74.406532,Type 2,30,2,19.5,9.0,Busy,,,False,False,False,3.5,237,Pune,SYNTHETIC_ADDED
EV1090,Wai EV Charging Station 1090,Ather Grid,Maharashtra,Wai,"Station Rd 18, Wai",17.953301,73.881925,AC,120,5,19.51,0.0,Busy,,,True,False,True,4.7,190,Pune,SYNTHETIC_ADDED
EV1091,Mahabaleshwar EV Charging Station 1091,Magenta ChargeGrid,Maharashtra,Mahabaleshwar,"Sector 21, Mahabaleshwar",17.956707,73.668458,Type 2,90,2,18.09,6.0,Busy,,,True,False,True,3.7,113,Pune,SYNTHETIC_ADDED
EV1092,Sangli EV Charging Station 1092,Zeon Charging,Maharashtra,Sangli,"Sector 19, Sangli",16.828864,74.602063,CHAdeMO,7,1,16.0,12.0,Available,,,False,False,True,4.4,224,Pune,SYNTHETIC_ADDED
EV1093,Miraj EV Charging Station 1093,Zeon Charging,Maharashtra,Miraj,"Sector 4, Miraj",16.811832,74.662504,Type 2,22,3,15.08,6.0,Available,,,True,False,True,4.5,183,Pune,SYNTHETIC_ADDED
EV1094,Islampur EV Charging Station 1094,Ather Grid,Maharashtra,Islampur,"Station Rd 9, Islampur",17.031662,74.268395,CHAdeMO,60,7,19.66,16.0,Available,,,False,True,False,4.9,140,Pune,SYNTHETIC_ADDED
EV1095,Vita EV Charging Station 1095,Jio-bp,Maharashtra,Vita,"Sector 14, Vita",17.425044,74.503414,Type 2,120,7,15.46,31.0,Busy,,,False,False,True,4.3,64,Pune,SYNTHETIC_ADDED
EV1096,Kolhapur EV Charging Station 1096,Ather Grid,Maharashtra,Kolhapur,"MIDC Area 5, Kolhapur",16.725726,74.235661,AC,150,1,15.48,40.0,Busy,,,True,False,False,4.3,215,Pune,SYNTHETIC_ADDED
EV1097,Ichalkaranji EV Charging Station 1097,Tata Power,Maharashtra,Ichalkaranji,"Sector 1, Ichalkaranji",16.664304,74.47946,DC Fast,15,3,16.29,14.0,Available,,,False,False,False,4.5,160,Pune,SYNTHETIC_ADDED
EV1098,Gadhinglaj EV Charging Station 1098,Jio-bp,Maharashtra,Gadhinglaj,"Market Yard 28, Gadhinglaj",16.227365,74.369204,Type 2,150,5,14.83,3.0,Available,,,False,True,True,4.5,244,Pune,SYNTHETIC_ADDED
EV1099,Kagal EV Charging Station 1099,Jio-bp,Maharashtra,Kagal,"Station Rd 4, Kagal",16.554211,74.288876,AC,120,2,20.05,32.0,Busy,,,True,False,False,3.5,3,Pune,SYNTHETIC_ADDED
EV1100,Solapur EV Charging Station 1100,ChargeZone,Maharashtra,Solapur,"Highway Rd 19, Solapur",17.664304,75.911463,CHAdeMO,7,3,11.34,29.0,Available,,,False,False,False,3.9,18,Pune,SYNTHETIC_ADDED
EV1101,Pandharpur EV Charging Station 1101,Zeon Charging,Maharashtra,Pandharpur,"Station Rd 17, Pandharpur",17.68625,75.354371,AC,90,6,17.39,10.0,Maintenance,,,False,True,False,4.1,238,Pune,SYNTHETIC_ADDED
EV1102,Barshi EV Charging Station 1102,MSEDCL Public Charging,Maharashtra,Barshi,"Market Yard 28, Barshi",18.24221,75.654326,DC Fast,15,1,21.5,6.0,Busy,,,True,False,False,3.1,239,Pune,SYNTHETIC_ADDED
EV1103,Akkalkot EV Charging Station 1103,Ather Grid,Maharashtra,Akkalkot,"Station Rd 25, Akkalkot",17.523787,76.2025,AC,90,6,8.95,12.0,Available,,,True,True,False,4.5,181,Pune,SYNTHETIC_ADDED
EV1104,Nashik EV Charging Station 1104,ChargeZone,Maharashtra,Nashik,"Highway Rd 22, Nashik",20.007879,73.808021,Type 2,90,3,12.85,24.0,Busy,,,False,True,True,4.8,201,Nashik,SYNTHETIC_ADDED
EV1105,Ozar EV Charging Station 1105,Zeon Charging,Maharashtra,Ozar,"MIDC Area 30, Ozar",20.145035,73.94157,DC Fast,7,8,16.24,37.0,Busy,,,False,False,False,4.5,202,Nashik,SYNTHETIC_ADDED
EV1106,Igatpuri EV Charging Station 1106,Kazam,Maharashtra,Igatpuri,"Market Yard 28, Igatpuri",19.686438,73.565116,DC Fast,15,5,15.18,4.0,Available,,,True,True,False,4.1,9,Nashik,SYNTHETIC_ADDED
EV1107,Sinnar EV Charging Station 1107,Ather Grid,Maharashtra,Sinnar,"Sector 13, Sinnar",19.850557,74.007515,Type 2,150,2,14.32,24.0,Maintenance,,,True,False,True,3.9,90,Nashik,SYNTHETIC_ADDED
EV1108,Malegaon EV Charging Station 1108,Jio-bp,Maharashtra,Malegaon,"MIDC Area 16, Malegaon",20.5716,74.510822,AC,90,1,21.43,22.0,Available,,,False,False,False,3.8,16,Nashik,SYNTHETIC_ADDED
EV1109,Manmad EV Charging Station 1109,Statiq,Maharashtra,Manmad,"Station Rd 13, Manmad",20.255892,74.450752,CHAdeMO,150,6,15.74,14.0,Maintenance,,,False,True,False,4.4,175,Nashik,SYNTHETIC_ADDED
EV1110,Dhule EV Charging Station 1110,Statiq,Maharashtra,Dhule,"Station Rd 15, Dhule",20.902961,74.74507,Type 2,60,8,15.28,7.0,Maintenance,,,True,True,False,4.0,44,Nashik,SYNTHETIC_ADDED
EV1111,Shirpur EV Charging Station 1111,Ather Grid,Maharashtra,Shirpur,"Market Yard 13, Shirpur",21.362632,74.896159,CCS2,30,6,10.18,27.0,Available,,,False,False,False,3.3,24,Nashik,SYNTHETIC_ADDED
EV1112,Nandurbar EV Charging Station 1112,Magenta ChargeGrid,Maharashtra,Nandurbar,"Station Rd 29, Nandurbar",21.372782,74.274523,Type 2,60,2,21.4,27.0,Available,,,False,True,False,4.5,192,Nashik,SYNTHETIC_ADDED
EV1113,Shahada EV Charging Station 1113,Tata Power,Maharashtra,Shahada,"Highway Rd 4, Shahada",21.542235,74.454322,CCS2,60,2,9.95,31.0,Available,,,False,False,False,4.7,117,Nashik,SYNTHETIC_ADDED
EV1114,Jalgaon EV Charging Station 1114,Statiq,Maharashtra,Jalgaon,"Market Yard 3, Jalgaon",21.018447,75.548121,CHAdeMO,30,1,8.87,7.0,Maintenance,,,True,False,True,4.5,205,Nashik,SYNTHETIC_ADDED
EV1115,Bhusawal EV Charging Station 1115,Zeon Charging,Maharashtra,Bhusawal,"MIDC Area 7, Bhusawal",21.05162,75.785784,AC,60,8,10.57,4.0,Busy,,,False,True,False,4.4,208,Nashik,SYNTHETIC_ADDED
EV1116,Chalisgaon EV Charging Station 1116,Magenta ChargeGrid,Maharashtra,Chalisgaon,"Highway Rd 28, Chalisgaon",20.455584,74.987998,CHAdeMO,22,2,19.97,13.0,Available,,,False,True,False,3.8,153,Nashik,SYNTHETIC_ADDED
EV1117,Amalner EV Charging Station 1117,Ather Grid,Maharashtra,Amalner,"MIDC Area 1, Amalner",21.044834,75.022218,AC,15,6,21.23,30.0,Busy,,,False,False,True,4.0,14,Nashik,SYNTHETIC_ADDED
EV1118,Ahmednagar EV Charging Station 1118,Kazam,Maharashtra,Ahmednagar,"Highway Rd 21, Ahmednagar",19.06747,74.767073,Type 2,60,8,18.18,14.0,Maintenance,,,True,True,True,3.2,5,Nashik,SYNTHETIC_ADDED
EV1119,Shirdi EV Charging Station 1119,Tata Power,Maharashtra,Shirdi,"Highway Rd 30, Shirdi",19.739977,74.450249,CCS2,30,3,19.54,24.0,Maintenance,,,False,True,True,3.6,89,Nashik,SYNTHETIC_ADDED
EV1120,Sangamner EV Charging Station 1120,Kazam,Maharashtra,Sangamner,"Market Yard 25, Sangamner",19.580301,74.234058,CHAdeMO,90,2,14.6,37.0,Maintenance,,,False,False,True,3.4,96,Nashik,SYNTHETIC_ADDED
EV1121,Kopargaon EV Charging Station 1121,MSEDCL Public Charging,Maharashtra,Kopargaon,"Sector 8, Kopargaon",19.855035,74.472747,CHAdeMO,7,8,12.09,19.0,Busy,,,False,False,True,4.0,76,Nashik,SYNTHETIC_ADDED
EV1122,Shrirampur EV Charging Station 1122,Kazam,Maharashtra,Shrirampur,"Station Rd 19, Shrirampur",19.604545,74.668758,CHAdeMO,60,2,19.36,27.0,Maintenance,,,False,False,True,3.7,205,Nashik,SYNTHETIC_ADDED
EV1123,Chhatrapati Sambhajinagar EV Charging Station 1123,MSEDCL Public Charging,Maharashtra,Chhatrapati Sambhajinagar,"MIDC Area 21, Chhatrapati Sambhajinagar",19.897784,75.338464,CCS2,90,3,15.72,37.0,Maintenance,Nashik-Aurangabad,2,True,False,False,4.5,179,Chhatrapati Sambhajinagar,SYNTHETIC_ADDED
EV1124,Paithan EV Charging Station 1124,Jio-bp,Maharashtra,Paithan,"Sector 22, Paithan",19.46457,75.409579,Type 2,15,6,15.41,40.0,Maintenance,,,True,False,False,4.4,39,Chhatrapati Sambhajinagar,SYNTHETIC_ADDED
EV1125,Vaijapur EV Charging Station 1125,Zeon Charging,Maharashtra,Vaijapur,"Market Yard 30, Vaijapur",19.942305,74.742755,CCS2,22,5,14.86,29.0,Busy,,,True,True,False,4.9,82,Chhatrapati Sambhajinagar,SYNTHETIC_ADDED
EV1126,Kannad EV Charging Station 1126,MSEDCL Public Charging,Maharashtra,Kannad,"MIDC Area 14, Kannad",20.250272,75.116946,CHAdeMO,22,5,14.87,14.0,Busy,,,False,False,True,4.6,140,Chhatrapati Sambhajinagar,SYNTHETIC_ADDED
EV1127,Jalna EV Charging Station 1127,ChargeZone,Maharashtra,Jalna,"Market Yard 24, Jalna",19.817531,75.914934,CCS2,90,3,21.3,28.0,Busy,,,True,False,True,4.9,135,Chhatrapati Sambhajinagar,SYNTHETIC_ADDED
EV1128,Ambad EV Charging Station 1128,Ather Grid,Maharashtra,Ambad,"Highway Rd 27, Ambad",19.639675,75.773314,DC Fast,90,5,17.19,6.0,Available,,,False,True,True,4.7,125,Chhatrapati Sambhajinagar,SYNTHETIC_ADDED
EV1129,Parbhani EV Charging Station 1129,Jio-bp,Maharashtra,Parbhani,"MIDC Area 5, Parbhani",19.261258,76.752893,AC,7,3,19.02,12.0,Busy,,,False,False,False,4.0,223,Chhatrapati Sambhajinagar,SYNTHETIC_ADDED
EV1130,Gangakhed EV Charging Station 1130,Kazam,Maharashtra,Gangakhed,"MIDC Area 17, Gangakhed",18.969569,76.779966,CHAdeMO,15,2,14.61,7.0,Maintenance,,,True,False,False,3.3,217,Chhatrapati Sambhajinagar,SYNTHETIC_ADDED
EV1131,Hingoli EV Charging Station 1131,MSEDCL Public Charging,Maharashtra,Hingoli,"Sector 7, Hingoli",19.711527,77.162399,Type 2,90,5,12.91,16.0,Maintenance,,,True,False,True,3.6,212,Chhatrapati Sambhajinagar,SYNTHETIC_ADDED
EV1132,Kalamnuri EV Charging Station 1132,Jio-bp,Maharashtra,Kalamnuri,"MIDC Area 3, Kalamnuri",19.927812,77.340196,Type 2,90,3,21.18,0.0,Busy,,,True,False,True,3.4,162,Chhatrapati Sambhajinagar,SYNTHETIC_ADDED
EV1133,Beed EV Charging Station 1133,Ather Grid,Maharashtra,Beed,"Sector 8, Beed",18.999753,75.778969,DC Fast,7,6,10.11,24.0,Available,,,False,True,False,3.2,117,Chhatrapati Sambhajinagar,SYNTHETIC_ADDED
EV1134,Georai EV Charging Station 1134,Magenta ChargeGrid,Maharashtra,Georai,"Highway Rd 14, Georai",19.290936,75.763573,CHAdeMO,90,8,9.46,26.0,Busy,,,True,True,True,3.6,177,Chhatrapati Sambhajinagar,SYNTHETIC_ADDED
EV1135,Ambajogai EV Charging Station 1135,Kazam,Maharashtra,Ambajogai,"Market Yard 17, Ambajogai",18.749181,76.397338,DC Fast,7,8,14.77,21.0,Busy,,,True,False,True,4.4,88,Chhatrapati Sambhajinagar,SYNTHETIC_ADDED
EV1136,Nanded EV Charging Station 1136,Statiq,Maharashtra,Nanded,"Sector 29, Nanded",19.164535,77.29299,Type 2,90,4,10.15,37.0,Maintenance,,,True,True,False,4.9,82,Chhatrapati Sambhajinagar,SYNTHETIC_ADDED
EV1137,Deglur EV Charging Station 1137,Ather Grid,Maharashtra,Deglur,"Station Rd 16, Deglur",18.52241,77.538946,CCS2,60,1,20.74,16.0,Busy,,,False,False,True,3.8,153,Chhatrapati Sambhajinagar,SYNTHETIC_ADDED
EV1138,Kandhar EV Charging Station 1138,Magenta ChargeGrid,Maharashtra,Kandhar,"Market Yard 13, Kandhar",18.859402,77.122808,Type 2,22,4,11.69,3.0,Busy,,,True,False,True,3.8,39,Chhatrapati Sambhajinagar,SYNTHETIC_ADDED
EV1139,Latur EV Charging Station 1139,Magenta ChargeGrid,Maharashtra,Latur,"Highway Rd 28, Latur",18.398107,76.581274,Type 2,22,2,20.1,12.0,Available,,,True,False,True,3.5,186,Chhatrapati Sambhajinagar,SYNTHETIC_ADDED
EV1140,Udgir EV Charging Station 1140,Kazam,Maharashtra,Udgir,"MIDC Area 23, Udgir",18.403654,77.11836,Type 2,7,7,20.72,25.0,Busy,,,True,True,True,3.6,125,Chhatrapati Sambhajinagar,SYNTHETIC_ADDED
EV1141,Ausa EV Charging Station 1141,Tata Power,Maharashtra,Ausa,"Station Rd 30, Ausa",18.245302,76.507833,CHAdeMO,60,3,9.2,10.0,Available,,,False,True,True,3.2,49,Chhatrapati Sambhajinagar,SYNTHETIC_ADDED
EV1142,Osmanabad EV Charging Station 1142,Jio-bp,Maharashtra,Osmanabad,"MIDC Area 11, Osmanabad",18.178054,76.060824,AC,60,8,11.76,25.0,Maintenance,,,False,False,False,4.1,39,Chhatrapati Sambhajinagar,SYNTHETIC_ADDED
EV1143,Tuljapur EV Charging Station 1143,Ather Grid,Maharashtra,Tuljapur,"Highway Rd 25, Tuljapur",18.031334,76.099925,CCS2,30,2,15.53,5.0,Available,,,False,False,True,3.4,50,Chhatrapati Sambhajinagar,SYNTHETIC_ADDED
EV1144,Pune EV Charging Station 1144,MSEDCL Public Charging,Maharashtra,Pune,"Market Yard 24, Pune",18.505315,73.881495,Type 2,22,8,18.59,38.0,Maintenance,,,False,False,True,3.0,122,Pune,SYNTHETIC_ADDED
EV1145,Pimpri-Chinchwad EV Charging Station 1145,Ather Grid,Maharashtra,Pimpri-Chinchwad,"Station Rd 24, Pimpri-Chinchwad",18.624659,73.818502,Type 2,90,2,19.17,25.0,Maintenance,,,True,False,True,4.4,76,Pune,SYNTHETIC_ADDED
EV1146,Hinjawadi EV Charging Station 1146,Zeon Charging,Maharashtra,Hinjawadi,"Market Yard 28, Hinjawadi",18.58405,73.755837,Type 2,90,6,8.78,32.0,Busy,,,False,True,False,4.2,227,Pune,SYNTHETIC_ADDED
EV1147,Wakad EV Charging Station 1147,MSEDCL Public Charging,Maharashtra,Wakad,"Highway Rd 17, Wakad",18.601324,73.765696,DC Fast,150,5,17.02,1.0,Maintenance,,,True,False,False,4.3,198,Pune,SYNTHETIC_ADDED
EV1148,Hadapsar EV Charging Station 1148,Tata Power,Maharashtra,Hadapsar,"Market Yard 11, Hadapsar",18.491722,73.938661,DC Fast,7,4,20.04,36.0,Available,,,False,False,True,4.5,247,Pune,SYNTHETIC_ADDED
EV1149,Baner EV Charging Station 1149,Kazam,Maharashtra,Baner,"Highway Rd 15, Baner",18.5411,73.789066,Type 2,7,2,10.93,18.0,Available,,,True,False,False,4.1,52,Pune,SYNTHETIC_ADDED
EV1150,Chakan EV Charging Station 1150,Zeon Charging,Maharashtra,Chakan,"MIDC Area 2, Chakan",18.766652,73.84967,AC,120,1,13.67,24.0,Maintenance,,,False,False,True,4.1,59,Pune,SYNTHETIC_ADDED
EV1151,Talegaon EV Charging Station 1151,Ather Grid,Maharashtra,Talegaon,"Highway Rd 19, Talegaon",18.750825,73.675362,DC Fast,15,8,18.2,22.0,Busy,,,True,False,False,4.9,132,Pune,SYNTHETIC_ADDED
EV1152,Lonavala EV Charging Station 1152,Tata Power,Maharashtra,Lonavala,"Market Yard 2, Lonavala",18.781647,73.425195,CHAdeMO,150,4,9.88,17.0,Busy,,,True,True,True,3.4,20,Pune,SYNTHETIC_ADDED
EV1153,Saswad EV Charging Station 1153,Tata Power,Maharashtra,Saswad,"Sector 25, Saswad",18.359664,74.041316,DC Fast,22,8,21.33,10.0,Available,,,False,False,True,4.0,49,Pune,SYNTHETIC_ADDED
EV1154,Baramati EV Charging Station 1154,MSEDCL Public Charging,Maharashtra,Baramati,"Sector 25, Baramati",18.177933,74.569041,CHAdeMO,90,6,15.91,4.0,Available,,,False,True,True,4.5,165,Pune,SYNTHETIC_ADDED
EV1155,Daund EV Charging Station 1155,Ather Grid,Maharashtra,Daund,"Sector 8, Daund",18.477653,74.596722,DC Fast,7,4,10.91,39.0,Available,,,False,True,True,3.8,226,Pune,SYNTHETIC_ADDED
EV1156,Junnar EV Charging Station 1156,Tata Power,Maharashtra,Junnar,"Sector 16, Junnar",19.21799,73.903592,CCS2,22,1,16.64,38.0,Available,,,True,True,True,3.3,47,Pune,SYNTHETIC_ADDED
EV1157,Satara EV Charging Station 1157,Tata Power,Maharashtra,Satara,"Market Yard 9, Satara",17.669827,73.999823,CCS2,90,3,17.73,3.0,Available,,,False,True,True,4.4,33,Pune,SYNTHETIC_ADDED
EV1158,Karad EV Charging Station 1158,Kazam,Maharashtra,Karad,"Highway Rd 30, Karad",17.303137,74.194732,CHAdeMO,120,7,19.16,4.0,Busy,,,False,False,True,4.0,141,Pune,SYNTHETIC_ADDED
EV1159,Phaltan EV Charging Station 1159,Ather Grid,Maharashtra,Phaltan,"Sector 5, Phaltan",17.994366,74.433125,CCS2,150,8,14.66,9.0,Maintenance,,,True,True,True,3.4,112,Pune,SYNTHETIC_ADDED
EV1160,Wai EV Charging Station 1160,Tata Power,Maharashtra,Wai,"Market Yard 19, Wai",17.973128,73.905346,CCS2,30,4,10.93,32.0,Maintenance,,,False,False,True,4.1,225,Pune,SYNTHETIC_ADDED
EV1161,Mahabaleshwar EV Charging Station 1161,Tata Power,Maharashtra,Mahabaleshwar,"Market Yard 23, Mahabaleshwar",17.935712,73.643238,CHAdeMO,120,8,21.0,12.0,Available,,,True,False,False,3.4,97,Pune,SYNTHETIC_ADDED
EV1162,Sangli EV Charging Station 1162,Statiq,Maharashtra,Sangli,"MIDC Area 30, Sangli",16.85044,74.596138,Type 2,150,1,11.12,31.0,Available,,,False,False,True,4.0,95,Pune,SYNTHETIC_ADDED
EV1163,Miraj EV Charging Station 1163,Zeon Charging,Maharashtra,Miraj,"MIDC Area 19, Miraj",16.804264,74.632146,CHAdeMO,15,8,16.52,27.0,Available,,,True,False,True,3.2,151,Pune,SYNTHETIC_ADDED
EV1164,Islampur EV Charging Station 1164,MSEDCL Public Charging,Maharashtra,Islampur,"Station Rd 19, Islampur",17.030825,74.25762,DC Fast,120,1,16.17,2.0,Maintenance,,,False,False,False,3.5,47,Pune,SYNTHETIC_ADDED
EV1165,Vita EV Charging Station 1165,ChargeZone,Maharashtra,Vita,"Station Rd 12, Vita",17.434986,74.532013,Type 2,30,3,12.38,22.0,Busy,,,False,True,True,4.5,220,Pune,SYNTHETIC_ADDED
EV1166,Kolhapur EV Charging Station 1166,MSEDCL Public Charging,Maharashtra,Kolhapur,"MIDC Area 27, Kolhapur",16.677028,74.264786,AC,60,8,17.3,24.0,Available,,,False,False,True,3.9,8,Pune,SYNTHETIC_ADDED
EV1167,Ichalkaranji EV Charging Station 1167,Tata Power,Maharashtra,Ichalkaranji,"Market Yard 8, Ichalkaranji",16.705668,74.48015,AC,7,8,14.6,17.0,Maintenance,,,False,False,True,3.6,172,Pune,SYNTHETIC_ADDED
EV1168,Gadhinglaj EV Charging Station 1168,Statiq,Maharashtra,Gadhinglaj,"Highway Rd 10, Gadhinglaj",16.250631,74.334253,DC Fast,22,8,12.47,30.0,Available,,,False,False,False,3.6,18,Pune,SYNTHETIC_ADDED
EV1169,Kagal EV Charging Station 1169,Magenta ChargeGrid,Maharashtra,Kagal,"Market Yard 22, Kagal",16.603574,74.298174,DC Fast,22,6,13.48,15.0,Maintenance,,,False,False,True,4.4,85,Pune,SYNTHETIC_ADDED
EV1170,Solapur EV Charging Station 1170,Statiq,Maharashtra,Solapur,"Sector 15, Solapur",17.673134,75.919684,CHAdeMO,30,7,8.82,16.0,Busy,Solapur-Pune,1,True,True,False,4.2,209,Pune,SYNTHETIC_ADDED
EV1171,Pandharpur EV Charging Station 1171,Statiq,Maharashtra,Pandharpur,"MIDC Area 30, Pandharpur",17.661289,75.328847,Type 2,150,2,9.1,19.0,Available,,,True,False,True,4.8,120,Pune,SYNTHETIC_ADDED
EV1172,Barshi EV Charging Station 1172,Ather Grid,Maharashtra,Barshi,"MIDC Area 1, Barshi",18.211805,75.701704,CCS2,7,5,10.56,14.0,Available,,,False,True,True,4.2,60,Pune,SYNTHETIC_ADDED
EV1173,Akkalkot EV Charging Station 1173,ChargeZone,Maharashtra,Akkalkot,"Highway Rd 13, Akkalkot",17.488308,76.238926,Type 2,150,4,16.31,4.0,Available,,,False,False,True,3.3,118,Pune,SYNTHETIC_ADDED
EV1174,Nashik EV Charging Station 1174,Tata Power,Maharashtra,Nashik,"Sector 19, Nashik",20.005588,73.771697,AC,120,1,12.02,8.0,Busy,,,False,False,False,3.5,62,Nashik,SYNTHETIC_ADDED
EV1175,Ozar EV Charging Station 1175,Kazam,Maharashtra,Ozar,"Highway Rd 23, Ozar",20.125409,73.915686,CCS2,22,1,11.82,37.0,Available,,,True,False,False,3.7,41,Nashik,SYNTHETIC_ADDED
EV1176,Igatpuri EV Charging Station 1176,Magenta ChargeGrid,Maharashtra,Igatpuri,"Highway Rd 2, Igatpuri",19.690986,73.584389,CCS2,30,1,14.25,22.0,Maintenance,,,True,False,True,3.3,31,Nashik,SYNTHETIC_ADDED
EV1177,Sinnar EV Charging Station 1177,MSEDCL Public Charging,Maharashtra,Sinnar,"Market Yard 6, Sinnar",19.869087,73.993301,AC,150,6,20.02,34.0,Maintenance,,,True,False,False,3.8,215,Nashik,SYNTHETIC_ADDED
EV1178,Malegaon EV Charging Station 1178,Tata Power,Maharashtra,Malegaon,"MIDC Area 27, Malegaon",20.571076,74.520721,CHAdeMO,15,4,21.4,38.0,Available,,,True,True,True,3.2,165,Nashik,SYNTHETIC_ADDED
EV1179,Manmad EV Charging Station 1179,Kazam,Maharashtra,Manmad,"MIDC Area 29, Manmad",20.235284,74.433361,CCS2,90,6,16.8,17.0,Maintenance,,,True,False,False,4.4,192,Nashik,SYNTHETIC_ADDED
EV1180,Dhule EV Charging Station 1180,Tata Power,Maharashtra,Dhule,"Station Rd 5, Dhule",20.930918,74.799836,AC,7,7,11.55,8.0,Available,,,True,False,False,4.7,106,Nashik,SYNTHETIC_ADDED
EV1181,Shirpur EV Charging Station 1181,Magenta ChargeGrid,Maharashtra,Shirpur,"MIDC Area 21, Shirpur",21.376654,74.872935,CCS2,7,6,8.89,9.0,Available,,,False,False,True,4.4,54,Nashik,SYNTHETIC_ADDED
EV1182,Nandurbar EV Charging Station 1182,Ather Grid,Maharashtra,Nandurbar,"Market Yard 23, Nandurbar",21.338536,74.262311,CCS2,150,5,9.26,14.0,Busy,,,False,False,True,4.5,221,Nashik,SYNTHETIC_ADDED
EV1183,Shahada EV Charging Station 1183,Ather Grid,Maharashtra,Shahada,"Sector 23, Shahada",21.529938,74.481301,CCS2,90,5,9.27,27.0,Maintenance,,,True,False,True,3.9,233,Nashik,SYNTHETIC_ADDED
EV1184,Jalgaon EV Charging Station 1184,Magenta ChargeGrid,Maharashtra,Jalgaon,"Market Yard 18, Jalgaon",20.981174,75.557822,AC,22,2,19.8,5.0,Available,,,False,True,False,5.0,193,Nashik,SYNTHETIC_ADDED
EV1185,Bhusawal EV Charging Station 1185,MSEDCL Public Charging,Maharashtra,Bhusawal,"Market Yard 20, Bhusawal",21.05094,75.803226,Type 2,60,7,12.05,23.0,Maintenance,,,True,False,True,3.0,152,Nashik,SYNTHETIC_ADDED
EV1186,Chalisgaon EV Charging Station 1186,Zeon Charging,Maharashtra,Chalisgaon,"MIDC Area 21, Chalisgaon",20.495431,75.025886,Type 2,15,8,18.74,38.0,Busy,,,True,False,False,4.2,22,Nashik,SYNTHETIC_ADDED
EV1187,Amalner EV Charging Station 1187,MSEDCL Public Charging,Maharashtra,Amalner,"Market Yard 3, Amalner",21.012806,75.031866,CCS2,22,1,14.47,38.0,Maintenance,,,True,True,True,4.3,25,Nashik,SYNTHETIC_ADDED
EV1188,Ahmednagar EV Charging Station 1188,Jio-bp,Maharashtra,Ahmednagar,"Sector 14, Ahmednagar",19.078499,74.770333,CHAdeMO,60,8,17.56,5.0,Busy,Pune-Nashik,2,False,False,True,4.9,93,Nashik,SYNTHETIC_ADDED
EV1189,Shirdi EV Charging Station 1189,Ather Grid,Maharashtra,Shirdi,"Sector 4, Shirdi",19.746932,74.476609,DC Fast,90,6,9.87,12.0,Maintenance,,,False,False,True,4.4,154,Nashik,SYNTHETIC_ADDED
EV1190,Sangamner EV Charging Station 1190,ChargeZone,Maharashtra,Sangamner,"Sector 15, Sangamner",19.57783,74.200571,AC,150,3,11.87,24.0,Busy,,,True,False,False,3.7,182,Nashik,SYNTHETIC_ADDED
EV1191,Kopargaon EV Charging Station 1191,MSEDCL Public Charging,Maharashtra,Kopargaon,"Market Yard 27, Kopargaon",19.889294,74.482362,DC Fast,150,1,9.54,34.0,Available,,,True,False,True,3.0,14,Nashik,SYNTHETIC_ADDED
EV1192,Shrirampur EV Charging Station 1192,MSEDCL Public Charging,Maharashtra,Shrirampur,"Station Rd 5, Shrirampur",19.621561,74.64837,CHAdeMO,60,5,15.31,31.0,Busy,,,False,True,True,3.2,72,Nashik,SYNTHETIC_ADDED
EV1193,Chhatrapati Sambhajinagar EV Charging Station 1193,Statiq,Maharashtra,Chhatrapati Sambhajinagar,"Highway Rd 13, Chhatrapati Sambhajinagar",19.859597,75.371572,Type 2,15,6,20.24,4.0,Available,,,True,False,False,3.5,21,Chhatrapati Sambhajinagar,SYNTHETIC_ADDED
EV1194,Paithan EV Charging Station 1194,Jio-bp,Maharashtra,Paithan,"Highway Rd 21, Paithan",19.50237,75.368173,DC Fast,90,7,18.38,28.0,Available,,,False,False,True,4.0,55,Chhatrapati Sambhajinagar,SYNTHETIC_ADDED
EV1195,Vaijapur EV Charging Station 1195,Magenta ChargeGrid,Maharashtra,Vaijapur,"Highway Rd 12, Vaijapur",19.897681,74.739015,CCS2,30,7,9.61,11.0,Maintenance,,,False,False,True,3.4,142,Chhatrapati Sambhajinagar,SYNTHETIC_ADDED
EV1196,Kannad EV Charging Station 1196,ChargeZone,Maharashtra,Kannad,"Sector 25, Kannad",20.245476,75.132408,Type 2,120,5,13.51,8.0,Available,,,True,False,False,4.6,223,Chhatrapati Sambhajinagar,SYNTHETIC_ADDED
EV1197,Jalna EV Charging Station 1197,Tata Power,Maharashtra,Jalna,"Market Yard 15, Jalna",19.811318,75.884337,DC Fast,120,5,12.21,5.0,Maintenance,,,False,False,False,4.1,168,Chhatrapati Sambhajinagar,SYNTHETIC_ADDED
EV1198,Ambad EV Charging Station 1198,Kazam,Maharashtra,Ambad,"Sector 19, Ambad",19.621823,75.754885,CHAdeMO,22,5,13.2,9.0,Busy,,,False,True,True,3.1,215,Chhatrapati Sambhajinagar,SYNTHETIC_ADDED
EV1199,Parbhani EV Charging Station 1199,Jio-bp,Maharashtra,Parbhani,"Market Yard 11, Parbhani",19.232812,76.789122,DC Fast,60,1,11.66,2.0,Available,,,False,True,True,4.2,64,Chhatrapati Sambhajinagar,SYNTHETIC_ADDED
EV1200,Gangakhed EV Charging Station 1200,Jio-bp,Maharashtra,Gangakhed,"Sector 3, Gangakhed",18.969166,76.729047,AC,120,3,20.54,32.0,Available,,,False,False,True,3.5,220,Chhatrapati Sambhajinagar,SYNTHETIC_ADDED
EV1201,Hingoli EV Charging Station 1201,Statiq,Maharashtra,Hingoli,"Station Rd 12, Hingoli",19.70268,77.158725,CCS2,150,5,12.49,40.0,Available,,,True,False,False,4.5,76,Chhatrapati Sambhajinagar,SYNTHETIC_ADDED
EV1202,Kalamnuri EV Charging Station 1202,Statiq,Maharashtra,Kalamnuri,"Market Yard 8, Kalamnuri",19.927003,77.328196,Type 2,90,6,19.59,27.0,Available,,,True,True,True,3.5,12,Chhatrapati Sambhajinagar,SYNTHETIC_ADDED
EV1203,Beed EV Charging Station 1203,Statiq,Maharashtra,Beed,"Highway Rd 8, Beed",18.968528,75.748264,CCS2,15,3,12.1,14.0,Available,,,False,False,True,3.4,125,Chhatrapati Sambhajinagar,SYNTHETIC_ADDED
EV1204,Georai EV Charging Station 1204,Kazam,Maharashtra,Georai,"Sector 3, Georai",19.239545,75.733871,CHAdeMO,30,6,12.94,22.0,Available,,,True,False,True,3.6,60,Chhatrapati Sambhajinagar,SYNTHETIC_ADDED
EV1205,Ambajogai EV Charging Station 1205,ChargeZone,Maharashtra,Ambajogai,"Station Rd 30, Ambajogai",18.715751,76.410232,AC,150,3,19.4,35.0,Maintenance,,,True,True,False,4.3,73,Chhatrapati Sambhajinagar,SYNTHETIC_ADDED
EV1206,Nanded EV Charging Station 1206,Zeon Charging,Maharashtra,Nanded,"Sector 5, Nanded",19.126044,77.299778,CCS2,7,5,14.54,22.0,Busy,,,False,False,True,4.8,231,Chhatrapati Sambhajinagar,SYNTHETIC_ADDED
EV1207,Deglur EV Charging Station 1207,ChargeZone,Maharashtra,Deglur,"Station Rd 27, Deglur",18.527513,77.581151,Type 2,30,8,14.13,4.0,Maintenance,,,False,True,False,3.6,195,Chhatrapati Sambhajinagar,SYNTHETIC_ADDED
EV1208,Kandhar EV Charging Station 1208,Statiq,Maharashtra,Kandhar,"Market Yard 30, Kandhar",18.870443,77.178145,CCS2,22,8,14.95,35.0,Maintenance,,,True,False,True,4.1,95,Chhatrapati Sambhajinagar,SYNTHETIC_ADDED
EV1209,Latur EV Charging Station 1209,Kazam,Maharashtra,Latur,"Sector 23, Latur",18.425336,76.573724,CHAdeMO,15,3,18.54,14.0,Available,,,True,False,False,4.7,181,Chhatrapati Sambhajinagar,SYNTHETIC_ADDED
EV1210,Udgir EV Charging Station 1210,Jio-bp,Maharashtra,Udgir,"Station Rd 9, Udgir",18.366869,77.107779,AC,7,6,10.65,35.0,Maintenance,,,True,False,True,4.5,45,Chhatrapati Sambhajinagar,SYNTHETIC_ADDED
EV1211,Ausa EV Charging Station 1211,Kazam,Maharashtra,Ausa,"Market Yard 10, Ausa",18.273329,76.483979,CHAdeMO,120,4,18.16,26.0,Available,,,True,False,True,4.1,75,Chhatrapati Sambhajinagar,SYNTHETIC_ADDED
EV1212,Osmanabad EV Charging Station 1212,ChargeZone,Maharashtra,Osmanabad,"Market Yard 24, Osmanabad",18.163223,76.053706,AC,7,7,18.0,25.0,Maintenance,,,False,True,False,4.7,237,Chhatrapati Sambhajinagar,SYNTHETIC_ADDED
EV1213,Tuljapur EV Charging Station 1213,Magenta ChargeGrid,Maharashtra,Tuljapur,"MIDC Area 23, Tuljapur",17.984254,76.086233,CCS2,30,5,20.68,5.0,Busy,,,False,False,True,3.9,16,Chhatrapati Sambhajinagar,SYNTHETIC_ADDED
EV1214,Pune EV Charging Station 1214,MSEDCL Public Charging,Maharashtra,Pune,"Market Yard 10, Pune",18.543269,73.842264,Type 2,30,7,17.25,25.0,Busy,,,True,False,True,4.9,189,Pune,SYNTHETIC_ADDED
EV1215,Pimpri-Chinchwad EV Charging Station 1215,ChargeZone,Maharashtra,Pimpri-Chinchwad,"MIDC Area 3, Pimpri-Chinchwad",18.619661,73.820503,DC Fast,120,7,10.02,36.0,Maintenance,,,False,False,True,3.4,21,Pune,SYNTHETIC_ADDED
EV1216,Hinjawadi EV Charging Station 1216,ChargeZone,Maharashtra,Hinjawadi,"Highway Rd 2, Hinjawadi",18.609652,73.749092,Type 2,150,4,9.49,38.0,Available,,,False,True,True,3.7,203,Pune,SYNTHETIC_ADDED
EV1217,Wakad EV Charging Station 1217,Magenta ChargeGrid,Maharashtra,Wakad,"Sector 3, Wakad",18.589149,73.787951,CHAdeMO,120,3,20.42,38.0,Available,,,False,True,True,4.9,174,Pune,SYNTHETIC_ADDED
EV1218,Hadapsar EV Charging Station 1218,Jio-bp,Maharashtra,Hadapsar,"Highway Rd 23, Hadapsar",18.504961,73.95125,CCS2,22,6,17.55,8.0,Busy,,,False,False,False,4.6,239,Pune,SYNTHETIC_ADDED
EV1219,Baner EV Charging Station 1219,ChargeZone,Maharashtra,Baner,"Market Yard 9, Baner",18.587686,73.800181,CCS2,30,1,18.55,7.0,Available,,,True,False,True,4.2,102,Pune,SYNTHETIC_ADDED
EV1220,Chakan EV Charging Station 1220,Statiq,Maharashtra,Chakan,"MIDC Area 15, Chakan",18.762909,73.849333,DC Fast,30,5,13.33,3.0,Busy,,,False,False,True,3.8,85,Pune,SYNTHETIC_ADDED
EV1221,Talegaon EV Charging Station 1221,Tata Power,Maharashtra,Talegaon,"Station Rd 1, Talegaon",18.759308,73.652468,Type 2,60,8,19.12,26.0,Maintenance,,,False,False,False,3.5,221,Pune,SYNTHETIC_ADDED
EV1222,Lonavala EV Charging Station 1222,Kazam,Maharashtra,Lonavala,"Market Yard 21, Lonavala",18.734831,73.418213,DC Fast,22,7,14.5,5.0,Available,,,False,False,False,4.9,116,Pune,SYNTHETIC_ADDED
EV1223,Saswad EV Charging Station 1223,Ather Grid,Maharashtra,Saswad,"Sector 15, Saswad",18.319203,74.046946,Type 2,15,2,13.7,9.0,Maintenance,,,True,False,False,4.6,112,Pune,SYNTHETIC_ADDED
EV1224,Baramati EV Charging Station 1224,Magenta ChargeGrid,Maharashtra,Baramati,"Station Rd 7, Baramati",18.145762,74.579807,Type 2,120,3,19.06,30.0,Available,,,True,False,True,3.7,200,Pune,SYNTHETIC_ADDED
EV1225,Daund EV Charging Station 1225,Ather Grid,Maharashtra,Daund,"Sector 7, Daund",18.493828,74.604727,DC Fast,15,3,17.95,17.0,Busy,,,False,False,False,4.9,12,Pune,SYNTHETIC_ADDED
EV1226,Junnar EV Charging Station 1226,Kazam,Maharashtra,Junnar,"Highway Rd 12, Junnar",19.208187,73.85222,CCS2,15,1,9.28,26.0,Available,,,False,False,False,4.9,30,Pune,SYNTHETIC_ADDED
EV1227,Satara EV Charging Station 1227,Kazam,Maharashtra,Satara,"Station Rd 19, Satara",17.689546,73.995418,CHAdeMO,90,1,8.83,17.0,Maintenance,,,True,False,True,4.1,177,Pune,SYNTHETIC_ADDED
EV1228,Karad EV Charging Station 1228,Statiq,Maharashtra,Karad,"Station Rd 26, Karad",17.312172,74.210845,CCS2,30,6,21.27,4.0,Available,,,True,True,True,3.4,31,Pune,SYNTHETIC_ADDED
EV1229,Phaltan EV Charging Station 1229,Statiq,Maharashtra,Phaltan,"Sector 25, Phaltan",17.986581,74.415383,AC,60,4,13.01,25.0,Busy,,,True,False,True,4.9,126,Pune,SYNTHETIC_ADDED
EV1230,Wai EV Charging Station 1230,Jio-bp,Maharashtra,Wai,"Market Yard 29, Wai",17.976045,73.89738,AC,120,5,14.49,24.0,Available,,,True,False,True,4.3,32,Pune,SYNTHETIC_ADDED
EV1231,Mahabaleshwar EV Charging Station 1231,Zeon Charging,Maharashtra,Mahabaleshwar,"Highway Rd 15, Mahabaleshwar",17.952829,73.656175,Type 2,15,5,13.84,0.0,Available,,,False,False,True,3.5,181,Pune,SYNTHETIC_ADDED
EV1232,Sangli EV Charging Station 1232,Kazam,Maharashtra,Sangli,"MIDC Area 9, Sangli",16.873366,74.593057,CHAdeMO,120,2,19.84,19.0,Available,,,True,False,False,4.9,202,Pune,SYNTHETIC_ADDED
EV1233,Miraj EV Charging Station 1233,Jio-bp,Maharashtra,Miraj,"Sector 29, Miraj",16.80394,74.641264,Type 2,22,1,9.32,19.0,Busy,,,False,False,False,3.5,72,Pune,SYNTHETIC_ADDED
EV1234,Islampur EV Charging Station 1234,Jio-bp,Maharashtra,Islampur,"MIDC Area 23, Islampur",17.054329,74.229342,CHAdeMO,30,4,12.97,39.0,Maintenance,,,False,True,False,3.3,89,Pune,SYNTHETIC_ADDED
EV1235,Vita EV Charging Station 1235,Jio-bp,Maharashtra,Vita,"Sector 24, Vita",17.444343,74.531515,CCS2,7,5,18.8,0.0,Busy,,,True,False,False,3.8,233,Pune,SYNTHETIC_ADDED
EV1236,Kolhapur EV Charging Station 1236,Ather Grid,Maharashtra,Kolhapur,"Sector 23, Kolhapur",16.710491,74.251471,CCS2,30,8,15.06,25.0,Maintenance,,,False,False,False,3.7,229,Pune,SYNTHETIC_ADDED
EV1237,Ichalkaranji EV Charging Station 1237,Tata Power,Maharashtra,Ichalkaranji,"Highway Rd 25, Ichalkaranji",16.667932,74.489348,DC Fast,120,7,11.1,19.0,Busy,,,False,False,False,4.2,18,Pune,SYNTHETIC_ADDED
EV1238,Gadhinglaj EV Charging Station 1238,Tata Power,Maharashtra,Gadhinglaj,"Sector 3, Gadhinglaj",16.221042,74.328079,AC,120,2,10.73,5.0,Busy,,,False,False,True,3.5,146,Pune,SYNTHETIC_ADDED
EV1239,Kagal EV Charging Station 1239,Ather Grid,Maharashtra,Kagal,"Highway Rd 1, Kagal",16.582451,74.318903,DC Fast,30,4,13.87,12.0,Busy,,,True,True,True,3.9,43,Pune,SYNTHETIC_ADDED
EV1240,Solapur EV Charging Station 1240,Statiq,Maharashtra,Solapur,"Station Rd 12, Solapur",17.675848,75.906339,CCS2,60,3,20.94,19.0,Maintenance,,,False,False,True,4.9,118,Pune,SYNTHETIC_ADDED
EV1241,Pandharpur EV Charging Station 1241,Kazam,Maharashtra,Pandharpur,"Market Yard 1, Pandharpur",17.676542,75.361186,Type 2,120,2,17.44,13.0,Maintenance,,,True,True,False,3.8,152,Pune,SYNTHETIC_ADDED
EV1242,Barshi EV Charging Station 1242,Magenta ChargeGrid,Maharashtra,Barshi,"MIDC Area 5, Barshi",18.214181,75.692633,Type 2,15,8,16.09,34.0,Busy,,,False,False,False,3.2,40,Pune,SYNTHETIC_ADDED
EV1243,Akkalkot EV Charging Station 1243,Jio-bp,Maharashtra,Akkalkot,"Market Yard 4, Akkalkot",17.520245,76.243941,DC Fast,150,3,13.98,24.0,Maintenance,,,False,False,False,3.5,223,Pune,SYNTHETIC_ADDED
EV1244,Nashik EV Charging Station 1244,Jio-bp,Maharashtra,Nashik,"Station Rd 16, Nashik",19.984609,73.772551,DC Fast,30,8,8.73,17.0,Maintenance,,,True,False,True,3.2,180,Nashik,SYNTHETIC_ADDED
EV1245,Ozar EV Charging Station 1245,MSEDCL Public Charging,Maharashtra,Ozar,"Station Rd 28, Ozar",20.13594,73.909631,CHAdeMO,60,2,11.47,31.0,Available,,,False,False,True,3.9,13,Nashik,SYNTHETIC_ADDED
EV1246,Igatpuri EV Charging Station 1246,Magenta ChargeGrid,Maharashtra,Igatpuri,"Sector 12, Igatpuri",19.670969,73.577857,CHAdeMO,30,8,13.72,23.0,Maintenance,,,False,False,True,3.8,8,Nashik,SYNTHETIC_ADDED
EV1247,Sinnar EV Charging Station 1247,ChargeZone,Maharashtra,Sinnar,"MIDC Area 12, Sinnar",19.83504,74.009866,Type 2,90,3,9.27,3.0,Busy,,,True,True,True,3.9,196,Nashik,SYNTHETIC_ADDED
EV1248,Malegaon EV Charging Station 1248,Magenta ChargeGrid,Maharashtra,Malegaon,"Market Yard 4, Malegaon",20.578803,74.542,CHAdeMO,60,6,12.63,17.0,Maintenance,,,True,False,False,4.3,151,Nashik,SYNTHETIC_ADDED
EV1249,Manmad EV Charging Station 1249,MSEDCL Public Charging,Maharashtra,Manmad,"Sector 16, Manmad",20.260334,74.435086,AC,150,2,11.12,37.0,Maintenance,,,True,False,True,3.8,21,Nashik,SYNTHETIC_ADDED
EV1250,Dhule EV Charging Station 1250,ChargeZone,Maharashtra,Dhule,"MIDC Area 11, Dhule",20.932947,74.777369,CHAdeMO,90,2,14.44,22.0,Available,,,True,False,True,4.3,43,Nashik,SYNTHETIC_ADDED
EV1251,Shirpur EV Charging Station 1251,Statiq,Maharashtra,Shirpur,"Sector 6, Shirpur",21.359665,74.868315,DC Fast,15,4,21.17,5.0,Available,,,False,False,True,4.4,69,Nashik,SYNTHETIC_ADDED
EV1252,Nandurbar EV Charging Station 1252,Ather Grid,Maharashtra,Nandurbar,"Station Rd 14, Nandurbar",21.340978,74.234607,CHAdeMO,150,5,10.34,17.0,Available,,,True,False,False,3.2,67,Nashik,SYNTHETIC_ADDED
EV1253,Shahada EV Charging Station 1253,ChargeZone,Maharashtra,Shahada,"Station Rd 14, Shahada",21.527515,74.474652,AC,150,2,13.2,1.0,Busy,,,False,False,False,4.3,241,Nashik,SYNTHETIC_ADDED
EV1254,Jalgaon EV Charging Station 1254,ChargeZone,Maharashtra,Jalgaon,"Station Rd 17, Jalgaon",21.028,75.578054,CCS2,7,1,17.47,8.0,Maintenance,,,True,True,True,3.2,246,Nashik,SYNTHETIC_ADDED
EV1255,Bhusawal EV Charging Station 1255,MSEDCL Public Charging,Maharashtra,Bhusawal,"Market Yard 14, Bhusawal",21.04184,75.756096,AC,150,5,12.4,20.0,Maintenance,,,True,False,True,4.8,156,Nashik,SYNTHETIC_ADDED
EV1256,Chalisgaon EV Charging Station 1256,Kazam,Maharashtra,Chalisgaon,"Market Yard 30, Chalisgaon",20.496456,75.009857,CCS2,120,6,20.65,34.0,Available,,,False,True,False,3.3,50,Nashik,SYNTHETIC_ADDED
EV1257,Amalner EV Charging Station 1257,MSEDCL Public Charging,Maharashtra,Amalner,"Market Yard 1, Amalner",21.053115,75.048947,CHAdeMO,7,7,14.04,31.0,Maintenance,,,False,False,False,3.2,9,Nashik,SYNTHETIC_ADDED
EV1258,Ahmednagar EV Charging Station 1258,Kazam,Maharashtra,Ahmednagar,"Market Yard 22, Ahmednagar",19.118008,74.745232,AC,150,5,19.17,17.0,Available,,,False,True,True,3.2,126,Nashik,SYNTHETIC_ADDED
EV1259,Shirdi EV Charging Station 1259,Ather Grid,Maharashtra,Shirdi,"MIDC Area 16, Shirdi",19.788405,74.46217,CHAdeMO,7,1,10.28,34.0,Maintenance,,,False,False,True,4.7,208,Nashik,SYNTHETIC_ADDED
EV1260,Sangamner EV Charging Station 1260,Magenta ChargeGrid,Maharashtra,Sangamner,"Sector 18, Sangamner",19.562297,74.196354,CCS2,7,1,16.83,19.0,Available,,,False,True,True,3.5,212,Nashik,SYNTHETIC_ADDED
EV1261,Kopargaon EV Charging Station 1261,Statiq,Maharashtra,Kopargaon,"Market Yard 13, Kopargaon",19.873964,74.460104,Type 2,150,7,12.19,21.0,Busy,,,False,False,False,3.5,12,Nashik,SYNTHETIC_ADDED
EV1262,Shrirampur EV Charging Station 1262,Magenta ChargeGrid,Maharashtra,Shrirampur,"Market Yard 6, Shrirampur",19.615914,74.647064,CCS2,7,4,16.28,25.0,Maintenance,,,True,False,True,4.6,22,Nashik,SYNTHETIC_ADDED
EV1263,Chhatrapati Sambhajinagar EV Charging Station 1263,Kazam,Maharashtra,Chhatrapati Sambhajinagar,"Highway Rd 22, Chhatrapati Sambhajinagar",19.861117,75.328604,CHAdeMO,22,5,11.61,8.0,Maintenance,,,True,False,True,5.0,237,Chhatrapati Sambhajinagar,SYNTHETIC_ADDED
EV1264,Paithan EV Charging Station 1264,Ather Grid,Maharashtra,Paithan,"MIDC Area 21, Paithan",19.493725,75.40318,DC Fast,60,5,9.13,27.0,Busy,,,True,True,False,3.1,151,Chhatrapati Sambhajinagar,SYNTHETIC_ADDED
EV1265,Vaijapur EV Charging Station 1265,Statiq,Maharashtra,Vaijapur,"Sector 8, Vaijapur",19.91095,74.723666,CHAdeMO,90,4,19.69,13.0,Maintenance,,,True,False,True,4.1,7,Chhatrapati Sambhajinagar,SYNTHETIC_ADDED
EV1266,Kannad EV Charging Station 1266,Tata Power,Maharashtra,Kannad,"MIDC Area 7, Kannad",20.266978,75.153517,DC Fast,15,8,8.68,18.0,Busy,,,False,True,False,4.4,109,Chhatrapati Sambhajinagar,SYNTHETIC_ADDED
EV1267,Jalna EV Charging Station 1267,Magenta ChargeGrid,Maharashtra,Jalna,"Highway Rd 23, Jalna",19.823562,75.883018,Type 2,120,6,11.6,40.0,Busy,,,False,False,False,3.6,184,Chhatrapati Sambhajinagar,SYNTHETIC_ADDED
EV1268,Ambad EV Charging Station 1268,Statiq,Maharashtra,Ambad,"MIDC Area 6, Ambad",19.642665,75.802308,AC,120,7,21.28,6.0,Maintenance,,,True,True,True,3.8,216,Chhatrapati Sambhajinagar,SYNTHETIC_ADDED
EV1269,Parbhani EV Charging Station 1269,Ather Grid,Maharashtra,Parbhani,"Sector 30, Parbhani",19.23432,76.793905,CHAdeMO,22,8,15.32,11.0,Maintenance,,,True,True,True,3.7,224,Chhatrapati Sambhajinagar,SYNTHETIC_ADDED
EV1270,Gangakhed EV Charging Station 1270,Zeon Charging,Maharashtra,Gangakhed,"Station Rd 26, Gangakhed",18.956909,76.738015,Type 2,150,4,11.39,24.0,Maintenance,,,False,False,True,3.7,202,Chhatrapati Sambhajinagar,SYNTHETIC_ADDED
EV1271,Hingoli EV Charging Station 1271,Tata Power,Maharashtra,Hingoli,"Market Yard 28, Hingoli",19.701404,77.139935,DC Fast,60,3,16.86,10.0,Available,,,False,True,True,4.6,144,Chhatrapati Sambhajinagar,SYNTHETIC_ADDED
EV1272,Kalamnuri EV Charging Station 1272,Statiq,Maharashtra,Kalamnuri,"Sector 18, Kalamnuri",19.889266,77.325623,CCS2,150,4,15.69,13.0,Available,,,True,False,False,4.2,112,Chhatrapati Sambhajinagar,SYNTHETIC_ADDED
EV1273,Beed EV Charging Station 1273,ChargeZone,Maharashtra,Beed,"Highway Rd 15, Beed",19.005937,75.732726,Type 2,30,3,12.68,15.0,Busy,,,False,False,False,4.2,216,Chhatrapati Sambhajinagar,SYNTHETIC_ADDED
EV1274,Georai EV Charging Station 1274,Zeon Charging,Maharashtra,Georai,"Market Yard 18, Georai",19.253481,75.721629,CHAdeMO,30,6,13.82,38.0,Maintenance,,,True,False,True,4.0,135,Chhatrapati Sambhajinagar,SYNTHETIC_ADDED
EV1275,Ambajogai EV Charging Station 1275,Statiq,Maharashtra,Ambajogai,"Sector 21, Ambajogai",18.74755,76.396465,CCS2,15,8,13.67,38.0,Busy,,,False,True,True,4.0,196,Chhatrapati Sambhajinagar,SYNTHETIC_ADDED
EV1276,Nanded EV Charging Station 1276,Magenta ChargeGrid,Maharashtra,Nanded,"Market Yard 28, Nanded",19.13804,77.331239,AC,15,6,11.67,3.0,Busy,,,True,False,True,5.0,46,Chhatrapati Sambhajinagar,SYNTHETIC_ADDED
EV1277,Deglur EV Charging Station 1277,MSEDCL Public Charging,Maharashtra,Deglur,"Sector 28, Deglur",18.547974,77.582368,DC Fast,90,4,20.54,5.0,Available,,,False,False,True,4.2,137,Chhatrapati Sambhajinagar,SYNTHETIC_ADDED
EV1278,Kandhar EV Charging Station 1278,Ather Grid,Maharashtra,Kandhar,"Market Yard 26, Kandhar",18.864005,77.138917,CHAdeMO,7,3,17.71,32.0,Maintenance,,,False,True,True,4.1,28,Chhatrapati Sambhajinagar,SYNTHETIC_ADDED
EV1279,Latur EV Charging Station 1279,Jio-bp,Maharashtra,Latur,"Market Yard 30, Latur",18.422371,76.543198,AC,7,5,8.81,35.0,Busy,,,True,False,True,3.5,72,Chhatrapati Sambhajinagar,SYNTHETIC_ADDED
EV1280,Udgir EV Charging Station 1280,Ather Grid,Maharashtra,Udgir,"Highway Rd 14, Udgir",18.404507,77.101473,AC,90,1,12.19,23.0,Busy,,,True,False,True,3.4,129,Chhatrapati Sambhajinagar,SYNTHETIC_ADDED
EV1281,Ausa EV Charging Station 1281,Jio-bp,Maharashtra,Ausa,"MIDC Area 6, Ausa",18.274284,76.516661,Type 2,7,8,17.42,17.0,Available,,,False,False,False,4.5,218,Chhatrapati Sambhajinagar,SYNTHETIC_ADDED
EV1282,Osmanabad EV Charging Station 1282,Jio-bp,Maharashtra,Osmanabad,"Highway Rd 19, Osmanabad",18.171129,76.048004,DC Fast,60,2,15.97,39.0,Busy,,,True,True,False,4.5,235,Chhatrapati Sambhajinagar,SYNTHETIC_ADDED
EV1283,Tuljapur EV Charging Station 1283,Zeon Charging,Maharashtra,Tuljapur,"Market Yard 18, Tuljapur",17.987584,76.067975,Type 2,30,7,19.48,23.0,Busy,,,True,False,True,3.3,144,Chhatrapati Sambhajinagar,SYNTHETIC_ADDED
EV1284,Pune EV Charging Station 1284,MSEDCL Public Charging,Maharashtra,Pune,"Highway Rd 20, Pune",18.494947,73.848968,CCS2,15,1,9.89,30.0,Maintenance,,,True,False,True,4.8,242,Pune,SYNTHETIC_ADDED
EV1285,Pimpri-Chinchwad EV Charging Station 1285,ChargeZone,Maharashtra,Pimpri-Chinchwad,"Market Yard 11, Pimpri-Chinchwad",18.605848,73.774142,AC,30,6,17.44,23.0,Maintenance,,,True,False,True,3.4,101,Pune,SYNTHETIC_ADDED
EV1286,Hinjawadi EV Charging Station 1286,Jio-bp,Maharashtra,Hinjawadi,"Highway Rd 24, Hinjawadi",18.565072,73.745732,CHAdeMO,15,8,18.93,8.0,Available,,,False,False,False,3.2,121,Pune,SYNTHETIC_ADDED
EV1287,Wakad EV Charging Station 1287,Statiq,Maharashtra,Wakad,"Sector 14, Wakad",18.597054,73.771853,Type 2,120,6,12.01,11.0,Available,,,True,True,True,4.3,60,Pune,SYNTHETIC_ADDED
EV1288,Hadapsar EV Charging Station 1288,Magenta ChargeGrid,Maharashtra,Hadapsar,"Station Rd 21, Hadapsar",18.515327,73.927055,DC Fast,150,7,16.64,11.0,Maintenance,,,True,False,False,3.2,133,Pune,SYNTHETIC_ADDED
EV1289,Baner EV Charging Station 1289,Tata Power,Maharashtra,Baner,"Highway Rd 4, Baner",18.565177,73.772765,DC Fast,22,3,14.09,20.0,Busy,,,False,False,False,4.1,77,Pune,SYNTHETIC_ADDED
EV1290,Chakan EV Charging Station 1290,Zeon Charging,Maharashtra,Chakan,"Station Rd 26, Chakan",18.733527,73.850062,CCS2,150,1,15.94,11.0,Available,,,True,True,True,4.2,56,Pune,SYNTHETIC_ADDED
EV1291,Talegaon EV Charging Station 1291,Magenta ChargeGrid,Maharashtra,Talegaon,"Market Yard 18, Talegaon",18.756362,73.658852,Type 2,7,1,10.5,15.0,Available,,,True,False,True,4.8,148,Pune,SYNTHETIC_ADDED
EV1292,Lonavala EV Charging Station 1292,MSEDCL Public Charging,Maharashtra,Lonavala,"Sector 25, Lonavala",18.763956,73.396032,AC,120,4,10.4,11.0,Busy,,,True,True,True,4.2,22,Pune,SYNTHETIC_ADDED
EV1293,Saswad EV Charging Station 1293,Tata Power,Maharashtra,Saswad,"MIDC Area 2, Saswad",18.323958,74.043561,CHAdeMO,90,4,19.34,25.0,Busy,,,False,True,False,4.7,66,Pune,SYNTHETIC_ADDED
EV1294,Baramati EV Charging Station 1294,Jio-bp,Maharashtra,Baramati,"Highway Rd 11, Baramati",18.13516,74.562724,AC,7,6,10.43,6.0,Busy,,,False,False,False,4.8,224,Pune,SYNTHETIC_ADDED
EV1295,Daund EV Charging Station 1295,Tata Power,Maharashtra,Daund,"Market Yard 27, Daund",18.47864,74.582045,Type 2,150,4,21.35,14.0,Busy,,,True,False,True,3.1,179,Pune,SYNTHETIC_ADDED
EV1296,Junnar EV Charging Station 1296,Ather Grid,Maharashtra,Junnar,"MIDC Area 12, Junnar",19.207114,73.85858,CCS2,7,7,20.11,1.0,Available,,,False,False,True,4.5,189,Pune,SYNTHETIC_ADDED
EV1297,Satara EV Charging Station 1297,Ather Grid,Maharashtra,Satara,"Market Yard 3, Satara",17.653888,74.039214,AC,120,6,14.41,22.0,Maintenance,,,False,False,True,3.8,120,Pune,SYNTHETIC_ADDED
EV1298,Karad EV Charging Station 1298,Jio-bp,Maharashtra,Karad,"Market Yard 29, Karad",17.306301,74.184778,DC Fast,120,8,11.71,34.0,Available,,,False,False,True,4.1,144,Pune,SYNTHETIC_ADDED
EV1299,Phaltan EV Charging Station 1299,Tata Power,Maharashtra,Phaltan,"Station Rd 12, Phaltan",17.987681,74.411261,Type 2,150,3,8.7,27.0,Available,,,True,True,False,4.3,36,Pune,SYNTHETIC_ADDED
EV1300,Wai EV Charging Station 1300,ChargeZone,Maharashtra,Wai,"Sector 20, Wai",17.969445,73.912953,CCS2,90,8,12.54,18.0,Busy,,,False,False,True,3.9,96,Pune,SYNTHETIC_ADDED
EV1301,Mahabaleshwar EV Charging Station 1301,Magenta ChargeGrid,Maharashtra,Mahabaleshwar,"Sector 22, Mahabaleshwar",17.949875,73.643919,Type 2,22,2,14.4,28.0,Available,,,False,False,False,3.2,162,Pune,SYNTHETIC_ADDED
EV1302,Sangli EV Charging Station 1302,Zeon Charging,Maharashtra,Sangli,"Sector 15, Sangli",16.854099,74.574412,CHAdeMO,7,7,19.27,0.0,Available,,,False,False,True,4.9,95,Pune,SYNTHETIC_ADDED
EV1303,Miraj EV Charging Station 1303,Jio-bp,Maharashtra,Miraj,"MIDC Area 10, Miraj",16.836054,74.633921,DC Fast,22,2,9.73,9.0,Busy,,,False,False,True,3.1,32,Pune,SYNTHETIC_ADDED
EV1304,Islampur EV Charging Station 1304,Zeon Charging,Maharashtra,Islampur,"MIDC Area 16, Islampur",17.060131,74.27356,Type 2,30,7,13.63,0.0,Busy,,,False,True,False,4.7,62,Pune,SYNTHETIC_ADDED
EV1305,Vita EV Charging Station 1305,Statiq,Maharashtra,Vita,"MIDC Area 14, Vita",17.476978,74.553405,DC Fast,22,8,11.46,21.0,Available,,,False,False,True,3.8,42,Pune,SYNTHETIC_ADDED
EV1306,Kolhapur EV Charging Station 1306,Jio-bp,Maharashtra,Kolhapur,"Sector 22, Kolhapur",16.722357,74.254889,CHAdeMO,7,6,16.19,23.0,Maintenance,,,True,False,True,3.5,77,Pune,SYNTHETIC_ADDED
EV1307,Ichalkaranji EV Charging Station 1307,Tata Power,Maharashtra,Ichalkaranji,"Highway Rd 7, Ichalkaranji",16.719133,74.449867,Type 2,150,7,12.42,2.0,Available,,,True,False,False,3.5,211,Pune,SYNTHETIC_ADDED
EV1308,Gadhinglaj EV Charging Station 1308,Ather Grid,Maharashtra,Gadhinglaj,"Highway Rd 26, Gadhinglaj",16.258929,74.340431,Type 2,90,1,13.69,25.0,Maintenance,,,True,False,True,3.9,118,Pune,SYNTHETIC_ADDED
EV1309,Kagal EV Charging Station 1309,Jio-bp,Maharashtra,Kagal,"MIDC Area 23, Kagal",16.591499,74.330809,AC,120,8,17.89,23.0,Available,,,False,False,False,4.5,32,Pune,SYNTHETIC_ADDED
EV1310,Solapur EV Charging Station 1310,Magenta ChargeGrid,Maharashtra,Solapur,"Market Yard 17, Solapur",17.674941,75.934613,CHAdeMO,150,6,19.03,21.0,Maintenance,,,False,False,False,4.5,96,Pune,SYNTHETIC_ADDED
EV1311,Pandharpur EV Charging Station 1311,Tata Power,Maharashtra,Pandharpur,"Highway Rd 13, Pandharpur",17.708662,75.3206,AC,150,4,15.92,32.0,Available,,,True,False,True,4.5,228,Pune,SYNTHETIC_ADDED
EV1312,Barshi EV Charging Station 1312,Magenta ChargeGrid,Maharashtra,Barshi,"Highway Rd 7, Barshi",18.237998,75.678252,CHAdeMO,60,2,18.66,0.0,Available,,,False,False,True,3.5,185,Pune,SYNTHETIC_ADDED
EV1313,Akkalkot EV Charging Station 1313,Zeon Charging,Maharashtra,Akkalkot,"Market Yard 29, Akkalkot",17.496236,76.206571,AC,15,5,9.1,39.0,Busy,,,True,False,True,4.9,109,Pune,SYNTHETIC_ADDED
EV1314,Nashik EV Charging Station 1314,Zeon Charging,Maharashtra,Nashik,"Station Rd 27, Nashik",20.008198,73.816633,Type 2,90,5,13.16,17.0,Maintenance,,,False,False,False,3.4,185,Nashik,SYNTHETIC_ADDED
EV1315,Ozar EV Charging Station 1315,Kazam,Maharashtra,Ozar,"MIDC Area 5, Ozar",20.107617,73.899577,DC Fast,7,3,10.89,23.0,Maintenance,,,False,False,False,4.7,41,Nashik,SYNTHETIC_ADDED
EV1316,Igatpuri EV Charging Station 1316,ChargeZone,Maharashtra,Igatpuri,"MIDC Area 10, Igatpuri",19.687588,73.581348,AC,22,7,14.29,27.0,Maintenance,,,True,False,True,4.7,200,Nashik,SYNTHETIC_ADDED
EV1317,Sinnar EV Charging Station 1317,MSEDCL Public Charging,Maharashtra,Sinnar,"Sector 24, Sinnar",19.868059,73.966036,AC,7,7,20.89,17.0,Available,,,False,False,True,4.4,61,Nashik,SYNTHETIC_ADDED
EV1318,Malegaon EV Charging Station 1318,Statiq,Maharashtra,Malegaon,"Highway Rd 4, Malegaon",20.564763,74.505791,Type 2,30,5,15.08,11.0,Busy,,,True,False,True,3.6,239,Nashik,SYNTHETIC_ADDED
EV1319,Manmad EV Charging Station 1319,Kazam,Maharashtra,Manmad,"Station Rd 26, Manmad",20.261896,74.457787,DC Fast,90,2,21.24,0.0,Maintenance,,,True,False,True,4.0,47,Nashik,SYNTHETIC_ADDED
EV1320,Dhule EV Charging Station 1320,Ather Grid,Maharashtra,Dhule,"MIDC Area 27, Dhule",20.9217,74.777197,CCS2,15,1,16.5,36.0,Maintenance,,,False,False,True,3.8,167,Nashik,SYNTHETIC_ADDED
EV1321,Shirpur EV Charging Station 1321,Jio-bp,Maharashtra,Shirpur,"Market Yard 5, Shirpur",21.375787,74.874937,Type 2,60,6,14.92,25.0,Available,,,False,False,False,3.4,26,Nashik,SYNTHETIC_ADDED
EV1322,Nandurbar EV Charging Station 1322,Magenta ChargeGrid,Maharashtra,Nandurbar,"Sector 4, Nandurbar",21.348815,74.278628,DC Fast,120,6,14.01,32.0,Busy,,,False,True,True,3.5,240,Nashik,SYNTHETIC_ADDED
EV1323,Shahada EV Charging Station 1323,Tata Power,Maharashtra,Shahada,"Sector 27, Shahada",21.548987,74.45839,AC,15,6,15.26,15.0,Maintenance,,,False,False,True,4.7,190,Nashik,SYNTHETIC_ADDED
EV1324,Jalgaon EV Charging Station 1324,Statiq,Maharashtra,Jalgaon,"MIDC Area 26, Jalgaon",21.020504,75.570077,CHAdeMO,150,1,11.89,22.0,Maintenance,,,True,True,False,4.7,209,Nashik,SYNTHETIC_ADDED
EV1325,Bhusawal EV Charging Station 1325,Statiq,Maharashtra,Bhusawal,"Highway Rd 29, Bhusawal",21.030795,75.810052,AC,30,3,14.32,5.0,Available,,,False,True,False,4.8,142,Nashik,SYNTHETIC_ADDED
EV1326,Chalisgaon EV Charging Station 1326,Statiq,Maharashtra,Chalisgaon,"Sector 6, Chalisgaon",20.477189,75.011715,Type 2,22,2,17.46,9.0,Busy,,,False,True,False,4.6,192,Nashik,SYNTHETIC_ADDED
EV1327,Amalner EV Charging Station 1327,Zeon Charging,Maharashtra,Amalner,"MIDC Area 12, Amalner",21.031043,75.030132,DC Fast,90,3,12.45,29.0,Maintenance,,,False,False,True,3.0,94,Nashik,SYNTHETIC_ADDED
EV1328,Ahmednagar EV Charging Station 1328,ChargeZone,Maharashtra,Ahmednagar,"Highway Rd 20, Ahmednagar",19.090769,74.768771,DC Fast,30,4,13.64,9.0,Busy,,,False,True,True,3.0,63,Nashik,SYNTHETIC_ADDED
EV1329,Shirdi EV Charging Station 1329,Jio-bp,Maharashtra,Shirdi,"Station Rd 16, Shirdi",19.772127,74.493583,Type 2,30,2,15.71,0.0,Available,,,False,False,False,4.3,249,Nashik,SYNTHETIC_ADDED
EV1330,Sangamner EV Charging Station 1330,Zeon Charging,Maharashtra,Sangamner,"MIDC Area 28, Sangamner",19.595476,74.237238,AC,7,3,17.3,14.0,Maintenance,,,True,False,True,4.8,159,Nashik,SYNTHETIC_ADDED
EV1331,Kopargaon EV Charging Station 1331,Ather Grid,Maharashtra,Kopargaon,"Highway Rd 12, Kopargaon",19.911336,74.464174,AC,15,2,21.26,40.0,Available,,,True,False,True,3.6,216,Nashik,SYNTHETIC_ADDED
EV1332,Shrirampur EV Charging Station 1332,Statiq,Maharashtra,Shrirampur,"MIDC Area 9, Shrirampur",19.645681,74.660037,Type 2,150,8,16.32,28.0,Maintenance,,,False,False,True,4.7,175,Nashik,SYNTHETIC_ADDED
EV1333,Chhatrapati Sambhajinagar EV Charging Station 1333,Tata Power,Maharashtra,Chhatrapati Sambhajinagar,"Sector 22, Chhatrapati Sambhajinagar",19.873782,75.361028,DC Fast,60,7,8.93,5.0,Busy,,,False,False,True,4.6,14,Chhatrapati Sambhajinagar,SYNTHETIC_ADDED
EV1334,Paithan EV Charging Station 1334,Jio-bp,Maharashtra,Paithan,"Market Yard 22, Paithan",19.460885,75.36723,AC,150,7,15.6,20.0,Busy,,,True,False,True,3.9,246,Chhatrapati Sambhajinagar,SYNTHETIC_ADDED
EV1335,Vaijapur EV Charging Station 1335,ChargeZone,Maharashtra,Vaijapur,"Sector 2, Vaijapur",19.906014,74.752767,Type 2,90,3,11.06,11.0,Maintenance,,,False,True,True,4.5,63,Chhatrapati Sambhajinagar,SYNTHETIC_ADDED
EV1336,Kannad EV Charging Station 1336,Ather Grid,Maharashtra,Kannad,"Sector 14, Kannad",20.294232,75.146075,AC,60,4,14.11,22.0,Available,,,False,False,True,4.0,171,Chhatrapati Sambhajinagar,SYNTHETIC_ADDED
EV1337,Jalna EV Charging Station 1337,Jio-bp,Maharashtra,Jalna,"Market Yard 19, Jalna",19.85057,75.887085,AC,90,6,13.27,10.0,Maintenance,,,False,False,True,3.3,145,Chhatrapati Sambhajinagar,SYNTHETIC_ADDED
EV1338,Ambad EV Charging Station 1338,Ather Grid,Maharashtra,Ambad,"Market Yard 21, Ambad",19.620999,75.767795,DC Fast,7,2,11.07,37.0,Available,,,False,False,True,4.5,140,Chhatrapati Sambhajinagar,SYNTHETIC_ADDED
EV1339,Parbhani EV Charging Station 1339,Kazam,Maharashtra,Parbhani,"Station Rd 4, Parbhani",19.255884,76.77368,CCS2,22,5,14.51,2.0,Busy,,,False,False,False,4.7,6,Chhatrapati Sambhajinagar,SYNTHETIC_ADDED
EV1340,Gangakhed EV Charging Station 1340,MSEDCL Public Charging,Maharashtra,Gangakhed,"Market Yard 24, Gangakhed",18.955003,76.749657,DC Fast,60,7,14.48,8.0,Available,,,False,True,False,4.6,243,Chhatrapati Sambhajinagar,SYNTHETIC_ADDED
EV1341,Hingoli EV Charging Station 1341,Kazam,Maharashtra,Hingoli,"Sector 23, Hingoli",19.708488,77.161742,CHAdeMO,120,6,12.46,0.0,Available,,,False,True,True,3.9,101,Chhatrapati Sambhajinagar,SYNTHETIC_ADDED
EV1342,Kalamnuri EV Charging Station 1342,ChargeZone,Maharashtra,Kalamnuri,"MIDC Area 23, Kalamnuri",19.924267,77.315481,Type 2,120,3,18.09,31.0,Available,,,False,True,True,3.5,82,Chhatrapati Sambhajinagar,SYNTHETIC_ADDED
EV1343,Beed EV Charging Station 1343,Magenta ChargeGrid,Maharashtra,Beed,"Market Yard 13, Beed",18.971295,75.781633,AC,150,1,9.08,7.0,Available,,,False,False,False,3.7,97,Chhatrapati Sambhajinagar,SYNTHETIC_ADDED
EV1344,Georai EV Charging Station 1344,Ather Grid,Maharashtra,Georai,"Station Rd 15, Georai",19.290962,75.773117,AC,60,1,14.12,6.0,Busy,,,True,False,False,3.8,142,Chhatrapati Sambhajinagar,SYNTHETIC_ADDED
EV1345,Ambajogai EV Charging Station 1345,Magenta ChargeGrid,Maharashtra,Ambajogai,"Market Yard 19, Ambajogai",18.705736,76.412722,AC,60,7,13.81,0.0,Busy,,,True,True,False,3.6,119,Chhatrapati Sambhajinagar,SYNTHETIC_ADDED
EV1346,Nanded EV Charging Station 1346,Magenta ChargeGrid,Maharashtra,Nanded,"MIDC Area 1, Nanded",19.115467,77.343551,CHAdeMO,150,4,18.13,4.0,Maintenance,,,False,False,False,3.1,229,Chhatrapati Sambhajinagar,SYNTHETIC_ADDED
EV1347,Deglur EV Charging Station 1347,Ather Grid,Maharashtra,Deglur,"MIDC Area 25, Deglur",18.550336,77.592447,CHAdeMO,90,7,15.48,40.0,Available,,,False,False,True,3.9,207,Chhatrapati Sambhajinagar,SYNTHETIC_ADDED
EV1348,Kandhar EV Charging Station 1348,Jio-bp,Maharashtra,Kandhar,"Sector 10, Kandhar",18.861222,77.143832,CCS2,120,5,19.31,7.0,Maintenance,,,True,True,True,3.4,233,Chhatrapati Sambhajinagar,SYNTHETIC_ADDED
EV1349,Latur EV Charging Station 1349,Kazam,Maharashtra,Latur,"Sector 27, Latur",18.386369,76.569969,DC Fast,15,3,9.56,32.0,Maintenance,,,True,True,True,4.9,241,Chhatrapati Sambhajinagar,SYNTHETIC_ADDED
EV1350,Udgir EV Charging Station 1350,Jio-bp,Maharashtra,Udgir,"MIDC Area 2, Udgir",18.412367,77.127918,AC,90,2,15.68,24.0,Available,,,True,False,False,3.2,227,Chhatrapati Sambhajinagar,SYNTHETIC_ADDED
EV1351,Ausa EV Charging Station 1351,Ather Grid,Maharashtra,Ausa,"Sector 18, Ausa",18.224995,76.475365,AC,60,7,17.45,40.0,Busy,,,True,True,True,4.6,180,Chhatrapati Sambhajinagar,SYNTHETIC_ADDED
EV1352,Osmanabad EV Charging Station 1352,Statiq,Maharashtra,Osmanabad,"Market Yard 7, Osmanabad",18.178786,76.024764,Type 2,22,6,18.98,37.0,Maintenance,,,False,False,False,4.0,250,Chhatrapati Sambhajinagar,SYNTHETIC_ADDED
EV1353,Tuljapur EV Charging Station 1353,ChargeZone,Maharashtra,Tuljapur,"MIDC Area 16, Tuljapur",18.007981,76.056482,CCS2,7,8,11.82,1.0,Maintenance,,,True,True,True,4.0,238,Chhatrapati Sambhajinagar,SYNTHETIC_ADDED
EV1354,Pune EV Charging Station 1354,Jio-bp,Maharashtra,Pune,"Sector 4, Pune",18.546077,73.850479,DC Fast,150,6,15.02,5.0,Busy,,,True,False,True,3.7,86,Pune,SYNTHETIC_ADDED
EV1355,Pimpri-Chinchwad EV Charging Station 1355,Ather Grid,Maharashtra,Pimpri-Chinchwad,"Market Yard 11, Pimpri-Chinchwad",18.632615,73.817644,CCS2,150,5,13.55,10.0,Available,,,False,False,True,4.9,30,Pune,SYNTHETIC_ADDED
EV1356,Hinjawadi EV Charging Station 1356,Magenta ChargeGrid,Maharashtra,Hinjawadi,"Sector 20, Hinjawadi",18.5731,73.713001,AC,22,3,18.14,10.0,Busy,,,True,True,True,4.0,30,Pune,SYNTHETIC_ADDED
EV1357,Wakad EV Charging Station 1357,Tata Power,Maharashtra,Wakad,"Market Yard 23, Wakad",18.618267,73.766413,DC Fast,15,6,20.85,24.0,Available,,,False,False,True,3.3,187,Pune,SYNTHETIC_ADDED
EV1358,Hadapsar EV Charging Station 1358,Zeon Charging,Maharashtra,Hadapsar,"Sector 9, Hadapsar",18.515372,73.946788,CHAdeMO,15,7,17.59,37.0,Maintenance,,,False,True,True,4.5,243,Pune,SYNTHETIC_ADDED
EV1359,Baner EV Charging Station 1359,ChargeZone,Maharashtra,Baner,"Sector 23, Baner",18.573712,73.782855,CHAdeMO,150,6,16.9,23.0,Available,,,False,False,False,3.6,89,Pune,SYNTHETIC_ADDED
EV1360,Chakan EV Charging Station 1360,Jio-bp,Maharashtra,Chakan,"Market Yard 12, Chakan",18.755311,73.874499,CHAdeMO,60,1,19.56,33.0,Maintenance,,,True,False,True,4.7,236,Pune,SYNTHETIC_ADDED
EV1361,Talegaon EV Charging Station 1361,Magenta ChargeGrid,Maharashtra,Talegaon,"Market Yard 14, Talegaon",18.724332,73.681725,AC,90,5,18.41,6.0,Busy,,,True,False,True,3.6,129,Pune,SYNTHETIC_ADDED
EV1362,Lonavala EV Charging Station 1362,ChargeZone,Maharashtra,Lonavala,"Market Yard 21, Lonavala",18.760109,73.413789,CHAdeMO,90,7,15.36,7.0,Busy,,,False,False,True,3.3,123,Pune,SYNTHETIC_ADDED
EV1363,Saswad EV Charging Station 1363,Ather Grid,Maharashtra,Saswad,"Sector 11, Saswad",18.344153,73.994529,CHAdeMO,30,5,20.35,9.0,Available,,,False,True,False,3.0,59,Pune,SYNTHETIC_ADDED
EV1364,Baramati EV Charging Station 1364,Statiq,Maharashtra,Baramati,"Sector 20, Baramati",18.159088,74.601598,Type 2,22,3,14.95,31.0,Available,,,False,False,False,4.3,154,Pune,SYNTHETIC_ADDED
EV1365,Daund EV Charging Station 1365,Jio-bp,Maharashtra,Daund,"Sector 24, Daund",18.476225,74.560061,AC,7,2,20.89,36.0,Busy,,,False,False,True,4.3,154,Pune,SYNTHETIC_ADDED
EV1366,Junnar EV Charging Station 1366,Magenta ChargeGrid,Maharashtra,Junnar,"Station Rd 20, Junnar",19.186353,73.856112,CHAdeMO,7,8,18.56,36.0,Available,,,False,False,True,3.5,249,Pune,SYNTHETIC_ADDED
EV1367,Satara EV Charging Station 1367,Ather Grid,Maharashtra,Satara,"MIDC Area 15, Satara",17.704284,74.005857,CHAdeMO,150,1,12.83,9.0,Busy,,,False,False,True,3.9,236,Pune,SYNTHETIC_ADDED
EV1368,Karad EV Charging Station 1368,Kazam,Maharashtra,Karad,"Sector 20, Karad",17.312302,74.201011,AC,30,7,16.77,16.0,Maintenance,,,False,True,True,4.2,248,Pune,SYNTHETIC_ADDED
EV1369,Phaltan EV Charging Station 1369,Statiq,Maharashtra,Phaltan,"MIDC Area 8, Phaltan",17.999611,74.439493,AC,60,5,9.65,18.0,Busy,,,True,False,False,4.0,149,Pune,SYNTHETIC_ADDED
EV1370,Wai EV Charging Station 1370,Statiq,Maharashtra,Wai,"MIDC Area 9, Wai",17.925561,73.907225,CCS2,30,1,16.71,23.0,Available,,,True,False,True,4.5,131,Pune,SYNTHETIC_ADDED
EV1371,Mahabaleshwar EV Charging Station 1371,Statiq,Maharashtra,Mahabaleshwar,"Market Yard 8, Mahabaleshwar",17.938828,73.676973,Type 2,7,6,10.48,36.0,Busy,,,False,True,False,3.6,75,Pune,SYNTHETIC_ADDED
EV1372,Sangli EV Charging Station 1372,Statiq,Maharashtra,Sangli,"Market Yard 29, Sangli",16.86952,74.558014,AC,60,7,11.02,11.0,Maintenance,,,True,False,True,4.4,25,Pune,SYNTHETIC_ADDED
EV1373,Miraj EV Charging Station 1373,Zeon Charging,Maharashtra,Miraj,"MIDC Area 14, Miraj",16.826185,74.630692,CCS2,22,5,8.69,33.0,Maintenance,,,False,False,True,4.0,16,Pune,SYNTHETIC_ADDED
EV1374,Islampur EV Charging Station 1374,Kazam,Maharashtra,Islampur,"Sector 17, Islampur",17.023437,74.273701,DC Fast,22,1,10.76,29.0,Maintenance,,,False,True,True,3.2,250,Pune,SYNTHETIC_ADDED
EV1375,Vita EV Charging Station 1375,Magenta ChargeGrid,Maharashtra,Vita,"Station Rd 23, Vita",17.449267,74.543345,AC,22,8,13.67,20.0,Available,,,True,False,True,4.8,224,Pune,SYNTHETIC_ADDED
EV1376,Kolhapur EV Charging Station 1376,Magenta ChargeGrid,Maharashtra,Kolhapur,"Highway Rd 21, Kolhapur",16.706491,74.259319,CCS2,60,5,11.57,5.0,Maintenance,,,False,True,False,4.2,29,Pune,SYNTHETIC_ADDED
EV1377,Ichalkaranji EV Charging Station 1377,Statiq,Maharashtra,Ichalkaranji,"MIDC Area 10, Ichalkaranji",16.716037,74.48859,DC Fast,120,1,9.4,13.0,Available,,,True,False,True,4.4,98,Pune,SYNTHETIC_ADDED
EV1378,Gadhinglaj EV Charging Station 1378,Statiq,Maharashtra,Gadhinglaj,"MIDC Area 19, Gadhinglaj",16.237529,74.373157,Type 2,15,8,13.17,32.0,Available,,,False,True,True,3.4,89,Pune,SYNTHETIC_ADDED
EV1379,Kagal EV Charging Station 1379,Magenta ChargeGrid,Maharashtra,Kagal,"Sector 29, Kagal",16.558257,74.30763,AC,15,4,19.3,15.0,Busy,,,False,False,True,4.6,141,Pune,SYNTHETIC_ADDED
EV1380,Solapur EV Charging Station 1380,Statiq,Maharashtra,Solapur,"Highway Rd 15, Solapur",17.684216,75.926344,AC,30,3,18.36,7.0,Busy,,,True,True,False,4.9,145,Pune,SYNTHETIC_ADDED
EV1381,Pandharpur EV Charging Station 1381,Zeon Charging,Maharashtra,Pandharpur,"Market Yard 24, Pandharpur",17.678691,75.338307,AC,7,7,9.31,15.0,Busy,,,True,False,True,4.2,237,Pune,SYNTHETIC_ADDED
EV1382,Barshi EV Charging Station 1382,Tata Power,Maharashtra,Barshi,"Station Rd 16, Barshi",18.258438,75.700756,CCS2,30,3,15.56,25.0,Available,,,True,True,True,3.6,149,Pune,SYNTHETIC_ADDED
EV1383,Akkalkot EV Charging Station 1383,Jio-bp,Maharashtra,Akkalkot,"Sector 19, Akkalkot",17.488294,76.201013,AC,90,4,21.39,26.0,Maintenance,,,True,True,False,4.0,49,Pune,SYNTHETIC_ADDED
EV1384,Nashik EV Charging Station 1384,Ather Grid,Maharashtra,Nashik,"MIDC Area 25, Nashik",19.989332,73.785833,Type 2,60,6,10.32,23.0,Busy,,,False,False,True,4.4,236,Nashik,SYNTHETIC_ADDED
EV1385,Ozar EV Charging Station 1385,Magenta ChargeGrid,Maharashtra,Ozar,"Highway Rd 4, Ozar",20.143621,73.893991,DC Fast,60,3,8.57,12.0,Busy,,,True,True,False,3.6,113,Nashik,SYNTHETIC_ADDED
EV1386,Igatpuri EV Charging Station 1386,MSEDCL Public Charging,Maharashtra,Igatpuri,"Station Rd 22, Igatpuri",19.706905,73.565783,CHAdeMO,60,3,8.6,37.0,Available,,,False,False,False,4.6,12,Nashik,SYNTHETIC_ADDED
EV1387,Sinnar EV Charging Station 1387,Zeon Charging,Maharashtra,Sinnar,"Station Rd 25, Sinnar",19.839745,73.998423,CCS2,7,8,10.8,31.0,Maintenance,,,False,True,True,3.1,139,Nashik,SYNTHETIC_ADDED
EV1388,Malegaon EV Charging Station 1388,Zeon Charging,Maharashtra,Malegaon,"Market Yard 10, Malegaon",20.586939,74.523375,DC Fast,150,2,13.14,31.0,Available,,,False,False,False,3.7,208,Nashik,SYNTHETIC_ADDED
EV1389,Manmad EV Charging Station 1389,Statiq,Maharashtra,Manmad,"Station Rd 15, Manmad",20.25975,74.448515,CHAdeMO,22,6,15.98,11.0,Busy,,,False,False,False,3.2,200,Nashik,SYNTHETIC_ADDED
EV1390,Dhule EV Charging Station 1390,Ather Grid,Maharashtra,Dhule,"MIDC Area 15, Dhule",20.901553,74.772862,DC Fast,60,5,15.7,40.0,Busy,,,False,True,True,4.1,145,Nashik,SYNTHETIC_ADDED
EV1391,Shirpur EV Charging Station 1391,Magenta ChargeGrid,Maharashtra,Shirpur,"Market Yard 9, Shirpur",21.348293,74.867194,Type 2,30,2,15.42,17.0,Busy,,,False,False,False,3.4,207,Nashik,SYNTHETIC_ADDED
EV1392,Nandurbar EV Charging Station 1392,Magenta ChargeGrid,Maharashtra,Nandurbar,"Station Rd 14, Nandurbar",21.357151,74.230667,CHAdeMO,7,5,11.3,5.0,Maintenance,,,True,False,False,3.1,98,Nashik,SYNTHETIC_ADDED
EV1393,Shahada EV Charging Station 1393,ChargeZone,Maharashtra,Shahada,"Market Yard 28, Shahada",21.572406,74.486,Type 2,150,8,19.37,13.0,Available,,,True,True,True,4.3,185,Nashik,SYNTHETIC_ADDED
EV1394,Jalgaon EV Charging Station 1394,Magenta ChargeGrid,Maharashtra,Jalgaon,"MIDC Area 23, Jalgaon",21.004214,75.585496,DC Fast,150,3,17.33,5.0,Maintenance,,,True,False,True,3.1,82,Nashik,SYNTHETIC_ADDED
EV1395,Bhusawal EV Charging Station 1395,Statiq,Maharashtra,Bhusawal,"Station Rd 10, Bhusawal",21.071595,75.774936,CCS2,150,8,10.45,3.0,Busy,,,False,False,False,4.4,42,Nashik,SYNTHETIC_ADDED
EV1396,Chalisgaon EV Charging Station 1396,Tata Power,Maharashtra,Chalisgaon,"MIDC Area 3, Chalisgaon",20.465357,75.026465,Type 2,22,8,15.23,13.0,Available,,,False,False,True,3.3,51,Nashik,SYNTHETIC_ADDED
EV1397,Amalner EV Charging Station 1397,Statiq,Maharashtra,Amalner,"Station Rd 25, Amalner",21.040849,75.059721,DC Fast,150,3,9.42,31.0,Maintenance,,,False,True,False,4.1,31,Nashik,SYNTHETIC_ADDED
EV1398,Ahmednagar EV Charging Station 1398,ChargeZone,Maharashtra,Ahmednagar,"Highway Rd 18, Ahmednagar",19.124401,74.73183,CCS2,120,2,12.39,8.0,Maintenance,,,False,False,False,4.3,220,Nashik,SYNTHETIC_ADDED
EV1399,Shirdi EV Charging Station 1399,Kazam,Maharashtra,Shirdi,"Station Rd 24, Shirdi",19.791006,74.468375,CCS2,120,7,11.98,34.0,Maintenance,,,False,True,True,4.4,198,Nashik,SYNTHETIC_ADDED
EV1400,Sangamner EV Charging Station 1400,Zeon Charging,Maharashtra,Sangamner,"MIDC Area 30, Sangamner",19.540683,74.239906,DC Fast,90,6,10.86,8.0,Maintenance,,,False,False,True,4.6,185,Nashik,SYNTHETIC_ADDED
EV1401,Kopargaon EV Charging Station 1401,Kazam,Maharashtra,Kopargaon,"MIDC Area 11, Kopargaon",19.863878,74.469885,AC,22,1,12.51,20.0,Available,,,False,False,False,3.5,229,Nashik,SYNTHETIC_ADDED
EV1402,Shrirampur EV Charging Station 1402,Tata Power,Maharashtra,Shrirampur,"Station Rd 19, Shrirampur",19.645117,74.663242,AC,90,5,15.73,15.0,Busy,,,True,False,False,3.4,227,Nashik,SYNTHETIC_ADDED
EV1403,Chhatrapati Sambhajinagar EV Charging Station 1403,ChargeZone,Maharashtra,Chhatrapati Sambhajinagar,"Highway Rd 28, Chhatrapati Sambhajinagar",19.884363,75.341536,CCS2,30,1,12.41,7.0,Available,,,False,True,False,3.2,57,Chhatrapati Sambhajinagar,SYNTHETIC_ADDED
EV1404,Paithan EV Charging Station 1404,Jio-bp,Maharashtra,Paithan,"Sector 8, Paithan",19.466705,75.375361,CCS2,15,7,13.29,9.0,Maintenance,,,True,False,False,4.3,152,Chhatrapati Sambhajinagar,SYNTHETIC_ADDED
EV1405,Vaijapur EV Charging Station 1405,MSEDCL Public Charging,Maharashtra,Vaijapur,"Highway Rd 18, Vaijapur",19.916242,74.744517,DC Fast,15,5,15.63,14.0,Maintenance,,,True,False,True,3.5,51,Chhatrapati Sambhajinagar,SYNTHETIC_ADDED
EV1406,Kannad EV Charging Station 1406,Zeon Charging,Maharashtra,Kannad,"MIDC Area 13, Kannad",20.246154,75.130349,CHAdeMO,120,4,13.26,2.0,Busy,,,True,False,False,4.6,212,Chhatrapati Sambhajinagar,SYNTHETIC_ADDED
EV1407,Jalna EV Charging Station 1407,ChargeZone,Maharashtra,Jalna,"MIDC Area 30, Jalna",19.86757,75.888392,CCS2,60,4,14.41,19.0,Busy,,,False,True,True,3.3,225,Chhatrapati Sambhajinagar,SYNTHETIC_ADDED
EV1408,Ambad EV Charging Station 1408,Jio-bp,Maharashtra,Ambad,"Highway Rd 7, Ambad",19.621381,75.803008,CCS2,150,3,15.4,19.0,Maintenance,,,False,False,True,4.4,232,Chhatrapati Sambhajinagar,SYNTHETIC_ADDED
EV1409,Parbhani EV Charging Station 1409,ChargeZone,Maharashtra,Parbhani,"Highway Rd 23, Parbhani",19.277237,76.763732,DC Fast,60,6,12.59,39.0,Available,,,True,False,False,4.6,148,Chhatrapati Sambhajinagar,SYNTHETIC_ADDED
EV1410,Gangakhed EV Charging Station 1410,Ather Grid,Maharashtra,Gangakhed,"Station Rd 15, Gangakhed",18.966306,76.777123,AC,120,3,11.26,21.0,Maintenance,,,False,False,False,4.9,24,Chhatrapati Sambhajinagar,SYNTHETIC_ADDED
EV1411,Hingoli EV Charging Station 1411,Tata Power,Maharashtra,Hingoli,"MIDC Area 30, Hingoli",19.711588,77.16584,CCS2,90,6,16.07,3.0,Maintenance,,,False,False,True,3.3,66,Chhatrapati Sambhajinagar,SYNTHETIC_ADDED
EV1412,Kalamnuri EV Charging Station 1412,Tata Power,Maharashtra,Kalamnuri,"MIDC Area 28, Kalamnuri",19.873905,77.332986,CHAdeMO,22,5,12.87,28.0,Maintenance,,,False,False,True,4.9,80,Chhatrapati Sambhajinagar,SYNTHETIC_ADDED
EV1413,Beed EV Charging Station 1413,Tata Power,Maharashtra,Beed,"Market Yard 16, Beed",18.98922,75.761359,DC Fast,22,5,20.54,4.0,Maintenance,,,True,True,True,4.9,23,Chhatrapati Sambhajinagar,SYNTHETIC_ADDED
EV1414,Georai EV Charging Station 1414,ChargeZone,Maharashtra,Georai,"Highway Rd 4, Georai",19.255348,75.723435,Type 2,15,4,19.94,31.0,Maintenance,,,False,False,True,3.6,98,Chhatrapati Sambhajinagar,SYNTHETIC_ADDED
EV1415,Ambajogai EV Charging Station 1415,ChargeZone,Maharashtra,Ambajogai,"Sector 23, Ambajogai",18.734325,76.375103,Type 2,7,1,17.96,39.0,Available,,,False,False,True,4.6,180,Chhatrapati Sambhajinagar,SYNTHETIC_ADDED
EV1416,Nanded EV Charging Station 1416,Jio-bp,Maharashtra,Nanded,"MIDC Area 5, Nanded",19.165641,77.349519,Type 2,7,4,17.12,21.0,Available,,,False,False,False,4.0,68,Chhatrapati Sambhajinagar,SYNTHETIC_ADDED
EV1417,Deglur EV Charging Station 1417,Kazam,Maharashtra,Deglur,"Market Yard 6, Deglur",18.509449,77.586232,DC Fast,60,4,20.51,24.0,Available,,,False,True,True,5.0,163,Chhatrapati Sambhajinagar,SYNTHETIC_ADDED
EV1418,Kandhar EV Charging Station 1418,Statiq,Maharashtra,Kandhar,"Market Yard 5, Kandhar",18.866445,77.147492,AC,90,6,21.17,2.0,Available,,,True,True,False,4.9,92,Chhatrapati Sambhajinagar,SYNTHETIC_ADDED
EV1419,Latur EV Charging Station 1419,Zeon Charging,Maharashtra,Latur,"MIDC Area 25, Latur",18.431733,76.563169,AC,150,7,11.7,2.0,Maintenance,,,False,False,False,3.7,101,Chhatrapati Sambhajinagar,SYNTHETIC_ADDED
EV1420,Udgir EV Charging Station 1420,MSEDCL Public Charging,Maharashtra,Udgir,"Market Yard 15, Udgir",18.375976,77.099498,Type 2,22,8,15.82,32.0,Available,,,True,False,True,4.8,184,Chhatrapati Sambhajinagar,SYNTHETIC_ADDED
EV1421,Ausa EV Charging Station 1421,Magenta ChargeGrid,Maharashtra,Ausa,"Highway Rd 21, Ausa",18.229829,76.502666,CCS2,15,1,12.22,34.0,Maintenance,,,True,False,False,4.0,166,Chhatrapati Sambhajinagar,SYNTHETIC_ADDED
EV1422,Osmanabad EV Charging Station 1422,Kazam,Maharashtra,Osmanabad,"Market Yard 20, Osmanabad",18.16655,76.067515,AC,60,1,9.5,23.0,Busy,,,False,True,True,4.8,39,Chhatrapati Sambhajinagar,SYNTHETIC_ADDED
EV1423,Tuljapur EV Charging Station 1423,Magenta ChargeGrid,Maharashtra,Tuljapur,"Highway Rd 9, Tuljapur",18.002289,76.08744,AC,120,7,19.04,2.0,Maintenance,,,False,False,False,3.6,3,Chhatrapati Sambhajinagar,SYNTHETIC_ADDED
EV1424,Pune EV Charging Station 1424,Kazam,Maharashtra,Pune,"MIDC Area 3, Pune",18.528988,73.868269,Type 2,30,5,15.1,15.0,Available,,,False,False,True,3.9,249,Pune,SYNTHETIC_ADDED
EV1425,Pimpri-Chinchwad EV Charging Station 1425,Zeon Charging,Maharashtra,Pimpri-Chinchwad,"MIDC Area 6, Pimpri-Chinchwad",18.614343,73.827068,Type 2,90,7,20.24,26.0,Available,,,True,False,False,4.3,102,Pune,SYNTHETIC_ADDED
EV1426,Hinjawadi EV Charging Station 1426,ChargeZone,Maharashtra,Hinjawadi,"Station Rd 16, Hinjawadi",18.604961,73.729724,CCS2,7,5,13.49,39.0,Busy,,,True,False,False,3.4,242,Pune,SYNTHETIC_ADDED
EV1427,Wakad EV Charging Station 1427,MSEDCL Public Charging,Maharashtra,Wakad,"Market Yard 27, Wakad",18.623289,73.752301,Type 2,7,7,16.09,29.0,Maintenance,,,False,True,True,4.6,149,Pune,SYNTHETIC_ADDED
EV1428,Hadapsar EV Charging Station 1428,ChargeZone,Maharashtra,Hadapsar,"Market Yard 28, Hadapsar",18.480107,73.910493,CHAdeMO,15,1,10.87,8.0,Busy,,,True,True,True,3.2,118,Pune,SYNTHETIC_ADDED
EV1429,Baner EV Charging Station 1429,MSEDCL Public Charging,Maharashtra,Baner,"Market Yard 22, Baner",18.533763,73.787741,CCS2,90,1,9.9,1.0,Maintenance,,,False,False,False,3.8,49,Pune,SYNTHETIC_ADDED
EV1430,Chakan EV Charging Station 1430,Statiq,Maharashtra,Chakan,"Station Rd 11, Chakan",18.755807,73.879524,CCS2,60,8,8.81,1.0,Available,,,True,True,True,4.6,40,Pune,SYNTHETIC_ADDED
EV1431,Talegaon EV Charging Station 1431,Kazam,Maharashtra,Talegaon,"Sector 5, Talegaon",18.759247,73.678865,Type 2,120,8,14.9,4.0,Busy,,,True,True,True,4.5,129,Pune,SYNTHETIC_ADDED
EV1432,Lonavala EV Charging Station 1432,Zeon Charging,Maharashtra,Lonavala,"MIDC Area 18, Lonavala",18.736302,73.399782,Type 2,150,7,20.53,8.0,Available,,,False,True,True,3.1,129,Pune,SYNTHETIC_ADDED
EV1433,Saswad EV Charging Station 1433,Magenta ChargeGrid,Maharashtra,Saswad,"Highway Rd 7, Saswad",18.32525,74.003588,CHAdeMO,90,3,12.64,14.0,Available,,,False,False,True,4.3,242,Pune,SYNTHETIC_ADDED
EV1434,Baramati EV Charging Station 1434,Jio-bp,Maharashtra,Baramati,"Sector 7, Baramati",18.161781,74.5818,Type 2,150,7,13.91,33.0,Available,,,True,True,True,4.8,98,Pune,SYNTHETIC_ADDED
EV1435,Daund EV Charging Station 1435,ChargeZone,Maharashtra,Daund,"MIDC Area 27, Daund",18.441764,74.580357,AC,90,6,15.47,5.0,Busy,,,False,False,False,3.2,199,Pune,SYNTHETIC_ADDED
EV1436,Junnar EV Charging Station 1436,Zeon Charging,Maharashtra,Junnar,"Market Yard 17, Junnar",19.198004,73.863392,Type 2,22,4,21.37,19.0,Available,,,True,True,False,4.8,236,Pune,SYNTHETIC_ADDED
EV1437,Satara EV Charging Station 1437,Tata Power,Maharashtra,Satara,"Sector 8, Satara",17.70926,74.01826,CCS2,22,7,16.6,35.0,Maintenance,,,False,False,True,4.1,132,Pune,SYNTHETIC_ADDED
EV1438,Karad EV Charging Station 1438,Ather Grid,Maharashtra,Karad,"Station Rd 22, Karad",17.315509,74.195122,AC,150,6,20.82,17.0,Maintenance,,,True,False,False,4.4,10,Pune,SYNTHETIC_ADDED
EV1439,Phaltan EV Charging Station 1439,Jio-bp,Maharashtra,Phaltan,"Station Rd 1, Phaltan",18.008506,74.416171,CCS2,30,5,8.56,29.0,Available,,,False,False,True,4.3,105,Pune,SYNTHETIC_ADDED
EV1440,Wai EV Charging Station 1440,Tata Power,Maharashtra,Wai,"Station Rd 6, Wai",17.967729,73.876146,DC Fast,30,7,18.5,14.0,Available,,,False,False,False,4.9,46,Pune,SYNTHETIC_ADDED
EV1441,Mahabaleshwar EV Charging Station 1441,Kazam,Maharashtra,Mahabaleshwar,"MIDC Area 12, Mahabaleshwar",17.934041,73.649401,CCS2,30,1,13.77,24.0,Busy,,,False,True,True,4.9,218,Pune,SYNTHETIC_ADDED
EV1442,Sangli EV Charging Station 1442,Magenta ChargeGrid,Maharashtra,Sangli,"MIDC Area 4, Sangli",16.823604,74.611255,Type 2,22,7,17.87,28.0,Busy,,,False,False,False,4.7,170,Pune,SYNTHETIC_ADDED
EV1443,Miraj EV Charging Station 1443,Zeon Charging,Maharashtra,Miraj,"Sector 8, Miraj",16.810175,74.630815,Type 2,22,7,18.99,34.0,Maintenance,,,True,False,False,4.5,77,Pune,SYNTHETIC_ADDED
EV1444,Islampur EV Charging Station 1444,ChargeZone,Maharashtra,Islampur,"Highway Rd 15, Islampur",17.05411,74.221812,Type 2,30,1,11.22,12.0,Maintenance,,,False,False,True,3.7,110,Pune,SYNTHETIC_ADDED
EV1445,Vita EV Charging Station 1445,Ather Grid,Maharashtra,Vita,"MIDC Area 27, Vita",17.456385,74.519267,Type 2,120,5,19.13,11.0,Busy,,,True,False,False,3.0,148,Pune,SYNTHETIC_ADDED
EV1446,Kolhapur EV Charging Station 1446,ChargeZone,Maharashtra,Kolhapur,"Station Rd 22, Kolhapur",16.68778,74.243224,CHAdeMO,7,5,16.89,28.0,Available,,,False,False,True,4.9,93,Pune,SYNTHETIC_ADDED
EV1447,Ichalkaranji EV Charging Station 1447,MSEDCL Public Charging,Maharashtra,Ichalkaranji,"Station Rd 14, Ichalkaranji",16.676531,74.466833,CCS2,90,1,18.8,4.0,Maintenance,,,True,True,True,4.8,141,Pune,SYNTHETIC_ADDED
EV1448,Gadhinglaj EV Charging Station 1448,Ather Grid,Maharashtra,Gadhinglaj,"MIDC Area 27, Gadhinglaj",16.245669,74.332809,CHAdeMO,15,5,9.13,40.0,Maintenance,,,False,False,True,4.7,93,Pune,SYNTHETIC_ADDED
EV1449,Kagal EV Charging Station 1449,Magenta ChargeGrid,Maharashtra,Kagal,"MIDC Area 19, Kagal",16.561007,74.344454,AC,90,7,17.47,29.0,Busy,,,False,True,False,4.2,196,Pune,SYNTHETIC_ADDED
EV1450,Solapur EV Charging Station 1450,Zeon Charging,Maharashtra,Solapur,"Station Rd 27, Solapur",17.670257,75.903904,DC Fast,120,2,17.77,22.0,Busy,,,False,True,False,3.3,53,Pune,SYNTHETIC_ADDED
EV1451,Pandharpur EV Charging Station 1451,Jio-bp,Maharashtra,Pandharpur,"Sector 18, Pandharpur",17.65375,75.337229,Type 2,30,7,18.97,17.0,Maintenance,,,False,False,False,4.3,68,Pune,SYNTHETIC_ADDED
EV1452,Barshi EV Charging Station 1452,MSEDCL Public Charging,Maharashtra,Barshi,"Market Yard 11, Barshi",18.203911,75.675528,AC,150,2,8.78,22.0,Busy,,,True,False,True,4.7,24,Pune,SYNTHETIC_ADDED
EV1453,Akkalkot EV Charging Station 1453,ChargeZone,Maharashtra,Akkalkot,"MIDC Area 13, Akkalkot",17.531037,76.237225,DC Fast,90,4,12.09,23.0,Busy,,,False,True,True,3.2,48,Pune,SYNTHETIC_ADDED
EV1454,Nashik EV Charging Station 1454,ChargeZone,Maharashtra,Nashik,"MIDC Area 22, Nashik",20.011073,73.799036,CHAdeMO,60,2,13.39,14.0,Available,,,False,False,False,3.7,233,Nashik,SYNTHETIC_ADDED
EV1455,Ozar EV Charging Station 1455,ChargeZone,Maharashtra,Ozar,"Market Yard 28, Ozar",20.139266,73.907082,CCS2,150,6,20.07,2.0,Busy,,,True,True,True,3.3,202,Nashik,SYNTHETIC_ADDED
EV1456,Igatpuri EV Charging Station 1456,ChargeZone,Maharashtra,Igatpuri,"MIDC Area 5, Igatpuri",19.708079,73.541665,CCS2,22,8,11.32,36.0,Maintenance,,,False,True,False,3.4,207,Nashik,SYNTHETIC_ADDED
EV1457,Sinnar EV Charging Station 1457,Jio-bp,Maharashtra,Sinnar,"Station Rd 20, Sinnar",19.839261,73.994793,AC,60,5,12.66,14.0,Maintenance,,,True,False,True,3.8,48,Nashik,SYNTHETIC_ADDED
EV1458,Malegaon EV Charging Station 1458,Ather Grid,Maharashtra,Malegaon,"MIDC Area 26, Malegaon",20.549667,74.506432,Type 2,90,2,13.45,3.0,Maintenance,,,False,False,True,4.7,100,Nashik,SYNTHETIC_ADDED
EV1459,Manmad EV Charging Station 1459,Tata Power,Maharashtra,Manmad,"MIDC Area 9, Manmad",20.274006,74.412659,Type 2,15,3,19.42,10.0,Busy,,,False,False,False,4.7,217,Nashik,SYNTHETIC_ADDED
EV1460,Dhule EV Charging Station 1460,Kazam,Maharashtra,Dhule,"Station Rd 6, Dhule",20.889824,74.752736,CHAdeMO,120,7,11.07,30.0,Busy,,,False,False,True,4.0,77,Nashik,SYNTHETIC_ADDED
EV1461,Shirpur EV Charging Station 1461,Tata Power,Maharashtra,Shirpur,"MIDC Area 19, Shirpur",21.347182,74.905216,DC Fast,15,7,21.49,26.0,Busy,,,True,False,False,3.8,216,Nashik,SYNTHETIC_ADDED
EV1462,Nandurbar EV Charging Station 1462,Magenta ChargeGrid,Maharashtra,Nandurbar,"Market Yard 5, Nandurbar",21.38512,74.228315,Type 2,7,8,11.15,31.0,Busy,,,True,True,False,3.5,248,Nashik,SYNTHETIC_ADDED
EV1463,Shahada EV Charging Station 1463,Ather Grid,Maharashtra,Shahada,"Market Yard 1, Shahada",21.554756,74.450664,DC Fast,7,8,17.56,22.0,Busy,,,False,False,True,3.7,233,Nashik,SYNTHETIC_ADDED
EV1464,Jalgaon EV Charging Station 1464,Kazam,Maharashtra,Jalgaon,"Market Yard 21, Jalgaon",21.026888,75.565992,CCS2,30,8,15.48,31.0,Busy,,,False,True,True,4.6,37,Nashik,SYNTHETIC_ADDED
EV1465,Bhusawal EV Charging Station 1465,Jio-bp,Maharashtra,Bhusawal,"Station Rd 16, Bhusawal",21.024391,75.807535,DC Fast,30,2,16.37,19.0,Busy,,,True,False,False,3.1,20,Nashik,SYNTHETIC_ADDED
EV1466,Chalisgaon EV Charging Station 1466,Statiq,Maharashtra,Chalisgaon,"Highway Rd 28, Chalisgaon",20.453455,75.010612,DC Fast,90,8,21.22,19.0,Busy,,,False,False,True,4.8,185,Nashik,SYNTHETIC_ADDED
EV1467,Amalner EV Charging Station 1467,ChargeZone,Maharashtra,Amalner,"MIDC Area 17, Amalner",21.03911,75.032934,Type 2,120,5,17.99,36.0,Maintenance,,,True,False,False,4.6,115,Nashik,SYNTHETIC_ADDED
EV1468,Ahmednagar EV Charging Station 1468,Tata Power,Maharashtra,Ahmednagar,"Market Yard 20, Ahmednagar",19.078228,74.764723,Type 2,22,4,16.87,37.0,Available,,,True,True,False,4.1,246,Nashik,SYNTHETIC_ADDED
EV1469,Shirdi EV Charging Station 1469,Kazam,Maharashtra,Shirdi,"Market Yard 2, Shirdi",19.776673,74.462107,CHAdeMO,90,1,11.68,30.0,Available,,,False,False,False,3.3,157,Nashik,SYNTHETIC_ADDED
EV1470,Sangamner EV Charging Station 1470,Magenta ChargeGrid,Maharashtra,Sangamner,"Market Yard 17, Sangamner",19.553585,74.243136,CCS2,120,4,19.46,40.0,Available,,,False,False,True,3.1,181,Nashik,SYNTHETIC_ADDED
EV1471,Kopargaon EV Charging Station 1471,Kazam,Maharashtra,Kopargaon,"Highway Rd 16, Kopargaon",19.910963,74.470322,Type 2,90,5,9.32,30.0,Maintenance,,,True,False,True,3.7,57,Nashik,SYNTHETIC_ADDED
EV1472,Shrirampur EV Charging Station 1472,Tata Power,Maharashtra,Shrirampur,"Sector 5, Shrirampur",19.641561,74.674305,Type 2,90,2,11.06,6.0,Busy,,,True,True,False,4.5,248,Nashik,SYNTHETIC_ADDED
EV1473,Chhatrapati Sambhajinagar EV Charging Station 1473,Statiq,Maharashtra,Chhatrapati Sambhajinagar,"MIDC Area 28, Chhatrapati Sambhajinagar",19.86585,75.369346,CHAdeMO,30,1,19.39,15.0,Busy,Pune-Nagpur,2,True,False,True,4.7,139,Chhatrapati Sambhajinagar,SYNTHETIC_ADDED
EV1474,Paithan EV Charging Station 1474,Magenta ChargeGrid,Maharashtra,Paithan,"Highway Rd 28, Paithan",19.496617,75.411699,AC,90,6,14.3,26.0,Busy,,,False,False,False,4.3,149,Chhatrapati Sambhajinagar,SYNTHETIC_ADDED
EV1475,Vaijapur EV Charging Station 1475,Zeon Charging,Maharashtra,Vaijapur,"Station Rd 15, Vaijapur",19.895364,74.713786,CCS2,150,3,15.38,39.0,Busy,,,True,True,True,4.1,184,Chhatrapati Sambhajinagar,SYNTHETIC_ADDED
EV1476,Kannad EV Charging Station 1476,Zeon Charging,Maharashtra,Kannad,"Station Rd 13, Kannad",20.277457,75.154632,DC Fast,150,5,12.44,17.0,Maintenance,,,True,True,False,3.3,8,Chhatrapati Sambhajinagar,SYNTHETIC_ADDED
EV1477,Jalna EV Charging Station 1477,Jio-bp,Maharashtra,Jalna,"Station Rd 22, Jalna",19.866913,75.898876,DC Fast,15,7,14.73,38.0,Available,,,False,True,True,3.0,250,Chhatrapati Sambhajinagar,SYNTHETIC_ADDED
EV1478,Ambad EV Charging Station 1478,Ather Grid,Maharashtra,Ambad,"Market Yard 1, Ambad",19.64428,75.808562,AC,90,2,20.14,3.0,Available,,,True,True,False,3.4,7,Chhatrapati Sambhajinagar,SYNTHETIC_ADDED
EV1479,Parbhani EV Charging Station 1479,Ather Grid,Maharashtra,Parbhani,"Highway Rd 26, Parbhani",19.241538,76.772739,Type 2,90,4,20.01,3.0,Busy,,,False,True,True,3.1,188,Chhatrapati Sambhajinagar,SYNTHETIC_ADDED
EV1480,Gangakhed EV Charging Station 1480,Kazam,Maharashtra,Gangakhed,"Station Rd 12, Gangakhed",18.959885,76.728779,DC Fast,7,4,21.0,21.0,Busy,,,False,False,True,4.3,4,Chhatrapati Sambhajinagar,SYNTHETIC_ADDED
EV1481,Hingoli EV Charging Station 1481,MSEDCL Public Charging,Maharashtra,Hingoli,"Market Yard 30, Hingoli",19.747377,77.128112,Type 2,120,1,12.79,11.0,Maintenance,,,False,False,True,3.7,156,Chhatrapati Sambhajinagar,SYNTHETIC_ADDED
EV1482,Kalamnuri EV Charging Station 1482,Kazam,Maharashtra,Kalamnuri,"Highway Rd 21, Kalamnuri",19.890647,77.317699,DC Fast,150,2,20.46,7.0,Maintenance,,,False,True,True,3.1,22,Chhatrapati Sambhajinagar,SYNTHETIC_ADDED
EV1483,Beed EV Charging Station 1483,Zeon Charging,Maharashtra,Beed,"Station Rd 30, Beed",19.012377,75.762357,CCS2,120,2,8.57,31.0,Available,,,False,False,True,4.5,175,Chhatrapati Sambhajinagar,SYNTHETIC_ADDED
EV1484,Georai EV Charging Station 1484,Jio-bp,Maharashtra,Georai,"Station Rd 1, Georai",19.264655,75.73844,AC,120,3,17.06,31.0,Maintenance,,,False,False,False,4.7,121,Chhatrapati Sambhajinagar,SYNTHETIC_ADDED
EV1485,Ambajogai EV Charging Station 1485,Kazam,Maharashtra,Ambajogai,"Market Yard 2, Ambajogai",18.742162,76.392745,Type 2,150,3,15.89,20.0,Maintenance,,,False,False,True,3.9,238,Chhatrapati Sambhajinagar,SYNTHETIC_ADDED
EV1486,Nanded EV Charging Station 1486,Statiq,Maharashtra,Nanded,"Market Yard 21, Nanded",19.141272,77.291168,DC Fast,7,6,19.77,3.0,Busy,,,False,False,True,3.1,246,Chhatrapati Sambhajinagar,SYNTHETIC_ADDED
EV1487,Deglur EV Charging Station 1487,Tata Power,Maharashtra,Deglur,"Market Yard 21, Deglur",18.558916,77.572035,Type 2,30,4,12.74,3.0,Maintenance,,,True,False,True,3.0,25,Chhatrapati Sambhajinagar,SYNTHETIC_ADDED
EV1488,Kandhar EV Charging Station 1488,Ather Grid,Maharashtra,Kandhar,"Market Yard 2, Kandhar",18.863355,77.144046,DC Fast,22,1,21.05,2.0,Maintenance,,,True,True,False,4.1,77,Chhatrapati Sambhajinagar,SYNTHETIC_ADDED
EV1489,Latur EV Charging Station 1489,Kazam,Maharashtra,Latur,"Station Rd 1, Latur",18.420812,76.533093,CCS2,22,8,13.41,18.0,Available,,,False,False,True,3.4,62,Chhatrapati Sambhajinagar,SYNTHETIC_ADDED
EV1490,Udgir EV Charging Station 1490,Jio-bp,Maharashtra,Udgir,"Sector 17, Udgir",18.376409,77.106223,DC Fast,120,3,17.86,16.0,Available,,,True,False,False,3.2,179,Chhatrapati Sambhajinagar,SYNTHETIC_ADDED
EV1491,Ausa EV Charging Station 1491,Statiq,Maharashtra,Ausa,"Market Yard 14, Ausa",18.272077,76.524973,Type 2,15,4,14.61,29.0,Busy,,,False,False,False,4.3,230,Chhatrapati Sambhajinagar,SYNTHETIC_ADDED
EV1492,Osmanabad EV Charging Station 1492,Tata Power,Maharashtra,Osmanabad,"MIDC Area 13, Osmanabad",18.201998,76.033768,Type 2,7,2,20.56,30.0,Available,,,False,False,False,4.9,93,Chhatrapati Sambhajinagar,SYNTHETIC_ADDED
EV1493,Tuljapur EV Charging Station 1493,Magenta ChargeGrid,Maharashtra,Tuljapur,"Highway Rd 18, Tuljapur",17.983865,76.072225,DC Fast,30,1,20.99,25.0,Available,,,True,False,True,3.3,167,Chhatrapati Sambhajinagar,SYNTHETIC_ADDED
EV1494,Pune EV Charging Station 1494,Zeon Charging,Maharashtra,Pune,"Highway Rd 9, Pune",18.498455,73.863313,Type 2,120,4,10.48,26.0,Available,,,False,False,True,4.1,156,Pune,SYNTHETIC_ADDED
EV1495,Pimpri-Chinchwad EV Charging Station 1495,Kazam,Maharashtra,Pimpri-Chinchwad,"Market Yard 5, Pimpri-Chinchwad",18.632648,73.784052,AC,150,7,10.6,21.0,Maintenance,,,True,False,True,3.6,137,Pune,SYNTHETIC_ADDED
EV1496,Hinjawadi EV Charging Station 1496,Zeon Charging,Maharashtra,Hinjawadi,"Highway Rd 3, Hinjawadi",18.564577,73.750704,CHAdeMO,15,6,9.07,32.0,Available,,,False,False,True,3.9,7,Pune,SYNTHETIC_ADDED
EV1497,Wakad EV Charging Station 1497,Tata Power,Maharashtra,Wakad,"MIDC Area 5, Wakad",18.615371,73.747997,CCS2,150,1,20.02,6.0,Busy,,,True,False,False,4.7,145,Pune,SYNTHETIC_ADDED
EV1498,Hadapsar EV Charging Station 1498,Ather Grid,Maharashtra,Hadapsar,"Station Rd 19, Hadapsar",18.504705,73.898492,DC Fast,120,1,13.19,21.0,Available,,,False,False,False,3.0,177,Pune,SYNTHETIC_ADDED
EV1499,Baner EV Charging Station 1499,Magenta ChargeGrid,Maharashtra,Baner,"Station Rd 5, Baner",18.543454,73.756922,DC Fast,60,4,16.85,16.0,Maintenance,,,False,False,True,4.4,102,Pune,SYNTHETIC_ADDED
EV1500,Chakan EV Charging Station 1500,MSEDCL Public Charging,Maharashtra,Chakan,"MIDC Area 14, Chakan",18.787687,73.843338,AC,30,2,16.14,28.0,Available,,,True,False,False,4.1,179,Pune,SYNTHETIC_ADDED
EV1501,Talegaon EV Charging Station 1501,MSEDCL Public Charging,Maharashtra,Talegaon,"Market Yard 29, Talegaon",18.748685,73.677153,DC Fast,150,5,20.05,25.0,Maintenance,,,True,False,True,3.3,16,Pune,SYNTHETIC_ADDED
EV1502,Lonavala EV Charging Station 1502,Zeon Charging,Maharashtra,Lonavala,"Sector 23, Lonavala",18.759859,73.42447,DC Fast,15,6,17.43,11.0,Available,,,True,True,False,4.9,45,Pune,SYNTHETIC_ADDED
EV1503,Saswad EV Charging Station 1503,ChargeZone,Maharashtra,Saswad,"Market Yard 7, Saswad",18.321318,74.026323,AC,22,5,16.77,31.0,Maintenance,,,False,True,False,4.4,142,Pune,SYNTHETIC_ADDED
EV1504,Baramati EV Charging Station 1504,Tata Power,Maharashtra,Baramati,"Market Yard 28, Baramati",18.137102,74.581462,DC Fast,120,2,9.61,16.0,Maintenance,,,True,True,False,3.7,120,Pune,SYNTHETIC_ADDED
EV1505,Daund EV Charging Station 1505,Magenta ChargeGrid,Maharashtra,Daund,"Station Rd 13, Daund",18.490937,74.578197,Type 2,60,6,9.98,16.0,Available,,,False,True,True,4.9,74,Pune,SYNTHETIC_ADDED
EV1506,Junnar EV Charging Station 1506,Magenta ChargeGrid,Maharashtra,Junnar,"Market Yard 26, Junnar",19.225722,73.888016,CCS2,90,7,21.22,5.0,Maintenance,,,True,False,False,4.6,88,Pune,SYNTHETIC_ADDED
EV1507,Satara EV Charging Station 1507,Statiq,Maharashtra,Satara,"Highway Rd 26, Satara",17.6736,73.991571,Type 2,150,2,13.96,10.0,Maintenance,,,True,False,True,4.0,72,Pune,SYNTHETIC_ADDED
EV1508,Karad EV Charging Station 1508,Zeon Charging,Maharashtra,Karad,"MIDC Area 24, Karad",17.317174,74.181807,CCS2,22,2,13.82,14.0,Maintenance,,,False,False,True,4.7,7,Pune,SYNTHETIC_ADDED
EV1509,Phaltan EV Charging Station 1509,Zeon Charging,Maharashtra,Phaltan,"MIDC Area 13, Phaltan",18.008266,74.446313,AC,15,2,10.07,39.0,Available,,,False,False,True,3.5,173,Pune,SYNTHETIC_ADDED
EV1510,Wai EV Charging Station 1510,Statiq,Maharashtra,Wai,"Highway Rd 5, Wai",17.932347,73.883063,CHAdeMO,150,1,12.47,14.0,Busy,,,True,True,True,4.9,173,Pune,SYNTHETIC_ADDED
EV1511,Mahabaleshwar EV Charging Station 1511,Tata Power,Maharashtra,Mahabaleshwar,"MIDC Area 9, Mahabaleshwar",17.90944,73.629992,CHAdeMO,15,1,12.59,34.0,Busy,,,True,False,True,4.5,126,Pune,SYNTHETIC_ADDED
EV1512,Sangli EV Charging Station 1512,ChargeZone,Maharashtra,Sangli,"Highway Rd 15, Sangli",16.827443,74.583894,CHAdeMO,60,7,20.5,36.0,Busy,,,False,False,False,3.3,175,Pune,SYNTHETIC_ADDED
EV1513,Miraj EV Charging Station 1513,Zeon Charging,Maharashtra,Miraj,"MIDC Area 29, Miraj",16.837764,74.617246,CCS2,30,5,12.98,23.0,Busy,,,False,False,True,3.4,158,Pune,SYNTHETIC_ADDED
EV1514,Islampur EV Charging Station 1514,ChargeZone,Maharashtra,Islampur,"Station Rd 23, Islampur",17.024075,74.269704,DC Fast,30,1,15.17,38.0,Busy,,,True,False,False,5.0,244,Pune,SYNTHETIC_ADDED
EV1515,Vita EV Charging Station 1515,Tata Power,Maharashtra,Vita,"Market Yard 19, Vita",17.421773,74.521524,CCS2,90,1,19.99,15.0,Available,,,False,False,False,4.5,15,Pune,SYNTHETIC_ADDED
EV1516,Kolhapur EV Charging Station 1516,MSEDCL Public Charging,Maharashtra,Kolhapur,"Sector 20, Kolhapur",16.729167,74.267023,AC,30,1,14.43,39.0,Available,,,False,False,True,3.2,204,Pune,SYNTHETIC_ADDED
EV1517,Ichalkaranji EV Charging Station 1517,Tata Power,Maharashtra,Ichalkaranji,"MIDC Area 15, Ichalkaranji",16.672751,74.44847,AC,150,2,18.09,32.0,Maintenance,,,False,False,False,4.0,8,Pune,SYNTHETIC_ADDED
EV1518,Gadhinglaj EV Charging Station 1518,MSEDCL Public Charging,Maharashtra,Gadhinglaj,"Highway Rd 4, Gadhinglaj",16.219946,74.331312,Type 2,22,8,13.62,13.0,Available,,,True,True,False,4.1,9,Pune,SYNTHETIC_ADDED
EV1519,Kagal EV Charging Station 1519,Tata Power,Maharashtra,Kagal,"Station Rd 10, Kagal",16.584456,74.323807,AC,60,5,10.7,35.0,Available,,,True,True,True,3.4,233,Pune,SYNTHETIC_ADDED
EV1520,Solapur EV Charging Station 1520,Ather Grid,Maharashtra,Solapur,"Sector 6, Solapur",17.675153,75.883442,CHAdeMO,22,7,12.34,15.0,Maintenance,,,False,False,False,4.0,168,Pune,SYNTHETIC_ADDED
EV1521,Pandharpur EV Charging Station 1521,ChargeZone,Maharashtra,Pandharpur,"Market Yard 16, Pandharpur",17.688103,75.309551,Type 2,7,6,18.26,27.0,Available,,,False,False,True,5.0,250,Pune,SYNTHETIC_ADDED
EV1522,Barshi EV Charging Station 1522,MSEDCL Public Charging,Maharashtra,Barshi,"Market Yard 16, Barshi",18.245857,75.702754,CCS2,150,7,9.64,27.0,Available,,,True,True,False,3.8,119,Pune,SYNTHETIC_ADDED
EV1523,Akkalkot EV Charging Station 1523,Kazam,Maharashtra,Akkalkot,"MIDC Area 8, Akkalkot",17.540657,76.211345,DC Fast,120,3,8.84,39.0,Busy,,,False,True,True,4.7,241,Pune,SYNTHETIC_ADDED
EV1524,Nashik EV Charging Station 1524,Ather Grid,Maharashtra,Nashik,"Market Yard 3, Nashik",20.018261,73.784239,AC,150,5,11.47,0.0,Busy,,,False,True,True,4.6,22,Nashik,SYNTHETIC_ADDED
EV1525,Ozar EV Charging Station 1525,ChargeZone,Maharashtra,Ozar,"Station Rd 17, Ozar",20.132952,73.911517,CHAdeMO,90,4,11.76,4.0,Maintenance,,,True,True,False,4.7,160,Nashik,SYNTHETIC_ADDED
EV1526,Igatpuri EV Charging Station 1526,Zeon Charging,Maharashtra,Igatpuri,"Highway Rd 13, Igatpuri",19.691367,73.582382,DC Fast,120,6,21.24,24.0,Available,,,True,True,False,4.9,157,Nashik,SYNTHETIC_ADDED
EV1527,Sinnar EV Charging Station 1527,ChargeZone,Maharashtra,Sinnar,"Sector 1, Sinnar",19.876141,73.961973,Type 2,60,1,20.38,29.0,Maintenance,,,False,False,False,3.9,143,Nashik,SYNTHETIC_ADDED
EV1528,Malegaon EV Charging Station 1528,ChargeZone,Maharashtra,Malegaon,"Sector 7, Malegaon",20.569239,74.554762,Type 2,15,7,19.69,5.0,Maintenance,,,True,True,True,4.9,108,Nashik,SYNTHETIC_ADDED
EV1529,Manmad EV Charging Station 1529,Tata Power,Maharashtra,Manmad,"Sector 12, Manmad",20.272275,74.458525,CHAdeMO,120,5,11.14,12.0,Busy,,,True,False,True,4.5,124,Nashik,SYNTHETIC_ADDED
EV1530,Dhule EV Charging Station 1530,ChargeZone,Maharashtra,Dhule,"Highway Rd 16, Dhule",20.907955,74.774836,DC Fast,15,7,10.56,24.0,Maintenance,,,True,False,True,4.6,102,Nashik,SYNTHETIC_ADDED
EV1531,Shirpur EV Charging Station 1531,Jio-bp,Maharashtra,Shirpur,"Highway Rd 28, Shirpur",21.347722,74.871579,CCS2,7,5,19.38,21.0,Maintenance,,,True,True,True,3.4,142,Nashik,SYNTHETIC_ADDED
EV1532,Nandurbar EV Charging Station 1532,ChargeZone,Maharashtra,Nandurbar,"Market Yard 20, Nandurbar",21.366728,74.2433,AC,150,3,16.07,38.0,Available,,,False,False,True,4.7,226,Nashik,SYNTHETIC_ADDED
EV1533,Shahada EV Charging Station 1533,Ather Grid,Maharashtra,Shahada,"MIDC Area 25, Shahada",21.555604,74.463851,CHAdeMO,120,6,10.26,30.0,Available,,,False,False,False,4.3,156,Nashik,SYNTHETIC_ADDED
EV1534,Jalgaon EV Charging Station 1534,Zeon Charging,Maharashtra,Jalgaon,"MIDC Area 24, Jalgaon",21.006175,75.565778,CCS2,7,7,13.05,7.0,Busy,,,True,False,False,4.3,214,Nashik,SYNTHETIC_ADDED
EV1535,Bhusawal EV Charging Station 1535,Jio-bp,Maharashtra,Bhusawal,"Highway Rd 23, Bhusawal",21.074248,75.795519,CCS2,15,1,13.55,33.0,Available,,,False,True,True,5.0,220,Nashik,SYNTHETIC_ADDED
EV1536,Chalisgaon EV Charging Station 1536,MSEDCL Public Charging,Maharashtra,Chalisgaon,"Sector 15, Chalisgaon",20.457435,74.988362,CCS2,22,1,18.85,13.0,Maintenance,,,True,False,False,3.8,11,Nashik,SYNTHETIC_ADDED
EV1537,Amalner EV Charging Station 1537,Statiq,Maharashtra,Amalner,"Sector 25, Amalner",21.045513,75.050919,CHAdeMO,22,4,10.48,40.0,Busy,,,False,False,False,4.3,209,Nashik,SYNTHETIC_ADDED
EV1538,Ahmednagar EV Charging Station 1538,Tata Power,Maharashtra,Ahmednagar,"Station Rd 10, Ahmednagar",19.120607,74.76476,AC,30,8,17.87,31.0,Maintenance,,,True,False,True,4.0,21,Nashik,SYNTHETIC_ADDED
EV1539,Shirdi EV Charging Station 1539,Ather Grid,Maharashtra,Shirdi,"Highway Rd 18, Shirdi",19.769954,74.456238,CHAdeMO,7,8,17.47,22.0,Maintenance,,,False,False,True,4.3,76,Nashik,SYNTHETIC_ADDED
EV1540,Sangamner EV Charging Station 1540,Zeon Charging,Maharashtra,Sangamner,"MIDC Area 25, Sangamner",19.584963,74.245615,DC Fast,150,6,18.54,3.0,Busy,,,False,False,False,3.5,119,Nashik,SYNTHETIC_ADDED
EV1541,Kopargaon EV Charging Station 1541,Magenta ChargeGrid,Maharashtra,Kopargaon,"MIDC Area 21, Kopargaon",19.896739,74.509387,CHAdeMO,22,6,17.91,16.0,Maintenance,,,False,False,False,3.6,249,Nashik,SYNTHETIC_ADDED
EV1542,Shrirampur EV Charging Station 1542,ChargeZone,Maharashtra,Shrirampur,"MIDC Area 11, Shrirampur",19.618076,74.682696,CHAdeMO,120,3,12.54,26.0,Available,,,True,False,True,4.8,13,Nashik,SYNTHETIC_ADDED
EV1543,Chhatrapati Sambhajinagar EV Charging Station 1543,Jio-bp,Maharashtra,Chhatrapati Sambhajinagar,"Market Yard 13, Chhatrapati Sambhajinagar",19.904654,75.32609,Type 2,150,3,13.98,15.0,Busy,Nashik-Aurangabad,2,False,False,False,4.1,148,Chhatrapati Sambhajinagar,SYNTHETIC_ADDED
EV1544,Paithan EV Charging Station 1544,Kazam,Maharashtra,Paithan,"Highway Rd 23, Paithan",19.454472,75.381159,CCS2,90,3,12.68,1.0,Available,,,True,True,True,3.7,47,Chhatrapati Sambhajinagar,SYNTHETIC_ADDED
EV1545,Vaijapur EV Charging Station 1545,Magenta ChargeGrid,Maharashtra,Vaijapur,"Market Yard 23, Vaijapur",19.912763,74.71246,DC Fast,7,1,13.42,29.0,Maintenance,,,True,False,False,3.5,9,Chhatrapati Sambhajinagar,SYNTHETIC_ADDED
EV1546,Kannad EV Charging Station 1546,Zeon Charging,Maharashtra,Kannad,"Highway Rd 5, Kannad",20.292037,75.147943,CHAdeMO,60,3,17.04,5.0,Busy,,,False,False,False,4.2,140,Chhatrapati Sambhajinagar,SYNTHETIC_ADDED
EV1547,Jalna EV Charging Station 1547,Statiq,Maharashtra,Jalna,"Highway Rd 8, Jalna",19.84309,75.888721,CCS2,7,2,17.8,10.0,Busy,,,True,False,False,3.6,123,Chhatrapati Sambhajinagar,SYNTHETIC_ADDED
EV1548,Ambad EV Charging Station 1548,Ather Grid,Maharashtra,Ambad,"Station Rd 9, Ambad",19.592136,75.799096,Type 2,30,6,19.54,1.0,Maintenance,,,False,False,True,3.6,17,Chhatrapati Sambhajinagar,SYNTHETIC_ADDED
EV1549,Parbhani EV Charging Station 1549,Zeon Charging,Maharashtra,Parbhani,"Market Yard 4, Parbhani",19.273582,76.794558,CCS2,120,6,20.22,21.0,Maintenance,,,False,False,True,3.4,147,Chhatrapati Sambhajinagar,SYNTHETIC_ADDED
EV1550,Gangakhed EV Charging Station 1550,Jio-bp,Maharashtra,Gangakhed,"Market Yard 17, Gangakhed",18.990419,76.75285,Type 2,60,2,18.55,11.0,Available,,,False,False,True,3.8,194,Chhatrapati Sambhajinagar,SYNTHETIC_ADDED
EV1551,Hingoli EV Charging Station 1551,Statiq,Maharashtra,Hingoli,"Sector 14, Hingoli",19.716186,77.174212,AC,90,2,14.65,11.0,Busy,,,False,True,False,4.2,174,Chhatrapati Sambhajinagar,SYNTHETIC_ADDED
EV1552,Kalamnuri EV Charging Station 1552,Magenta ChargeGrid,Maharashtra,Kalamnuri,"Sector 30, Kalamnuri",19.876809,77.348289,Type 2,120,3,9.02,29.0,Maintenance,,,False,False,False,3.2,179,Chhatrapati Sambhajinagar,SYNTHETIC_ADDED
EV1553,Beed EV Charging Station 1553,Tata Power,Maharashtra,Beed,"MIDC Area 26, Beed",19.017366,75.733312,CHAdeMO,90,3,13.45,35.0,Available,,,False,False,True,5.0,147,Chhatrapati Sambhajinagar,SYNTHETIC_ADDED
EV1554,Georai EV Charging Station 1554,Ather Grid,Maharashtra,Georai,"Sector 23, Georai",19.29617,75.778599,AC,7,2,18.96,21.0,Busy,,,True,False,False,4.6,8,Chhatrapati Sambhajinagar,SYNTHETIC_ADDED
EV1555,Ambajogai EV Charging Station 1555,MSEDCL Public Charging,Maharashtra,Ambajogai,"MIDC Area 11, Ambajogai",18.724844,76.359656,CCS2,22,8,12.02,35.0,Available,,,True,False,True,3.5,144,Chhatrapati Sambhajinagar,SYNTHETIC_ADDED
EV1556,Nanded EV Charging Station 1556,Magenta ChargeGrid,Maharashtra,Nanded,"Highway Rd 9, Nanded",19.147005,77.327981,CCS2,22,8,11.57,9.0,Maintenance,,,True,False,False,4.2,59,Chhatrapati Sambhajinagar,SYNTHETIC_ADDED
EV1557,Deglur EV Charging Station 1557,Jio-bp,Maharashtra,Deglur,"Highway Rd 25, Deglur",18.518106,77.578672,AC,7,6,19.38,29.0,Busy,,,False,False,True,4.3,228,Chhatrapati Sambhajinagar,SYNTHETIC_ADDED
EV1558,Kandhar EV Charging Station 1558,Jio-bp,Maharashtra,Kandhar,"Market Yard 21, Kandhar",18.822112,77.167316,Type 2,30,2,18.61,25.0,Busy,,,False,False,False,3.4,30,Chhatrapati Sambhajinagar,SYNTHETIC_ADDED
EV1559,Latur EV Charging Station 1559,ChargeZone,Maharashtra,Latur,"Sector 5, Latur",18.382101,76.543129,DC Fast,90,6,13.37,38.0,Available,,,False,False,True,4.7,23,Chhatrapati Sambhajinagar,SYNTHETIC_ADDED
EV1560,Udgir EV Charging Station 1560,ChargeZone,Maharashtra,Udgir,"Highway Rd 4, Udgir",18.417981,77.143571,Type 2,150,4,20.26,25.0,Busy,,,False,False,True,3.1,106,Chhatrapati Sambhajinagar,SYNTHETIC_ADDED
EV1561,Ausa EV Charging Station 1561,Tata Power,Maharashtra,Ausa,"Sector 6, Ausa",18.224137,76.505539,CHAdeMO,60,8,9.61,40.0,Maintenance,,,True,False,True,4.6,106,Chhatrapati Sambhajinagar,SYNTHETIC_ADDED
EV1562,Osmanabad EV Charging Station 1562,Kazam,Maharashtra,Osmanabad,"Highway Rd 5, Osmanabad",18.171354,76.017754,DC Fast,30,5,9.34,1.0,Available,,,False,False,True,3.3,75,Chhatrapati Sambhajinagar,SYNTHETIC_ADDED
EV1563,Tuljapur EV Charging Station 1563,MSEDCL Public Charging,Maharashtra,Tuljapur,"Market Yard 21, Tuljapur",17.985842,76.114378,CHAdeMO,90,1,18.26,30.0,Maintenance,,,False,False,False,4.6,184,Chhatrapati Sambhajinagar,SYNTHETIC_ADDED
EV1564,Pune EV Charging Station 1564,Zeon Charging,Maharashtra,Pune,"Station Rd 18, Pune",18.519622,73.845492,CHAdeMO,15,8,14.37,18.0,Available,Solapur-Pune,2,True,True,True,3.4,225,Pune,SYNTHETIC_ADDED
EV1565,Pimpri-Chinchwad EV Charging Station 1565,Magenta ChargeGrid,Maharashtra,Pimpri-Chinchwad,"Sector 25, Pimpri-Chinchwad",18.601956,73.794429,AC,60,2,12.05,12.0,Available,,,False,True,False,4.9,67,Pune,SYNTHETIC_ADDED
EV1566,Hinjawadi EV Charging Station 1566,ChargeZone,Maharashtra,Hinjawadi,"MIDC Area 7, Hinjawadi",18.612412,73.72863,CCS2,90,2,16.28,19.0,Available,,,False,False,False,3.2,171,Pune,SYNTHETIC_ADDED
EV1567,Wakad EV Charging Station 1567,MSEDCL Public Charging,Maharashtra,Wakad,"Market Yard 3, Wakad",18.619848,73.770667,CCS2,22,7,10.17,35.0,Maintenance,,,False,True,False,4.9,144,Pune,SYNTHETIC_ADDED
EV1568,Hadapsar EV Charging Station 1568,ChargeZone,Maharashtra,Hadapsar,"Sector 13, Hadapsar",18.515681,73.913384,DC Fast,90,5,16.65,4.0,Maintenance,,,False,False,True,3.0,105,Pune,SYNTHETIC_ADDED
EV1569,Baner EV Charging Station 1569,Ather Grid,Maharashtra,Baner,"Highway Rd 22, Baner",18.587431,73.781309,CHAdeMO,7,5,14.28,21.0,Busy,,,False,False,False,4.5,130,Pune,SYNTHETIC_ADDED
EV1570,Chakan EV Charging Station 1570,Kazam,Maharashtra,Chakan,"Sector 2, Chakan",18.76401,73.856758,AC,22,3,16.61,38.0,Maintenance,,,False,False,False,3.6,34,Pune,SYNTHETIC_ADDED
EV1571,Talegaon EV Charging Station 1571,Zeon Charging,Maharashtra,Talegaon,"Station Rd 29, Talegaon",18.759382,73.686342,DC Fast,22,7,21.45,21.0,Available,,,True,False,True,4.3,124,Pune,SYNTHETIC_ADDED
EV1572,Lonavala EV Charging Station 1572,Statiq,Maharashtra,Lonavala,"MIDC Area 6, Lonavala",18.766487,73.378602,DC Fast,30,8,19.12,12.0,Maintenance,,,False,False,False,3.4,190,Pune,SYNTHETIC_ADDED
EV1573,Saswad EV Charging Station 1573,Jio-bp,Maharashtra,Saswad,"Highway Rd 14, Saswad",18.364376,74.028855,AC,7,2,20.64,20.0,Busy,,,False,False,False,4.6,203,Pune,SYNTHETIC_ADDED
EV1574,Baramati EV Charging Station 1574,Zeon Charging,Maharashtra,Baramati,"Station Rd 3, Baramati",18.159136,74.554607,AC,30,7,16.68,16.0,Available,,,False,False,True,3.2,144,Pune,SYNTHETIC_ADDED
EV1575,Daund EV Charging Station 1575,Statiq,Maharashtra,Daund,"Sector 18, Daund",18.436758,74.593785,DC Fast,90,2,14.47,10.0,Busy,,,True,False,False,4.3,229,Pune,SYNTHETIC_ADDED
EV1576,Junnar EV Charging Station 1576,Zeon Charging,Maharashtra,Junnar,"Highway Rd 19, Junnar",19.211066,73.862634,AC,150,4,12.25,30.0,Available,,,False,False,True,4.5,193,Pune,SYNTHETIC_ADDED
EV1577,Satara EV Charging Station 1577,Kazam,Maharashtra,Satara,"Sector 21, Satara",17.697994,74.014009,CCS2,60,1,10.47,10.0,Busy,,,True,True,True,4.2,48,Pune,SYNTHETIC_ADDED
EV1578,Karad EV Charging Station 1578,Statiq,Maharashtra,Karad,"MIDC Area 4, Karad",17.279259,74.176463,CCS2,60,6,16.69,30.0,Maintenance,,,False,False,False,3.8,187,Pune,SYNTHETIC_ADDED
EV1579,Phaltan EV Charging Station 1579,MSEDCL Public Charging,Maharashtra,Phaltan,"Sector 3, Phaltan",17.998569,74.404868,AC,30,6,20.42,38.0,Available,,,False,True,True,3.9,236,Pune,SYNTHETIC_ADDED
EV1580,Wai EV Charging Station 1580,Ather Grid,Maharashtra,Wai,"Station Rd 17, Wai",17.951442,73.91333,CCS2,90,2,12.92,4.0,Maintenance,,,False,False,True,4.1,159,Pune,SYNTHETIC_ADDED
EV1581,Mahabaleshwar EV Charging Station 1581,Tata Power,Maharashtra,Mahabaleshwar,"Sector 17, Mahabaleshwar",17.945054,73.632409,AC,30,8,10.16,8.0,Available,,,True,False,False,5.0,60,Pune,SYNTHETIC_ADDED
EV1582,Sangli EV Charging Station 1582,MSEDCL Public Charging,Maharashtra,Sangli,"Station Rd 1, Sangli",16.876699,74.592907,DC Fast,15,5,11.0,37.0,Available,,,False,False,False,3.9,84,Pune,SYNTHETIC_ADDED
EV1583,Miraj EV Charging Station 1583,Tata Power,Maharashtra,Miraj,"Highway Rd 24, Miraj",16.828395,74.620826,CHAdeMO,7,2,11.42,18.0,Available,,,True,False,True,4.7,198,Pune,SYNTHETIC_ADDED
EV1584,Islampur EV Charging Station 1584,Kazam,Maharashtra,Islampur,"MIDC Area 18, Islampur",17.072613,74.230432,AC,7,2,12.92,22.0,Available,,,False,True,False,3.6,85,Pune,SYNTHETIC_ADDED
EV1585,Vita EV Charging Station 1585,MSEDCL Public Charging,Maharashtra,Vita,"Market Yard 22, Vita",17.426244,74.53154,CHAdeMO,30,2,18.71,3.0,Maintenance,,,False,False,True,3.5,131,Pune,SYNTHETIC_ADDED
EV1586,Kolhapur EV Charging Station 1586,Tata Power,Maharashtra,Kolhapur,"Station Rd 22, Kolhapur",16.701553,74.225916,CHAdeMO,150,5,10.02,26.0,Busy,,,False,False,False,3.2,224,Pune,SYNTHETIC_ADDED
EV1587,Ichalkaranji EV Charging Station 1587,Zeon Charging,Maharashtra,Ichalkaranji,"Sector 7, Ichalkaranji",16.681853,74.460935,Type 2,7,3,18.16,18.0,Busy,,,False,True,False,3.5,144,Pune,SYNTHETIC_ADDED
EV1588,Gadhinglaj EV Charging Station 1588,ChargeZone,Maharashtra,Gadhinglaj,"Highway Rd 20, Gadhinglaj",16.214041,74.366156,CCS2,90,2,20.63,3.0,Available,,,False,False,False,4.9,65,Pune,SYNTHETIC_ADDED
EV1589,Kagal EV Charging Station 1589,Ather Grid,Maharashtra,Kagal,"Station Rd 22, Kagal",16.561189,74.302536,DC Fast,90,4,16.7,28.0,Busy,,,True,False,True,4.3,46,Pune,SYNTHETIC_ADDED
EV1590,Solapur EV Charging Station 1590,Ather Grid,Maharashtra,Solapur,"MIDC Area 6, Solapur",17.662375,75.881419,CCS2,30,1,16.42,20.0,Maintenance,,,True,False,True,4.8,116,Pune,SYNTHETIC_ADDED
EV1591,Pandharpur EV Charging Station 1591,Tata Power,Maharashtra,Pandharpur,"Station Rd 25, Pandharpur",17.706473,75.319264,CCS2,90,3,15.38,28.0,Busy,,,True,False,True,4.0,173,Pune,SYNTHETIC_ADDED
EV1592,Barshi EV Charging Station 1592,MSEDCL Public Charging,Maharashtra,Barshi,"Sector 18, Barshi",18.222298,75.709983,CCS2,15,3,15.86,7.0,Maintenance,,,False,False,True,4.6,102,Pune,SYNTHETIC_ADDED
EV1593,Akkalkot EV Charging Station 1593,ChargeZone,Maharashtra,Akkalkot,"Sector 25, Akkalkot",17.499271,76.229685,DC Fast,120,1,10.36,37.0,Maintenance,,,False,False,False,3.7,243,Pune,SYNTHETIC_ADDED
EV1594,Nashik EV Charging Station 1594,MSEDCL Public Charging,Maharashtra,Nashik,"Market Yard 17, Nashik",19.989372,73.817641,Type 2,7,3,9.86,15.0,Busy,,,False,False,False,3.0,223,Nashik,SYNTHETIC_ADDED
EV1595,Ozar EV Charging Station 1595,ChargeZone,Maharashtra,Ozar,"Highway Rd 4, Ozar",20.086852,73.939475,CHAdeMO,150,5,17.65,18.0,Busy,,,False,True,False,3.8,108,Nashik,SYNTHETIC_ADDED
EV1596,Igatpuri EV Charging Station 1596,Ather Grid,Maharashtra,Igatpuri,"Station Rd 8, Igatpuri",19.720175,73.584618,CHAdeMO,120,1,12.75,23.0,Busy,,,True,False,False,4.6,103,Nashik,SYNTHETIC_ADDED
EV1597,Sinnar EV Charging Station 1597,Jio-bp,Maharashtra,Sinnar,"Highway Rd 26, Sinnar",19.849831,73.975833,CCS2,30,5,21.34,0.0,Maintenance,,,False,False,True,4.7,154,Nashik,SYNTHETIC_ADDED
EV1598,Malegaon EV Charging Station 1598,Statiq,Maharashtra,Malegaon,"Market Yard 13, Malegaon",20.577005,74.508995,AC,120,6,17.84,40.0,Maintenance,,,False,False,False,4.3,161,Nashik,SYNTHETIC_ADDED
EV1599,Manmad EV Charging Station 1599,MSEDCL Public Charging,Maharashtra,Manmad,"Sector 19, Manmad",20.25139,74.409581,AC,120,1,10.34,17.0,Busy,,,False,True,True,4.2,126,Nashik,SYNTHETIC_ADDED
EV1600,Dhule EV Charging Station 1600,MSEDCL Public Charging,Maharashtra,Dhule,"Highway Rd 18, Dhule",20.874302,74.753796,Type 2,90,5,14.18,19.0,Busy,,,False,False,False,3.4,87,Nashik,SYNTHETIC_ADDED
EV1601,Shirpur EV Charging Station 1601,Statiq,Maharashtra,Shirpur,"MIDC Area 1, Shirpur",21.376304,74.882195,Type 2,150,2,14.13,8.0,Busy,,,False,True,True,3.0,91,Nashik,SYNTHETIC_ADDED
EV1602,Nandurbar EV Charging Station 1602,Tata Power,Maharashtra,Nandurbar,"Sector 15, Nandurbar",21.359363,74.278601,AC,90,2,14.31,18.0,Maintenance,,,False,True,True,4.2,200,Nashik,SYNTHETIC_ADDED
EV1603,Shahada EV Charging Station 1603,Kazam,Maharashtra,Shahada,"Highway Rd 22, Shahada",21.539471,74.48051,CCS2,7,1,13.58,1.0,Available,,,True,False,False,4.8,230,Nashik,SYNTHETIC_ADDED
EV1604,Jalgaon EV Charging Station 1604,Zeon Charging,Maharashtra,Jalgaon,"MIDC Area 18, Jalgaon",20.990934,75.567346,CHAdeMO,150,7,15.52,17.0,Maintenance,,,False,True,True,4.8,85,Nashik,SYNTHETIC_ADDED
EV1605,Bhusawal EV Charging Station 1605,Ather Grid,Maharashtra,Bhusawal,"Sector 12, Bhusawal",21.032086,75.779294,CHAdeMO,90,2,16.08,6.0,Busy,,,False,True,False,3.8,191,Nashik,SYNTHETIC_ADDED
EV1606,Chalisgaon EV Charging Station 1606,Jio-bp,Maharashtra,Chalisgaon,"Sector 9, Chalisgaon",20.450963,75.018455,DC Fast,22,4,19.82,34.0,Available,,,False,False,True,3.8,96,Nashik,SYNTHETIC_ADDED
EV1607,Amalner EV Charging Station 1607,Tata Power,Maharashtra,Amalner,"Sector 19, Amalner",21.043862,75.078851,Type 2,60,6,8.84,31.0,Available,,,True,False,True,4.5,23,Nashik,SYNTHETIC_ADDED
EV1608,Ahmednagar EV Charging Station 1608,ChargeZone,Maharashtra,Ahmednagar,"Highway Rd 22, Ahmednagar",19.079049,74.776843,CCS2,15,7,14.11,23.0,Busy,,,False,False,False,3.1,175,Nashik,SYNTHETIC_ADDED
EV1609,Shirdi EV Charging Station 1609,Magenta ChargeGrid,Maharashtra,Shirdi,"Station Rd 11, Shirdi",19.760845,74.500258,Type 2,90,8,19.34,0.0,Busy,,,True,False,True,3.1,141,Nashik,SYNTHETIC_ADDED
EV1610,Sangamner EV Charging Station 1610,ChargeZone,Maharashtra,Sangamner,"Sector 13, Sangamner",19.574182,74.190665,CCS2,60,1,17.39,7.0,Available,,,False,True,True,4.2,194,Nashik,SYNTHETIC_ADDED
EV1611,Kopargaon EV Charging Station 1611,Zeon Charging,Maharashtra,Kopargaon,"Station Rd 23, Kopargaon",19.906263,74.477323,AC,7,4,15.71,33.0,Available,,,True,True,True,3.4,12,Nashik,SYNTHETIC_ADDED
EV1612,Shrirampur EV Charging Station 1612,MSEDCL Public Charging,Maharashtra,Shrirampur,"Highway Rd 14, Shrirampur",19.618346,74.666649,DC Fast,150,3,10.83,25.0,Available,,,False,False,False,4.3,133,Nashik,SYNTHETIC_ADDED
EV1613,Chhatrapati Sambhajinagar EV Charging Station 1613,Tata Power,Maharashtra,Chhatrapati Sambhajinagar,"Market Yard 18, Chhatrapati Sambhajinagar",19.901794,75.31633,Type 2,30,8,10.83,35.0,Available,,,False,False,True,3.7,132,Chhatrapati Sambhajinagar,SYNTHETIC_ADDED
EV1614,Paithan EV Charging Station 1614,Magenta ChargeGrid,Maharashtra,Paithan,"Sector 11, Paithan",19.492767,75.356862,AC,90,8,12.15,15.0,Maintenance,,,False,True,False,4.6,83,Chhatrapati Sambhajinagar,SYNTHETIC_ADDED
EV1615,Vaijapur EV Charging Station 1615,Jio-bp,Maharashtra,Vaijapur,"Station Rd 30, Vaijapur",19.936558,74.750146,CHAdeMO,7,4,19.97,27.0,Available,,,True,True,True,4.0,65,Chhatrapati Sambhajinagar,SYNTHETIC_ADDED
EV1616,Kannad EV Charging Station 1616,Jio-bp,Maharashtra,Kannad,"MIDC Area 27, Kannad",20.287205,75.161243,CHAdeMO,120,7,17.76,30.0,Busy,,,False,False,True,3.8,96,Chhatrapati Sambhajinagar,SYNTHETIC_ADDED
EV1617,Jalna EV Charging Station 1617,Statiq,Maharashtra,Jalna,"Market Yard 23, Jalna",19.862634,75.892009,CHAdeMO,60,2,13.44,5.0,Available,,,False,False,False,3.5,8,Chhatrapati Sambhajinagar,SYNTHETIC_ADDED
EV1618,Ambad EV Charging Station 1618,Ather Grid,Maharashtra,Ambad,"Station Rd 13, Ambad",19.611725,75.795155,Type 2,15,7,13.53,6.0,Maintenance,,,True,False,True,3.4,104,Chhatrapati Sambhajinagar,SYNTHETIC_ADDED
EV1619,Parbhani EV Charging Station 1619,MSEDCL Public Charging,Maharashtra,Parbhani,"Highway Rd 14, Parbhani",19.278692,76.766851,Type 2,7,1,15.87,26.0,Maintenance,,,True,False,False,3.6,188,Chhatrapati Sambhajinagar,SYNTHETIC_ADDED
EV1620,Gangakhed EV Charging Station 1620,Statiq,Maharashtra,Gangakhed,"Sector 21, Gangakhed",18.96373,76.766191,DC Fast,150,2,8.83,15.0,Busy,,,True,True,False,3.9,89,Chhatrapati Sambhajinagar,SYNTHETIC_ADDED
EV1621,Hingoli EV Charging Station 1621,Statiq,Maharashtra,Hingoli,"Station Rd 16, Hingoli",19.716348,77.153604,AC,150,2,19.89,34.0,Available,,,True,False,True,3.1,152,Chhatrapati Sambhajinagar,SYNTHETIC_ADDED
EV1622,Kalamnuri EV Charging Station 1622,Tata Power,Maharashtra,Kalamnuri,"Station Rd 23, Kalamnuri",19.879061,77.343713,CCS2,60,1,12.5,12.0,Busy,,,False,False,False,3.7,138,Chhatrapati Sambhajinagar,SYNTHETIC_ADDED
EV1623,Beed EV Charging Station 1623,MSEDCL Public Charging,Maharashtra,Beed,"MIDC Area 24, Beed",18.976504,75.771883,AC,90,3,9.42,29.0,Maintenance,,,True,False,True,4.0,158,Chhatrapati Sambhajinagar,SYNTHETIC_ADDED
EV1624,Georai EV Charging Station 1624,Jio-bp,Maharashtra,Georai,"MIDC Area 8, Georai",19.243655,75.722209,CHAdeMO,120,2,15.89,21.0,Available,,,False,False,True,5.0,139,Chhatrapati Sambhajinagar,SYNTHETIC_ADDED
EV1625,Ambajogai EV Charging Station 1625,Zeon Charging,Maharashtra,Ambajogai,"Station Rd 14, Ambajogai",18.758879,76.410535,Type 2,7,7,20.17,22.0,Available,,,False,True,True,3.0,120,Chhatrapati Sambhajinagar,SYNTHETIC_ADDED
EV1626,Nanded EV Charging Station 1626,ChargeZone,Maharashtra,Nanded,"Sector 10, Nanded",19.120459,77.310867,CHAdeMO,60,8,20.18,31.0,Busy,,,True,False,True,4.5,122,Chhatrapati Sambhajinagar,SYNTHETIC_ADDED
EV1627,Deglur EV Charging Station 1627,Jio-bp,Maharashtra,Deglur,"Highway Rd 11, Deglur",18.546285,77.568134,Type 2,7,8,16.14,21.0,Available,,,True,True,False,4.6,115,Chhatrapati Sambhajinagar,SYNTHETIC_ADDED
EV1628,Kandhar EV Charging Station 1628,Jio-bp,Maharashtra,Kandhar,"Market Yard 11, Kandhar",18.854094,77.153558,Type 2,15,5,14.12,11.0,Busy,,,True,True,True,4.4,215,Chhatrapati Sambhajinagar,SYNTHETIC_ADDED
EV1629,Latur EV Charging Station 1629,Magenta ChargeGrid,Maharashtra,Latur,"Station Rd 2, Latur",18.379022,76.535878,Type 2,120,2,10.21,39.0,Available,,,False,True,True,3.8,42,Chhatrapati Sambhajinagar,SYNTHETIC_ADDED
EV1630,Udgir EV Charging Station 1630,Jio-bp,Maharashtra,Udgir,"Highway Rd 28, Udgir",18.407699,77.101179,CHAdeMO,22,8,18.86,28.0,Available,,,True,False,False,4.7,18,Chhatrapati Sambhajinagar,SYNTHETIC_ADDED
EV1631,Ausa EV Charging Station 1631,MSEDCL Public Charging,Maharashtra,Ausa,"Market Yard 11, Ausa",18.251591,76.482354,CHAdeMO,7,5,16.08,35.0,Busy,,,True,False,True,4.4,25,Chhatrapati Sambhajinagar,SYNTHETIC_ADDED
EV1632,Osmanabad EV Charging Station 1632,Ather Grid,Maharashtra,Osmanabad,"MIDC Area 6, Osmanabad",18.199376,76.051629,CCS2,60,8,18.01,9.0,Available,,,False,True,True,3.8,234,Chhatrapati Sambhajinagar,SYNTHETIC_ADDED
EV1633,Tuljapur EV Charging Station 1633,Statiq,Maharashtra,Tuljapur,"Station Rd 4, Tuljapur",17.99758,76.097116,Type 2,30,6,15.73,25.0,Maintenance,,,True,True,True,3.4,51,Chhatrapati Sambhajinagar,SYNTHETIC_ADDED
EV1634,Pune EV Charging Station 1634,MSEDCL Public Charging,Maharashtra,Pune,"MIDC Area 1, Pune",18.499445,73.854029,Type 2,90,5,17.47,32.0,Available,Solapur-Pune,2,True,True,False,3.7,65,Pune,SYNTHETIC_ADDED
EV1635,Pimpri-Chinchwad EV Charging Station 1635,MSEDCL Public Charging,Maharashtra,Pimpri-Chinchwad,"Highway Rd 29, Pimpri-Chinchwad",18.65923,73.818333,CCS2,90,1,11.52,29.0,Maintenance,,,False,False,True,4.9,181,Pune,SYNTHETIC_ADDED
EV1636,Hinjawadi EV Charging Station 1636,Tata Power,Maharashtra,Hinjawadi,"Market Yard 29, Hinjawadi",18.574245,73.750867,AC,30,4,14.78,23.0,Busy,,,False,False,True,4.1,156,Pune,SYNTHETIC_ADDED
EV1637,Wakad EV Charging Station 1637,Tata Power,Maharashtra,Wakad,"MIDC Area 23, Wakad",18.569686,73.747472,AC,150,3,16.58,22.0,Available,,,False,True,True,4.5,134,Pune,SYNTHETIC_ADDED
EV1638,Hadapsar EV Charging Station 1638,Ather Grid,Maharashtra,Hadapsar,"Highway Rd 2, Hadapsar",18.528175,73.941764,CCS2,60,7,15.84,18.0,Maintenance,,,False,False,False,3.2,186,Pune,SYNTHETIC_ADDED
EV1639,Baner EV Charging Station 1639,Statiq,Maharashtra,Baner,"Market Yard 5, Baner",18.578644,73.76614,CCS2,30,8,14.87,14.0,Maintenance,,,False,False,True,3.0,13,Pune,SYNTHETIC_ADDED
EV1640,Chakan EV Charging Station 1640,Zeon Charging,Maharashtra,Chakan,"Market Yard 5, Chakan",18.779886,73.865647,AC,15,3,18.36,20.0,Maintenance,,,False,True,False,4.2,184,Pune,SYNTHETIC_ADDED
EV1641,Talegaon EV Charging Station 1641,Tata Power,Maharashtra,Talegaon,"Market Yard 26, Talegaon",18.753971,73.689488,CHAdeMO,150,3,15.11,27.0,Available,,,False,False,False,4.1,111,Pune,SYNTHETIC_ADDED
EV1642,Lonavala EV Charging Station 1642,Jio-bp,Maharashtra,Lonavala,"Sector 7, Lonavala",18.758188,73.401474,CHAdeMO,15,3,18.77,12.0,Maintenance,,,True,False,False,4.8,84,Pune,SYNTHETIC_ADDED
EV1643,Saswad EV Charging Station 1643,Jio-bp,Maharashtra,Saswad,"Market Yard 24, Saswad",18.323605,74.014567,Type 2,30,5,18.77,0.0,Busy,,,True,False,False,4.3,74,Pune,SYNTHETIC_ADDED
EV1644,Baramati EV Charging Station 1644,Jio-bp,Maharashtra,Baramati,"Market Yard 22, Baramati",18.126733,74.557165,AC,22,1,8.9,2.0,Busy,,,False,True,True,4.7,43,Pune,SYNTHETIC_ADDED
EV1645,Daund EV Charging Station 1645,Kazam,Maharashtra,Daund,"Highway Rd 7, Daund",18.471812,74.575453,AC,90,6,19.63,38.0,Maintenance,,,False,False,True,4.2,93,Pune,SYNTHETIC_ADDED
EV1646,Junnar EV Charging Station 1646,Magenta ChargeGrid,Maharashtra,Junnar,"Station Rd 15, Junnar",19.230313,73.874905,CHAdeMO,120,5,10.96,8.0,Maintenance,,,True,True,True,4.9,104,Pune,SYNTHETIC_ADDED
EV1647,Satara EV Charging Station 1647,Kazam,Maharashtra,Satara,"Market Yard 3, Satara",17.688152,74.040706,Type 2,90,2,20.44,0.0,Maintenance,,,True,False,True,4.2,111,Pune,SYNTHETIC_ADDED
EV1648,Karad EV Charging Station 1648,MSEDCL Public Charging,Maharashtra,Karad,"Sector 19, Karad",17.259213,74.153861,CHAdeMO,22,1,8.61,28.0,Busy,,,True,False,True,3.8,125,Pune,SYNTHETIC_ADDED
EV1649,Phaltan EV Charging Station 1649,ChargeZone,Maharashtra,Phaltan,"Market Yard 22, Phaltan",17.99522,74.409788,CHAdeMO,90,8,12.33,24.0,Busy,,,True,False,False,3.5,72,Pune,SYNTHETIC_ADDED
EV1650,Wai EV Charging Station 1650,MSEDCL Public Charging,Maharashtra,Wai,"Sector 12, Wai",17.932561,73.903785,AC,60,7,17.38,30.0,Busy,,,True,False,True,3.2,120,Pune,SYNTHETIC_ADDED
EV1651,Mahabaleshwar EV Charging Station 1651,Magenta ChargeGrid,Maharashtra,Mahabaleshwar,"Sector 17, Mahabaleshwar",17.960286,73.65888,CCS2,60,5,19.43,33.0,Available,,,True,False,True,3.7,218,Pune,SYNTHETIC_ADDED
EV1652,Sangli EV Charging Station 1652,Jio-bp,Maharashtra,Sangli,"Sector 13, Sangli",16.866501,74.580001,Type 2,150,1,20.88,1.0,Busy,,,False,True,True,4.9,221,Pune,SYNTHETIC_ADDED
EV1653,Miraj EV Charging Station 1653,Magenta ChargeGrid,Maharashtra,Miraj,"Market Yard 8, Miraj",16.828577,74.662289,CCS2,30,6,12.71,20.0,Busy,,,False,False,False,4.9,35,Pune,SYNTHETIC_ADDED
EV1654,Islampur EV Charging Station 1654,ChargeZone,Maharashtra,Islampur,"Sector 21, Islampur",17.075755,74.227435,DC Fast,120,7,10.06,14.0,Busy,,,False,False,True,3.6,234,Pune,SYNTHETIC_ADDED
EV1655,Vita EV Charging Station 1655,Zeon Charging,Maharashtra,Vita,"Station Rd 14, Vita",17.457509,74.530523,Type 2,120,8,12.87,23.0,Busy,,,False,True,False,3.0,181,Pune,SYNTHETIC_ADDED
EV1656,Kolhapur EV Charging Station 1656,Tata Power,Maharashtra,Kolhapur,"Highway Rd 16, Kolhapur",16.715259,74.214896,DC Fast,120,1,9.0,15.0,Maintenance,,,True,False,False,4.6,5,Pune,SYNTHETIC_ADDED
EV1657,Ichalkaranji EV Charging Station 1657,Magenta ChargeGrid,Maharashtra,Ichalkaranji,"Sector 6, Ichalkaranji",16.662039,74.44789,DC Fast,90,6,15.84,27.0,Busy,,,False,True,True,3.6,168,Pune,SYNTHETIC_ADDED
EV1658,Gadhinglaj EV Charging Station 1658,Ather Grid,Maharashtra,Gadhinglaj,"Station Rd 14, Gadhinglaj",16.232748,74.363377,Type 2,30,7,17.53,18.0,Busy,,,False,False,False,3.4,130,Pune,SYNTHETIC_ADDED
EV1659,Kagal EV Charging Station 1659,Ather Grid,Maharashtra,Kagal,"Station Rd 22, Kagal",16.597239,74.329177,CHAdeMO,15,3,12.63,11.0,Busy,,,False,True,False,4.3,60,Pune,SYNTHETIC_ADDED
EV1660,Solapur EV Charging Station 1660,Magenta ChargeGrid,Maharashtra,Solapur,"Sector 25, Solapur",17.675256,75.923408,AC,15,6,8.97,7.0,Busy,,,False,False,False,4.8,108,Pune,SYNTHETIC_ADDED
EV1661,Pandharpur EV Charging Station 1661,Kazam,Maharashtra,Pandharpur,"Sector 27, Pandharpur",17.677888,75.303443,DC Fast,90,7,13.86,0.0,Maintenance,,,False,False,False,4.7,73,Pune,SYNTHETIC_ADDED
EV1662,Barshi EV Charging Station 1662,MSEDCL Public Charging,Maharashtra,Barshi,"Sector 18, Barshi",18.235371,75.666132,CHAdeMO,120,6,17.4,5.0,Available,,,False,True,False,3.4,179,Pune,SYNTHETIC_ADDED
EV1663,Akkalkot EV Charging Station 1663,Kazam,Maharashtra,Akkalkot,"Sector 28, Akkalkot",17.522741,76.236024,Type 2,7,6,14.17,14.0,Busy,,,False,True,True,4.1,222,Pune,SYNTHETIC_ADDED
EV1664,Nashik EV Charging Station 1664,Kazam,Maharashtra,Nashik,"Station Rd 11, Nashik",20.023018,73.811288,Type 2,60,2,16.74,5.0,Busy,,,True,True,True,4.7,231,Nashik,SYNTHETIC_ADDED
EV1665,Ozar EV Charging Station 1665,Jio-bp,Maharashtra,Ozar,"Sector 1, Ozar",20.121091,73.90258,CCS2,22,3,10.5,29.0,Maintenance,,,True,True,False,4.6,89,Nashik,SYNTHETIC_ADDED
EV1666,Igatpuri EV Charging Station 1666,Statiq,Maharashtra,Igatpuri,"Market Yard 6, Igatpuri",19.705693,73.55045,DC Fast,15,5,12.72,27.0,Busy,,,False,False,False,3.5,156,Nashik,SYNTHETIC_ADDED
EV1667,Sinnar EV Charging Station 1667,Statiq,Maharashtra,Sinnar,"Station Rd 21, Sinnar",19.86602,73.988402,CCS2,90,4,9.64,7.0,Available,,,False,False,True,4.8,22,Nashik,SYNTHETIC_ADDED
EV1668,Malegaon EV Charging Station 1668,MSEDCL Public Charging,Maharashtra,Malegaon,"Sector 10, Malegaon",20.551955,74.528551,CCS2,60,1,20.48,22.0,Available,,,True,False,True,4.2,224,Nashik,SYNTHETIC_ADDED
EV1669,Manmad EV Charging Station 1669,ChargeZone,Maharashtra,Manmad,"Highway Rd 28, Manmad",20.256505,74.407895,CHAdeMO,60,4,21.28,37.0,Maintenance,,,False,False,True,3.9,101,Nashik,SYNTHETIC_ADDED
EV1670,Dhule EV Charging Station 1670,Kazam,Maharashtra,Dhule,"Sector 12, Dhule",20.878544,74.795188,CCS2,90,3,13.6,34.0,Maintenance,,,False,False,True,4.5,166,Nashik,SYNTHETIC_ADDED
EV1671,Shirpur EV Charging Station 1671,ChargeZone,Maharashtra,Shirpur,"Sector 5, Shirpur",21.340441,74.886992,Type 2,30,6,9.03,36.0,Available,,,False,False,False,4.6,234,Nashik,SYNTHETIC_ADDED
EV1672,Nandurbar EV Charging Station 1672,Kazam,Maharashtra,Nandurbar,"Station Rd 24, Nandurbar",21.346672,74.228738,CCS2,120,5,18.1,32.0,Available,,,True,False,True,4.8,71,Nashik,SYNTHETIC_ADDED
EV1673,Shahada EV Charging Station 1673,Kazam,Maharashtra,Shahada,"MIDC Area 5, Shahada",21.546531,74.480702,Type 2,7,4,15.66,1.0,Busy,,,False,False,True,4.9,223,Nashik,SYNTHETIC_ADDED
EV1674,Jalgaon EV Charging Station 1674,Ather Grid,Maharashtra,Jalgaon,"Sector 7, Jalgaon",21.002946,75.567556,CHAdeMO,30,3,21.31,32.0,Maintenance,,,True,False,True,4.4,180,Nashik,SYNTHETIC_ADDED
EV1675,Bhusawal EV Charging Station 1675,Magenta ChargeGrid,Maharashtra,Bhusawal,"Station Rd 16, Bhusawal",21.029292,75.774333,CHAdeMO,22,3,11.71,32.0,Busy,,,True,False,True,4.5,140,Nashik,SYNTHETIC_ADDED
EV1676,Chalisgaon EV Charging Station 1676,Jio-bp,Maharashtra,Chalisgaon,"Sector 24, Chalisgaon",20.470987,75.003134,CHAdeMO,90,5,17.09,17.0,Available,,,False,False,False,4.2,21,Nashik,SYNTHETIC_ADDED
EV1677,Amalner EV Charging Station 1677,Statiq,Maharashtra,Amalner,"Sector 15, Amalner",21.043886,75.04748,AC,15,6,18.26,18.0,Busy,,,False,True,False,4.9,112,Nashik,SYNTHETIC_ADDED
EV1678,Ahmednagar EV Charging Station 1678,Zeon Charging,Maharashtra,Ahmednagar,"Sector 17, Ahmednagar",19.078117,74.744911,CCS2,150,1,13.5,14.0,Busy,,,False,True,False,4.4,8,Nashik,SYNTHETIC_ADDED
EV1679,Shirdi EV Charging Station 1679,MSEDCL Public Charging,Maharashtra,Shirdi,"Market Yard 20, Shirdi",19.785465,74.447751,Type 2,150,3,10.59,27.0,Busy,,,True,False,True,3.2,58,Nashik,SYNTHETIC_ADDED
EV1680,Sangamner EV Charging Station 1680,Ather Grid,Maharashtra,Sangamner,"Sector 28, Sangamner",19.570237,74.24321,DC Fast,30,2,9.02,32.0,Maintenance,,,False,False,False,4.7,178,Nashik,SYNTHETIC_ADDED
EV1681,Kopargaon EV Charging Station 1681,ChargeZone,Maharashtra,Kopargaon,"MIDC Area 24, Kopargaon",19.867655,74.491209,DC Fast,7,6,12.12,26.0,Maintenance,,,True,False,True,3.9,240,Nashik,SYNTHETIC_ADDED
EV1682,Shrirampur EV Charging Station 1682,Kazam,Maharashtra,Shrirampur,"Station Rd 9, Shrirampur",19.588277,74.692131,Type 2,150,6,18.56,6.0,Busy,,,True,False,True,4.6,159,Nashik,SYNTHETIC_ADDED
EV1683,Chhatrapati Sambhajinagar EV Charging Station 1683,ChargeZone,Maharashtra,Chhatrapati Sambhajinagar,"Sector 30, Chhatrapati Sambhajinagar",19.883394,75.316581,AC,120,5,11.21,30.0,Maintenance,,,False,True,True,4.9,44,Chhatrapati Sambhajinagar,SYNTHETIC_ADDED
EV1684,Paithan EV Charging Station 1684,ChargeZone,Maharashtra,Paithan,"Sector 15, Paithan",19.45889,75.363365,CHAdeMO,120,8,21.17,20.0,Busy,,,False,False,False,4.3,26,Chhatrapati Sambhajinagar,SYNTHETIC_ADDED
EV1685,Vaijapur EV Charging Station 1685,Kazam,Maharashtra,Vaijapur,"MIDC Area 10, Vaijapur",19.928285,74.723754,Type 2,22,6,12.47,32.0,Available,,,True,False,True,3.4,10,Chhatrapati Sambhajinagar,SYNTHETIC_ADDED
EV1686,Kannad EV Charging Station 1686,Tata Power,Maharashtra,Kannad,"Station Rd 25, Kannad",20.253449,75.126458,AC,15,8,11.44,7.0,Maintenance,,,True,False,False,4.4,177,Chhatrapati Sambhajinagar,SYNTHETIC_ADDED
EV1687,Jalna EV Charging Station 1687,Jio-bp,Maharashtra,Jalna,"Station Rd 22, Jalna",19.862812,75.885813,Type 2,120,8,15.39,22.0,Available,,,False,False,True,3.7,26,Chhatrapati Sambhajinagar,SYNTHETIC_ADDED
EV1688,Ambad EV Charging Station 1688,Kazam,Maharashtra,Ambad,"Station Rd 27, Ambad",19.587736,75.778973,CCS2,120,6,8.96,6.0,Available,,,False,False,False,3.9,53,Chhatrapati Sambhajinagar,SYNTHETIC_ADDED
EV1689,Parbhani EV Charging Station 1689,Jio-bp,Maharashtra,Parbhani,"Station Rd 7, Parbhani",19.235288,76.750097,Type 2,22,2,10.31,39.0,Busy,,,False,False,False,3.9,210,Chhatrapati Sambhajinagar,SYNTHETIC_ADDED
EV1690,Gangakhed EV Charging Station 1690,Tata Power,Maharashtra,Gangakhed,"Highway Rd 19, Gangakhed",18.971529,76.756254,CCS2,7,4,19.97,33.0,Busy,,,True,True,False,4.9,77,Chhatrapati Sambhajinagar,SYNTHETIC_ADDED
EV1691,Hingoli EV Charging Station 1691,Zeon Charging,Maharashtra,Hingoli,"MIDC Area 30, Hingoli",19.705449,77.133093,CHAdeMO,22,1,21.27,22.0,Maintenance,,,True,False,True,3.3,77,Chhatrapati Sambhajinagar,SYNTHETIC_ADDED
EV1692,Kalamnuri EV Charging Station 1692,Magenta ChargeGrid,Maharashtra,Kalamnuri,"MIDC Area 16, Kalamnuri",19.913956,77.351286,AC,7,5,12.65,0.0,Available,,,True,True,False,4.0,3,Chhatrapati Sambhajinagar,SYNTHETIC_ADDED
EV1693,Beed EV Charging Station 1693,Kazam,Maharashtra,Beed,"Station Rd 21, Beed",18.994566,75.747534,AC,7,3,15.14,21.0,Maintenance,,,True,False,False,4.0,209,Chhatrapati Sambhajinagar,SYNTHETIC_ADDED
EV1694,Georai EV Charging Station 1694,Ather Grid,Maharashtra,Georai,"MIDC Area 5, Georai",19.24482,75.724729,CCS2,15,6,20.97,37.0,Available,,,True,False,True,3.4,29,Chhatrapati Sambhajinagar,SYNTHETIC_ADDED
EV1695,Ambajogai EV Charging Station 1695,Zeon Charging,Maharashtra,Ambajogai,"Sector 17, Ambajogai",18.718904,76.397867,AC,90,2,9.57,4.0,Available,,,True,False,False,4.0,239,Chhatrapati Sambhajinagar,SYNTHETIC_ADDED
EV1696,Nanded EV Charging Station 1696,MSEDCL Public Charging,Maharashtra,Nanded,"Sector 22, Nanded",19.16542,77.334137,Type 2,22,5,8.78,8.0,Available,,,True,False,False,3.3,78,Chhatrapati Sambhajinagar,SYNTHETIC_ADDED
EV1697,Deglur EV Charging Station 1697,Tata Power,Maharashtra,Deglur,"Station Rd 29, Deglur",18.561087,77.590537,CCS2,15,3,20.39,39.0,Available,,,True,False,False,3.9,62,Chhatrapati Sambhajinagar,SYNTHETIC_ADDED
EV1698,Kandhar EV Charging Station 1698,Magenta ChargeGrid,Maharashtra,Kandhar,"Sector 12, Kandhar",18.855211,77.140744,CHAdeMO,120,2,14.43,10.0,Busy,,,True,True,False,4.6,225,Chhatrapati Sambhajinagar,SYNTHETIC_ADDED
EV1699,Latur EV Charging Station 1699,Tata Power,Maharashtra,Latur,"Sector 11, Latur",18.426764,76.533919,CHAdeMO,60,7,9.42,31.0,Busy,,,False,False,False,4.3,238,Chhatrapati Sambhajinagar,SYNTHETIC_ADDED
EV1700,Udgir EV Charging Station 1700,Kazam,Maharashtra,Udgir,"Station Rd 10, Udgir",18.407375,77.103355,Type 2,7,1,19.87,9.0,Busy,,,True,False,True,4.3,156,Chhatrapati Sambhajinagar,SYNTHETIC_ADDED
EV1701,Ausa EV Charging Station 1701,Jio-bp,Maharashtra,Ausa,"MIDC Area 2, Ausa",18.22791,76.475505,CCS2,150,3,14.7,24.0,Available,,,False,False,False,3.8,148,Chhatrapati Sambhajinagar,SYNTHETIC_ADDED
EV1702,Osmanabad EV Charging Station 1702,Magenta ChargeGrid,Maharashtra,Osmanabad,"Sector 18, Osmanabad",18.169075,76.026434,CHAdeMO,15,4,17.14,18.0,Busy,,,True,True,True,4.3,247,Chhatrapati Sambhajinagar,SYNTHETIC_ADDED
EV1703,Tuljapur EV Charging Station 1703,MSEDCL Public Charging,Maharashtra,Tuljapur,"Market Yard 1, Tuljapur",17.996973,76.077775,CCS2,22,7,15.46,1.0,Maintenance,,,False,True,True,4.5,116,Chhatrapati Sambhajinagar,SYNTHETIC_ADDED
EV1704,Pune EV Charging Station 1704,ChargeZone,Maharashtra,Pune,"Highway Rd 5, Pune",18.544701,73.849094,CHAdeMO,30,8,15.76,8.0,Available,,,True,False,True,4.8,35,Pune,SYNTHETIC_ADDED
EV1705,Pimpri-Chinchwad EV Charging Station 1705,Ather Grid,Maharashtra,Pimpri-Chinchwad,"Sector 8, Pimpri-Chinchwad",18.615003,73.769997,DC Fast,60,2,20.15,28.0,Available,,,True,True,False,3.3,34,Pune,SYNTHETIC_ADDED
EV1706,Hinjawadi EV Charging Station 1706,Jio-bp,Maharashtra,Hinjawadi,"Highway Rd 24, Hinjawadi",18.599026,73.711685,AC,60,7,11.0,34.0,Available,,,True,False,True,5.0,65,Pune,SYNTHETIC_ADDED
EV1707,Wakad EV Charging Station 1707,Tata Power,Maharashtra,Wakad,"MIDC Area 18, Wakad",18.620844,73.761105,DC Fast,150,7,9.31,3.0,Maintenance,,,False,False,True,3.8,227,Pune,SYNTHETIC_ADDED
EV1708,Hadapsar EV Charging Station 1708,MSEDCL Public Charging,Maharashtra,Hadapsar,"Sector 17, Hadapsar",18.500606,73.9217,AC,60,2,11.06,36.0,Available,,,False,True,True,3.5,42,Pune,SYNTHETIC_ADDED
EV1709,Baner EV Charging Station 1709,Magenta ChargeGrid,Maharashtra,Baner,"MIDC Area 25, Baner",18.569028,73.790764,CCS2,60,7,13.48,34.0,Maintenance,,,False,False,True,3.1,23,Pune,SYNTHETIC_ADDED
EV1710,Chakan EV Charging Station 1710,ChargeZone,Maharashtra,Chakan,"Highway Rd 15, Chakan",18.753203,73.873947,AC,30,4,20.77,10.0,Busy,,,True,False,False,3.6,162,Pune,SYNTHETIC_ADDED
EV1711,Talegaon EV Charging Station 1711,Ather Grid,Maharashtra,Talegaon,"Highway Rd 3, Talegaon",18.758455,73.648623,DC Fast,90,1,11.88,14.0,Busy,,,False,False,False,4.7,158,Pune,SYNTHETIC_ADDED
EV1712,Lonavala EV Charging Station 1712,Statiq,Maharashtra,Lonavala,"Sector 4, Lonavala",18.773479,73.415324,AC,7,1,15.58,10.0,Busy,,,True,False,False,3.5,153,Pune,SYNTHETIC_ADDED
EV1713,Saswad EV Charging Station 1713,Magenta ChargeGrid,Maharashtra,Saswad,"MIDC Area 16, Saswad",18.357752,74.02683,CHAdeMO,22,3,14.43,6.0,Maintenance,,,False,False,False,4.0,117,Pune,SYNTHETIC_ADDED
EV1714,Baramati EV Charging Station 1714,Zeon Charging,Maharashtra,Baramati,"Station Rd 4, Baramati",18.158051,74.592749,AC,15,7,13.82,22.0,Available,,,False,False,True,4.3,145,Pune,SYNTHETIC_ADDED
EV1715,Daund EV Charging Station 1715,Jio-bp,Maharashtra,Daund,"Market Yard 18, Daund",18.489572,74.570651,DC Fast,150,2,21.44,4.0,Maintenance,,,False,False,True,4.4,143,Pune,SYNTHETIC_ADDED
EV1716,Junnar EV Charging Station 1716,Jio-bp,Maharashtra,Junnar,"Highway Rd 8, Junnar",19.21736,73.89547,CCS2,150,7,15.03,8.0,Busy,,,True,True,True,3.4,23,Pune,SYNTHETIC_ADDED
EV1717,Satara EV Charging Station 1717,Statiq,Maharashtra,Satara,"Sector 8, Satara",17.675622,74.021781,CHAdeMO,22,3,12.95,13.0,Maintenance,,,False,True,False,4.0,43,Pune,SYNTHETIC_ADDED
EV1718,Karad EV Charging Station 1718,Magenta ChargeGrid,Maharashtra,Karad,"Station Rd 10, Karad",17.259266,74.203227,CCS2,7,2,21.2,5.0,Available,,,True,False,False,4.4,87,Pune,SYNTHETIC_ADDED
EV1719,Phaltan EV Charging Station 1719,Magenta ChargeGrid,Maharashtra,Phaltan,"MIDC Area 6, Phaltan",17.983401,74.404644,CHAdeMO,150,1,10.58,15.0,Busy,,,False,True,True,4.5,108,Pune,SYNTHETIC_ADDED
EV1720,Wai EV Charging Station 1720,Magenta ChargeGrid,Maharashtra,Wai,"Station Rd 23, Wai",17.93668,73.87613,AC,22,8,20.76,29.0,Busy,,,False,False,False,3.1,222,Pune,SYNTHETIC_ADDED
EV1721,Mahabaleshwar EV Charging Station 1721,Kazam,Maharashtra,Mahabaleshwar,"Highway Rd 24, Mahabaleshwar",17.927482,73.618349,CHAdeMO,30,7,18.96,22.0,Busy,,,False,False,True,3.3,68,Pune,SYNTHETIC_ADDED
EV1722,Sangli EV Charging Station 1722,Statiq,Maharashtra,Sangli,"Station Rd 8, Sangli",16.829031,74.568728,DC Fast,7,8,9.2,18.0,Busy,,,True,False,True,3.4,205,Pune,SYNTHETIC_ADDED
EV1723,Miraj EV Charging Station 1723,Ather Grid,Maharashtra,Miraj,"Station Rd 7, Miraj",16.829069,74.661616,AC,7,8,18.13,33.0,Maintenance,,,False,True,True,3.8,202,Pune,SYNTHETIC_ADDED
EV1724,Islampur EV Charging Station 1724,ChargeZone,Maharashtra,Islampur,"MIDC Area 24, Islampur",17.048193,74.227179,DC Fast,15,1,15.58,40.0,Available,,,True,False,False,3.1,49,Pune,SYNTHETIC_ADDED
EV1725,Vita EV Charging Station 1725,Magenta ChargeGrid,Maharashtra,Vita,"Market Yard 17, Vita",17.426099,74.524174,Type 2,150,3,10.97,35.0,Available,,,False,False,False,3.0,198,Pune,SYNTHETIC_ADDED
EV1726,Kolhapur EV Charging Station 1726,Magenta ChargeGrid,Maharashtra,Kolhapur,"Highway Rd 29, Kolhapur",16.715428,74.259204,Type 2,60,3,15.27,29.0,Available,,,True,False,False,4.6,71,Pune,SYNTHETIC_ADDED
EV1727,Ichalkaranji EV Charging Station 1727,Magenta ChargeGrid,Maharashtra,Ichalkaranji,"Sector 10, Ichalkaranji",16.697866,74.436472,DC Fast,90,4,12.22,40.0,Busy,,,False,True,False,3.4,120,Pune,SYNTHETIC_ADDED
EV1728,Gadhinglaj EV Charging Station 1728,Jio-bp,Maharashtra,Gadhinglaj,"Station Rd 26, Gadhinglaj",16.217992,74.374717,AC,7,5,16.77,32.0,Busy,,,True,False,True,3.7,101,Pune,SYNTHETIC_ADDED
EV1729,Kagal EV Charging Station 1729,MSEDCL Public Charging,Maharashtra,Kagal,"Highway Rd 21, Kagal",16.59581,74.299415,CHAdeMO,120,7,16.06,37.0,Maintenance,,,True,False,False,4.8,128,Pune,SYNTHETIC_ADDED
EV1730,Solapur EV Charging Station 1730,Tata Power,Maharashtra,Solapur,"Station Rd 19, Solapur",17.633573,75.892566,CHAdeMO,90,3,10.78,12.0,Busy,Solapur-Pune,1,False,False,True,4.2,165,Pune,SYNTHETIC_ADDED
EV1731,Pandharpur EV Charging Station 1731,MSEDCL Public Charging,Maharashtra,Pandharpur,"Market Yard 10, Pandharpur",17.651403,75.331401,Type 2,150,8,15.32,6.0,Available,,,True,False,True,4.6,212,Pune,SYNTHETIC_ADDED
EV1732,Barshi EV Charging Station 1732,Statiq,Maharashtra,Barshi,"MIDC Area 17, Barshi",18.236495,75.672003,CHAdeMO,30,2,13.93,14.0,Busy,,,False,False,True,4.8,174,Pune,SYNTHETIC_ADDED
EV1733,Akkalkot EV Charging Station 1733,Jio-bp,Maharashtra,Akkalkot,"Station Rd 27, Akkalkot",17.537091,76.209958,Type 2,30,5,9.48,0.0,Busy,,,False,False,False,3.2,218,Pune,SYNTHETIC_ADDED
EV1734,Nashik EV Charging Station 1734,Jio-bp,Maharashtra,Nashik,"Highway Rd 11, Nashik",20.001427,73.812441,CHAdeMO,30,1,15.51,0.0,Available,,,False,False,False,3.7,235,Nashik,SYNTHETIC_ADDED
EV1735,Ozar EV Charging Station 1735,Kazam,Maharashtra,Ozar,"Sector 18, Ozar",20.09887,73.943068,CHAdeMO,7,6,13.97,27.0,Maintenance,,,True,False,False,4.0,10,Nashik,SYNTHETIC_ADDED
EV1736,Igatpuri EV Charging Station 1736,Tata Power,Maharashtra,Igatpuri,"Station Rd 2, Igatpuri",19.685839,73.5789,AC,150,5,18.22,2.0,Busy,,,False,False,False,4.4,219,Nashik,SYNTHETIC_ADDED
EV1737,Sinnar EV Charging Station 1737,ChargeZone,Maharashtra,Sinnar,"MIDC Area 25, Sinnar",19.83993,73.993961,CHAdeMO,60,3,9.56,27.0,Busy,,,False,False,False,4.1,189,Nashik,SYNTHETIC_ADDED
EV1738,Malegaon EV Charging Station 1738,Kazam,Maharashtra,Malegaon,"MIDC Area 10, Malegaon",20.558605,74.536899,AC,22,2,20.35,24.0,Busy,,,True,False,False,3.1,146,Nashik,SYNTHETIC_ADDED
EV1739,Manmad EV Charging Station 1739,Kazam,Maharashtra,Manmad,"MIDC Area 11, Manmad",20.25596,74.415344,Type 2,90,2,13.56,26.0,Busy,,,True,False,True,3.6,99,Nashik,SYNTHETIC_ADDED
EV1740,Dhule EV Charging Station 1740,Statiq,Maharashtra,Dhule,"Sector 2, Dhule",20.895391,74.77037,AC,60,5,16.14,38.0,Available,,,False,False,False,3.7,220,Nashik,SYNTHETIC_ADDED
EV1741,Shirpur EV Charging Station 1741,Kazam,Maharashtra,Shirpur,"MIDC Area 18, Shirpur",21.36205,74.885108,CHAdeMO,120,6,9.24,18.0,Busy,,,False,False,False,3.8,133,Nashik,SYNTHETIC_ADDED
EV1742,Nandurbar EV Charging Station 1742,ChargeZone,Maharashtra,Nandurbar,"Highway Rd 17, Nandurbar",21.366925,74.266469,Type 2,15,8,18.65,12.0,Busy,,,False,True,False,3.1,189,Nashik,SYNTHETIC_ADDED
EV1743,Shahada EV Charging Station 1743,Statiq,Maharashtra,Shahada,"Highway Rd 15, Shahada",21.541066,74.490825,DC Fast,120,5,10.59,34.0,Available,,,False,True,False,3.1,164,Nashik,SYNTHETIC_ADDED
EV1744,Jalgaon EV Charging Station 1744,Kazam,Maharashtra,Jalgaon,"Sector 27, Jalgaon",20.99449,75.553818,Type 2,120,2,14.44,23.0,Maintenance,,,False,True,False,5.0,4,Nashik,SYNTHETIC_ADDED
EV1745,Bhusawal EV Charging Station 1745,Ather Grid,Maharashtra,Bhusawal,"Sector 25, Bhusawal",21.0686,75.770295,CHAdeMO,15,1,14.37,13.0,Maintenance,,,True,True,True,4.5,122,Nashik,SYNTHETIC_ADDED
EV1746,Chalisgaon EV Charging Station 1746,ChargeZone,Maharashtra,Chalisgaon,"Market Yard 25, Chalisgaon",20.473526,75.006083,AC,120,2,21.21,4.0,Available,,,False,True,False,4.8,134,Nashik,SYNTHETIC_ADDED
EV1747,Amalner EV Charging Station 1747,Jio-bp,Maharashtra,Amalner,"Highway Rd 14, Amalner",21.018318,75.022319,CCS2,22,1,18.87,22.0,Available,,,False,False,True,4.0,78,Nashik,SYNTHETIC_ADDED
EV1748,Ahmednagar EV Charging Station 1748,Kazam,Maharashtra,Ahmednagar,"Sector 26, Ahmednagar",19.104423,74.720546,Type 2,120,4,16.45,17.0,Busy,,,False,False,True,4.7,175,Nashik,SYNTHETIC_ADDED
EV1749,Shirdi EV Charging Station 1749,MSEDCL Public Charging,Maharashtra,Shirdi,"Sector 21, Shirdi",19.779477,74.456197,CHAdeMO,15,2,12.49,16.0,Busy,,,False,False,True,3.4,210,Nashik,SYNTHETIC_ADDED
EV1750,Sangamner EV Charging Station 1750,MSEDCL Public Charging,Maharashtra,Sangamner,"MIDC Area 13, Sangamner",19.555199,74.204036,CCS2,90,5,9.68,29.0,Busy,,,False,False,True,4.0,212,Nashik,SYNTHETIC_ADDED
EV1751,Kopargaon EV Charging Station 1751,MSEDCL Public Charging,Maharashtra,Kopargaon,"Sector 22, Kopargaon",19.8938,74.485271,CCS2,30,3,20.1,2.0,Available,,,False,False,False,3.6,155,Nashik,SYNTHETIC_ADDED
EV1752,Shrirampur EV Charging Station 1752,Statiq,Maharashtra,Shrirampur,"Highway Rd 6, Shrirampur",19.602763,74.645015,CCS2,60,6,17.62,39.0,Busy,,,False,False,True,3.3,56,Nashik,SYNTHETIC_ADDED
EV1753,Chhatrapati Sambhajinagar EV Charging Station 1753,ChargeZone,Maharashtra,Chhatrapati Sambhajinagar,"MIDC Area 22, Chhatrapati Sambhajinagar",19.88429,75.339054,DC Fast,120,6,15.15,24.0,Available,,,False,False,False,3.5,183,Chhatrapati Sambhajinagar,SYNTHETIC_ADDED
EV1754,Paithan EV Charging Station 1754,Kazam,Maharashtra,Paithan,"Station Rd 23, Paithan",19.471775,75.356022,AC,15,8,17.61,5.0,Busy,,,False,True,False,3.3,43,Chhatrapati Sambhajinagar,SYNTHETIC_ADDED
EV1755,Vaijapur EV Charging Station 1755,ChargeZone,Maharashtra,Vaijapur,"Station Rd 26, Vaijapur",19.943561,74.760774,Type 2,60,2,10.51,14.0,Available,,,False,False,True,4.1,234,Chhatrapati Sambhajinagar,SYNTHETIC_ADDED
EV1756,Kannad EV Charging Station 1756,Tata Power,Maharashtra,Kannad,"Market Yard 12, Kannad",20.287054,75.116759,CCS2,30,3,10.37,1.0,Busy,,,False,False,True,3.0,193,Chhatrapati Sambhajinagar,SYNTHETIC_ADDED
EV1757,Jalna EV Charging Station 1757,ChargeZone,Maharashtra,Jalna,"Station Rd 20, Jalna",19.843501,75.898031,AC,120,7,9.88,10.0,Busy,,,False,True,True,4.5,214,Chhatrapati Sambhajinagar,SYNTHETIC_ADDED
EV1758,Ambad EV Charging Station 1758,Statiq,Maharashtra,Ambad,"Highway Rd 28, Ambad",19.639272,75.806327,AC,22,8,14.35,28.0,Busy,,,False,False,True,4.4,76,Chhatrapati Sambhajinagar,SYNTHETIC_ADDED
EV1759,Parbhani EV Charging Station 1759,Jio-bp,Maharashtra,Parbhani,"Station Rd 28, Parbhani",19.233021,76.761965,CCS2,15,6,13.32,6.0,Maintenance,,,False,False,False,3.7,69,Chhatrapati Sambhajinagar,SYNTHETIC_ADDED
EV1760,Gangakhed EV Charging Station 1760,Magenta ChargeGrid,Maharashtra,Gangakhed,"Highway Rd 14, Gangakhed",18.944881,76.749925,AC,15,3,17.57,5.0,Maintenance,,,False,False,False,3.5,5,Chhatrapati Sambhajinagar,SYNTHETIC_ADDED
EV1761,Hingoli EV Charging Station 1761,MSEDCL Public Charging,Maharashtra,Hingoli,"MIDC Area 18, Hingoli",19.745774,77.148174,CCS2,7,4,16.41,21.0,Busy,,,True,False,True,3.2,17,Chhatrapati Sambhajinagar,SYNTHETIC_ADDED
EV1762,Kalamnuri EV Charging Station 1762,Kazam,Maharashtra,Kalamnuri,"Market Yard 1, Kalamnuri",19.910777,77.34825,DC Fast,7,3,9.35,9.0,Busy,,,True,False,False,3.2,223,Chhatrapati Sambhajinagar,SYNTHETIC_ADDED
EV1763,Beed EV Charging Station 1763,ChargeZone,Maharashtra,Beed,"Sector 25, Beed",18.982621,75.787277,CHAdeMO,30,5,9.59,1.0,Busy,,,True,True,True,3.7,99,Chhatrapati Sambhajinagar,SYNTHETIC_ADDED
EV1764,Georai EV Charging Station 1764,Tata Power,Maharashtra,Georai,"Station Rd 24, Georai",19.289732,75.763357,Type 2,15,7,14.89,19.0,Busy,,,False,False,False,4.2,217,Chhatrapati Sambhajinagar,SYNTHETIC_ADDED
EV1765,Ambajogai EV Charging Station 1765,Jio-bp,Maharashtra,Ambajogai,"Highway Rd 19, Ambajogai",18.739221,76.362965,CCS2,120,5,16.46,8.0,Maintenance,,,False,False,True,4.7,96,Chhatrapati Sambhajinagar,SYNTHETIC_ADDED
EV1766,Nanded EV Charging Station 1766,Jio-bp,Maharashtra,Nanded,"Highway Rd 14, Nanded",19.15336,77.298795,DC Fast,150,3,9.91,6.0,Maintenance,,,False,False,False,4.2,119,Chhatrapati Sambhajinagar,SYNTHETIC_ADDED
EV1767,Deglur EV Charging Station 1767,MSEDCL Public Charging,Maharashtra,Deglur,"Station Rd 3, Deglur",18.527778,77.574897,CCS2,15,8,11.96,17.0,Maintenance,,,True,True,False,4.6,117,Chhatrapati Sambhajinagar,SYNTHETIC_ADDED
EV1768,Kandhar EV Charging Station 1768,MSEDCL Public Charging,Maharashtra,Kandhar,"Station Rd 7, Kandhar",18.83731,77.148888,Type 2,120,8,20.84,15.0,Busy,,,True,False,True,4.4,222,Chhatrapati Sambhajinagar,SYNTHETIC_ADDED
EV1769,Latur EV Charging Station 1769,Jio-bp,Maharashtra,Latur,"Market Yard 7, Latur",18.430298,76.540179,Type 2,30,3,17.83,32.0,Maintenance,,,False,False,True,4.9,232,Chhatrapati Sambhajinagar,SYNTHETIC_ADDED
EV1770,Udgir EV Charging Station 1770,Ather Grid,Maharashtra,Udgir,"Sector 9, Udgir",18.395891,77.103348,CCS2,90,4,21.03,11.0,Busy,,,False,True,True,4.1,189,Chhatrapati Sambhajinagar,SYNTHETIC_ADDED
EV1771,Ausa EV Charging Station 1771,MSEDCL Public Charging,Maharashtra,Ausa,"Market Yard 2, Ausa",18.263394,76.470906,DC Fast,22,2,13.8,0.0,Busy,,,True,False,True,4.7,240,Chhatrapati Sambhajinagar,SYNTHETIC_ADDED
EV1772,Osmanabad EV Charging Station 1772,Tata Power,Maharashtra,Osmanabad,"MIDC Area 23, Osmanabad",18.211171,76.053851,Type 2,120,1,21.4,28.0,Busy,,,True,False,False,4.0,4,Chhatrapati Sambhajinagar,SYNTHETIC_ADDED
EV1773,Tuljapur EV Charging Station 1773,ChargeZone,Maharashtra,Tuljapur,"Station Rd 3, Tuljapur",18.028879,76.099387,AC,15,3,20.41,16.0,Available,,,True,True,False,3.3,189,Chhatrapati Sambhajinagar,SYNTHETIC_ADDED
EV1774,Pune EV Charging Station 1774,Kazam,Maharashtra,Pune,"Station Rd 12, Pune",18.506176,73.830966,DC Fast,150,4,11.14,2.0,Busy,,,True,False,True,3.9,41,Pune,SYNTHETIC_ADDED
EV1775,Pimpri-Chinchwad EV Charging Station 1775,Magenta ChargeGrid,Maharashtra,Pimpri-Chinchwad,"Highway Rd 12, Pimpri-Chinchwad",18.622905,73.799275,CCS2,150,2,16.32,15.0,Maintenance,,,False,False,False,3.4,79,Pune,SYNTHETIC_ADDED
EV1776,Hinjawadi EV Charging Station 1776,Kazam,Maharashtra,Hinjawadi,"Market Yard 14, Hinjawadi",18.57957,73.727596,AC,30,5,21.31,15.0,Busy,,,False,True,True,3.9,9,Pune,SYNTHETIC_ADDED
EV1777,Wakad EV Charging Station 1777,Tata Power,Maharashtra,Wakad,"MIDC Area 10, Wakad",18.619001,73.775597,CCS2,15,5,19.47,34.0,Busy,,,False,True,True,4.0,187,Pune,SYNTHETIC_ADDED
EV1778,Hadapsar EV Charging Station 1778,Zeon Charging,Maharashtra,Hadapsar,"Station Rd 14, Hadapsar",18.516482,73.90123,AC,15,3,12.01,10.0,Maintenance,,,False,False,False,4.5,59,Pune,SYNTHETIC_ADDED
EV1779,Baner EV Charging Station 1779,Jio-bp,Maharashtra,Baner,"Market Yard 20, Baner",18.554847,73.815786,AC,30,6,18.71,32.0,Busy,,,True,True,False,4.6,116,Pune,SYNTHETIC_ADDED
EV1780,Chakan EV Charging Station 1780,Zeon Charging,Maharashtra,Chakan,"Market Yard 27, Chakan",18.735389,73.873603,CHAdeMO,15,7,8.52,34.0,Busy,,,False,False,False,3.1,167,Pune,SYNTHETIC_ADDED
EV1781,Talegaon EV Charging Station 1781,Jio-bp,Maharashtra,Talegaon,"Highway Rd 21, Talegaon",18.735504,73.657205,DC Fast,15,1,19.09,15.0,Busy,,,True,False,False,3.9,171,Pune,SYNTHETIC_ADDED
EV1782,Lonavala EV Charging Station 1782,Statiq,Maharashtra,Lonavala,"Market Yard 17, Lonavala",18.738528,73.405504,AC,120,8,19.56,26.0,Available,,,False,False,True,3.5,157,Pune,SYNTHETIC_ADDED
EV1783,Saswad EV Charging Station 1783,ChargeZone,Maharashtra,Saswad,"Highway Rd 17, Saswad",18.353483,74.039066,Type 2,90,1,14.76,5.0,Available,,,True,False,True,4.5,237,Pune,SYNTHETIC_ADDED
EV1784,Baramati EV Charging Station 1784,Zeon Charging,Maharashtra,Baramati,"Highway Rd 7, Baramati",18.146212,74.572771,CHAdeMO,150,4,9.53,20.0,Maintenance,,,False,False,False,4.2,191,Pune,SYNTHETIC_ADDED
EV1785,Daund EV Charging Station 1785,ChargeZone,Maharashtra,Daund,"Station Rd 6, Daund",18.463659,74.555199,CCS2,7,1,9.98,27.0,Busy,,,False,False,False,3.7,47,Pune,SYNTHETIC_ADDED
EV1786,Junnar EV Charging Station 1786,Kazam,Maharashtra,Junnar,"Station Rd 8, Junnar",19.2298,73.878164,AC,15,7,14.76,7.0,Busy,,,True,False,True,4.7,207,Pune,SYNTHETIC_ADDED
EV1787,Satara EV Charging Station 1787,Zeon Charging,Maharashtra,Satara,"Market Yard 22, Satara",17.686299,74.041084,CHAdeMO,30,4,21.32,17.0,Busy,,,False,True,False,3.9,247,Pune,SYNTHETIC_ADDED
EV1788,Karad EV Charging Station 1788,Tata Power,Maharashtra,Karad,"Market Yard 25, Karad",17.310477,74.170724,DC Fast,15,1,11.84,2.0,Busy,,,False,False,False,3.8,195,Pune,SYNTHETIC_ADDED
EV1789,Phaltan EV Charging Station 1789,MSEDCL Public Charging,Maharashtra,Phaltan,"Highway Rd 29, Phaltan",17.981254,74.434383,CHAdeMO,150,7,13.31,28.0,Busy,,,False,True,True,4.6,153,Pune,SYNTHETIC_ADDED
EV1790,Wai EV Charging Station 1790,Ather Grid,Maharashtra,Wai,"Market Yard 28, Wai",17.939203,73.883316,Type 2,30,6,18.39,32.0,Busy,,,False,False,True,4.1,141,Pune,SYNTHETIC_ADDED
EV1791,Mahabaleshwar EV Charging Station 1791,Tata Power,Maharashtra,Mahabaleshwar,"Highway Rd 7, Mahabaleshwar",17.94881,73.637101,AC,15,7,17.97,10.0,Maintenance,,,False,False,True,4.0,172,Pune,SYNTHETIC_ADDED
EV1792,Sangli EV Charging Station 1792,Jio-bp,Maharashtra,Sangli,"MIDC Area 14, Sangli",16.855302,74.563174,AC,30,7,21.16,14.0,Maintenance,,,True,False,False,4.4,153,Pune,SYNTHETIC_ADDED
EV1793,Miraj EV Charging Station 1793,Magenta ChargeGrid,Maharashtra,Miraj,"Sector 13, Miraj",16.854732,74.656465,DC Fast,7,5,19.39,1.0,Available,,,False,True,False,3.7,207,Pune,SYNTHETIC_ADDED
EV1794,Islampur EV Charging Station 1794,Ather Grid,Maharashtra,Islampur,"Market Yard 21, Islampur",17.062327,74.221776,CHAdeMO,30,8,15.82,33.0,Maintenance,,,True,True,True,3.5,36,Pune,SYNTHETIC_ADDED
EV1795,Vita EV Charging Station 1795,MSEDCL Public Charging,Maharashtra,Vita,"Sector 5, Vita",17.423773,74.53257,DC Fast,22,8,10.21,3.0,Maintenance,,,False,False,True,3.0,59,Pune,SYNTHETIC_ADDED
EV1796,Kolhapur EV Charging Station 1796,Magenta ChargeGrid,Maharashtra,Kolhapur,"Station Rd 15, Kolhapur",16.682672,74.222489,CCS2,150,6,12.6,38.0,Available,,,False,False,True,4.2,15,Pune,SYNTHETIC_ADDED
EV1797,Ichalkaranji EV Charging Station 1797,Tata Power,Maharashtra,Ichalkaranji,"Highway Rd 23, Ichalkaranji",16.714872,74.457162,CHAdeMO,22,6,19.87,34.0,Busy,,,True,False,True,3.6,137,Pune,SYNTHETIC_ADDED
EV1798,Gadhinglaj EV Charging Station 1798,Jio-bp,Maharashtra,Gadhinglaj,"Sector 18, Gadhinglaj",16.231571,74.346411,AC,22,5,18.44,40.0,Available,,,True,True,True,3.6,230,Pune,SYNTHETIC_ADDED
EV1799,Kagal EV Charging Station 1799,MSEDCL Public Charging,Maharashtra,Kagal,"Market Yard 13, Kagal",16.599384,74.317362,DC Fast,30,8,18.46,8.0,Maintenance,,,True,True,True,3.9,238,Pune,SYNTHETIC_ADDED
EV1800,Solapur EV Charging Station 1800,Magenta ChargeGrid,Maharashtra,Solapur,"Highway Rd 4, Solapur",17.683022,75.877898,CCS2,90,7,20.42,34.0,Busy,,,True,False,True,4.5,157,Pune,SYNTHETIC_ADDED
EV1801,Pandharpur EV Charging Station 1801,Ather Grid,Maharashtra,Pandharpur,"Station Rd 5, Pandharpur",17.696904,75.355185,AC,120,3,12.93,18.0,Maintenance,,,False,False,True,4.5,115,Pune,SYNTHETIC_ADDED
EV1802,Barshi EV Charging Station 1802,Tata Power,Maharashtra,Barshi,"MIDC Area 21, Barshi",18.211272,75.688451,CHAdeMO,7,1,17.05,0.0,Available,,,False,False,False,4.4,29,Pune,SYNTHETIC_ADDED
EV1803,Akkalkot EV Charging Station 1803,Kazam,Maharashtra,Akkalkot,"Highway Rd 30, Akkalkot",17.519668,76.219012,CHAdeMO,22,1,11.73,39.0,Available,,,False,True,True,4.6,55,Pune,SYNTHETIC_ADDED
EV1804,Nashik EV Charging Station 1804,Jio-bp,Maharashtra,Nashik,"MIDC Area 28, Nashik",20.007989,73.773836,Type 2,60,8,11.66,13.0,Available,,,False,True,False,3.4,220,Nashik,SYNTHETIC_ADDED
EV1805,Ozar EV Charging Station 1805,Kazam,Maharashtra,Ozar,"Station Rd 21, Ozar",20.093308,73.937629,AC,30,6,16.46,10.0,Maintenance,,,False,False,True,3.3,119,Nashik,SYNTHETIC_ADDED
EV1806,Igatpuri EV Charging Station 1806,Kazam,Maharashtra,Igatpuri,"Market Yard 8, Igatpuri",19.726577,73.544684,DC Fast,90,2,16.8,5.0,Available,,,True,False,False,3.6,63,Nashik,SYNTHETIC_ADDED
EV1807,Sinnar EV Charging Station 1807,Tata Power,Maharashtra,Sinnar,"Highway Rd 1, Sinnar",19.832974,74.012794,AC,120,3,15.89,5.0,Busy,,,False,True,True,4.3,95,Nashik,SYNTHETIC_ADDED
EV1808,Malegaon EV Charging Station 1808,Ather Grid,Maharashtra,Malegaon,"Highway Rd 17, Malegaon",20.57462,74.541057,AC,60,4,21.29,38.0,Busy,,,False,False,True,4.3,169,Nashik,SYNTHETIC_ADDED
EV1809,Manmad EV Charging Station 1809,Ather Grid,Maharashtra,Manmad,"Market Yard 12, Manmad",20.249444,74.446238,CCS2,7,6,15.96,14.0,Busy,,,True,False,True,4.2,153,Nashik,SYNTHETIC_ADDED
EV1810,Dhule EV Charging Station 1810,MSEDCL Public Charging,Maharashtra,Dhule,"Station Rd 13, Dhule",20.93363,74.745617,DC Fast,90,2,14.43,0.0,Maintenance,,,True,True,True,3.8,47,Nashik,SYNTHETIC_ADDED
EV1811,Shirpur EV Charging Station 1811,Kazam,Maharashtra,Shirpur,"Highway Rd 14, Shirpur",21.375476,74.894785,CCS2,22,2,18.59,8.0,Maintenance,,,True,True,True,3.8,35,Nashik,SYNTHETIC_ADDED
EV1812,Nandurbar EV Charging Station 1812,Magenta ChargeGrid,Maharashtra,Nandurbar,"Station Rd 21, Nandurbar",21.360367,74.247243,CHAdeMO,7,5,13.97,17.0,Available,,,False,False,False,3.4,46,Nashik,SYNTHETIC_ADDED
EV1813,Shahada EV Charging Station 1813,Ather Grid,Maharashtra,Shahada,"Sector 20, Shahada",21.566307,74.449516,Type 2,7,6,12.76,26.0,Maintenance,,,True,False,False,3.6,75,Nashik,SYNTHETIC_ADDED
EV1814,Jalgaon EV Charging Station 1814,Jio-bp,Maharashtra,Jalgaon,"MIDC Area 15, Jalgaon",20.993905,75.583036,CHAdeMO,120,1,18.46,2.0,Busy,,,True,False,True,3.9,250,Nashik,SYNTHETIC_ADDED
EV1815,Bhusawal EV Charging Station 1815,Magenta ChargeGrid,Maharashtra,Bhusawal,"MIDC Area 15, Bhusawal",21.025232,75.793981,CHAdeMO,90,6,13.45,9.0,Busy,,,False,True,True,3.8,30,Nashik,SYNTHETIC_ADDED
EV1816,Chalisgaon EV Charging Station 1816,Jio-bp,Maharashtra,Chalisgaon,"Market Yard 4, Chalisgaon",20.494263,75.045036,CHAdeMO,60,8,10.46,22.0,Busy,,,False,False,False,4.8,225,Nashik,SYNTHETIC_ADDED
EV1817,Amalner EV Charging Station 1817,Statiq,Maharashtra,Amalner,"Highway Rd 1, Amalner",21.043496,75.020713,CHAdeMO,120,7,14.61,24.0,Available,,,False,False,True,3.8,101,Nashik,SYNTHETIC_ADDED
EV1818,Ahmednagar EV Charging Station 1818,Magenta ChargeGrid,Maharashtra,Ahmednagar,"Highway Rd 23, Ahmednagar",19.099981,74.727458,DC Fast,7,4,18.5,27.0,Maintenance,,,False,True,True,3.1,208,Nashik,SYNTHETIC_ADDED
EV1819,Shirdi EV Charging Station 1819,Tata Power,Maharashtra,Shirdi,"Station Rd 14, Shirdi",19.778073,74.501452,DC Fast,22,8,17.72,20.0,Busy,,,False,True,True,4.0,232,Nashik,SYNTHETIC_ADDED
EV1820,Sangamner EV Charging Station 1820,MSEDCL Public Charging,Maharashtra,Sangamner,"Sector 13, Sangamner",19.543754,74.195799,Type 2,120,5,19.63,31.0,Available,,,True,True,True,5.0,55,Nashik,SYNTHETIC_ADDED
EV1821,Kopargaon EV Charging Station 1821,Zeon Charging,Maharashtra,Kopargaon,"Market Yard 26, Kopargaon",19.868696,74.498121,DC Fast,15,1,14.99,7.0,Maintenance,,,True,False,True,4.6,219,Nashik,SYNTHETIC_ADDED
EV1822,Shrirampur EV Charging Station 1822,Kazam,Maharashtra,Shrirampur,"MIDC Area 8, Shrirampur",19.632627,74.654552,CCS2,15,7,15.06,27.0,Available,,,True,False,True,3.9,93,Nashik,SYNTHETIC_ADDED
EV1823,Chhatrapati Sambhajinagar EV Charging Station 1823,Magenta ChargeGrid,Maharashtra,Chhatrapati Sambhajinagar,"Station Rd 10, Chhatrapati Sambhajinagar",19.882421,75.358604,AC,90,7,19.25,17.0,Available,,,True,True,True,3.0,42,Chhatrapati Sambhajinagar,SYNTHETIC_ADDED
EV1824,Paithan EV Charging Station 1824,ChargeZone,Maharashtra,Paithan,"Station Rd 20, Paithan",19.496993,75.365542,CHAdeMO,22,5,21.49,14.0,Busy,,,True,False,True,3.5,221,Chhatrapati Sambhajinagar,SYNTHETIC_ADDED
EV1825,Vaijapur EV Charging Station 1825,MSEDCL Public Charging,Maharashtra,Vaijapur,"MIDC Area 18, Vaijapur",19.927268,74.749061,AC,30,5,21.44,25.0,Maintenance,,,True,False,False,4.7,122,Chhatrapati Sambhajinagar,SYNTHETIC_ADDED
EV1826,Kannad EV Charging Station 1826,ChargeZone,Maharashtra,Kannad,"Sector 30, Kannad",20.2621,75.10424,Type 2,7,4,12.05,2.0,Maintenance,,,True,True,False,4.4,67,Chhatrapati Sambhajinagar,SYNTHETIC_ADDED
EV1827,Jalna EV Charging Station 1827,Ather Grid,Maharashtra,Jalna,"MIDC Area 25, Jalna",19.852187,75.881831,AC,120,4,10.5,26.0,Available,,,False,False,False,4.2,205,Chhatrapati Sambhajinagar,SYNTHETIC_ADDED
EV1828,Ambad EV Charging Station 1828,Magenta ChargeGrid,Maharashtra,Ambad,"MIDC Area 9, Ambad",19.637675,75.7729,DC Fast,120,1,17.25,19.0,Available,,,False,True,True,3.0,83,Chhatrapati Sambhajinagar,SYNTHETIC_ADDED
EV1829,Parbhani EV Charging Station 1829,Jio-bp,Maharashtra,Parbhani,"Station Rd 11, Parbhani",19.283386,76.785677,DC Fast,7,2,14.79,20.0,Maintenance,,,False,False,False,4.1,52,Chhatrapati Sambhajinagar,SYNTHETIC_ADDED
EV1830,Gangakhed EV Charging Station 1830,Kazam,Maharashtra,Gangakhed,"Highway Rd 11, Gangakhed",18.944054,76.742527,Type 2,60,2,13.44,22.0,Available,,,False,False,False,4.5,8,Chhatrapati Sambhajinagar,SYNTHETIC_ADDED
EV1831,Hingoli EV Charging Station 1831,ChargeZone,Maharashtra,Hingoli,"Station Rd 16, Hingoli",19.736615,77.142173,AC,7,6,12.66,13.0,Busy,,,True,True,False,4.0,56,Chhatrapati Sambhajinagar,SYNTHETIC_ADDED
EV1832,Kalamnuri EV Charging Station 1832,Statiq,Maharashtra,Kalamnuri,"Sector 22, Kalamnuri",19.903738,77.307545,DC Fast,30,1,15.95,8.0,Busy,,,False,True,False,4.6,205,Chhatrapati Sambhajinagar,SYNTHETIC_ADDED
EV1833,Beed EV Charging Station 1833,Magenta ChargeGrid,Maharashtra,Beed,"Highway Rd 15, Beed",18.996167,75.769545,Type 2,90,2,8.84,22.0,Available,,,False,False,False,4.7,75,Chhatrapati Sambhajinagar,SYNTHETIC_ADDED
EV1834,Georai EV Charging Station 1834,Statiq,Maharashtra,Georai,"Market Yard 27, Georai",19.250553,75.751686,AC,7,4,11.83,20.0,Busy,,,False,True,False,4.5,210,Chhatrapati Sambhajinagar,SYNTHETIC_ADDED
EV1835,Ambajogai EV Charging Station 1835,Magenta ChargeGrid,Maharashtra,Ambajogai,"Sector 17, Ambajogai",18.760862,76.387018,CCS2,90,5,19.75,16.0,Busy,,,False,True,False,4.1,3,Chhatrapati Sambhajinagar,SYNTHETIC_ADDED
EV1836,Nanded EV Charging Station 1836,Jio-bp,Maharashtra,Nanded,"MIDC Area 15, Nanded",19.160721,77.345652,DC Fast,90,3,14.53,2.0,Busy,,,False,False,False,4.4,144,Chhatrapati Sambhajinagar,SYNTHETIC_ADDED
EV1837,Deglur EV Charging Station 1837,Ather Grid,Maharashtra,Deglur,"Highway Rd 6, Deglur",18.556989,77.56911,CCS2,60,1,15.65,30.0,Busy,,,False,False,True,5.0,49,Chhatrapati Sambhajinagar,SYNTHETIC_ADDED
EV1838,Kandhar EV Charging Station 1838,Ather Grid,Maharashtra,Kandhar,"MIDC Area 16, Kandhar",18.83181,77.14427,DC Fast,15,4,16.2,9.0,Available,,,False,False,False,3.4,173,Chhatrapati Sambhajinagar,SYNTHETIC_ADDED
EV1839,Latur EV Charging Station 1839,Tata Power,Maharashtra,Latur,"Market Yard 15, Latur",18.429174,76.565691,AC,150,4,17.7,0.0,Maintenance,,,False,False,False,3.1,231,Chhatrapati Sambhajinagar,SYNTHETIC_ADDED
EV1840,Udgir EV Charging Station 1840,Zeon Charging,Maharashtra,Udgir,"Highway Rd 4, Udgir",18.367391,77.100602,DC Fast,150,3,18.84,18.0,Busy,,,False,False,True,3.8,15,Chhatrapati Sambhajinagar,SYNTHETIC_ADDED
EV1841,Ausa EV Charging Station 1841,Kazam,Maharashtra,Ausa,"MIDC Area 18, Ausa",18.277632,76.502727,DC Fast,30,7,20.89,5.0,Maintenance,,,False,False,False,4.2,194,Chhatrapati Sambhajinagar,SYNTHETIC_ADDED
EV1842,Osmanabad EV Charging Station 1842,Jio-bp,Maharashtra,Osmanabad,"MIDC Area 23, Osmanabad",18.197368,76.017302,AC,60,2,12.97,35.0,Available,,,True,True,True,4.0,197,Chhatrapati Sambhajinagar,SYNTHETIC_ADDED
EV1843,Tuljapur EV Charging Station 1843,Kazam,Maharashtra,Tuljapur,"Highway Rd 25, Tuljapur",18.020439,76.056403,Type 2,150,7,9.3,33.0,Available,,,True,True,False,4.8,48,Chhatrapati Sambhajinagar,SYNTHETIC_ADDED
EV1844,Pune EV Charging Station 1844,Magenta ChargeGrid,Maharashtra,Pune,"Highway Rd 12, Pune",18.506131,73.837887,DC Fast,30,4,16.21,37.0,Busy,,,False,False,True,4.7,145,Pune,SYNTHETIC_ADDED
EV1845,Pimpri-Chinchwad EV Charging Station 1845,Zeon Charging,Maharashtra,Pimpri-Chinchwad,"Highway Rd 6, Pimpri-Chinchwad",18.623541,73.809453,CHAdeMO,90,6,17.65,1.0,Maintenance,,,False,False,True,4.3,31,Pune,SYNTHETIC_ADDED
EV1846,Hinjawadi EV Charging Station 1846,Jio-bp,Maharashtra,Hinjawadi,"Sector 6, Hinjawadi",18.574996,73.723601,CCS2,30,8,16.26,1.0,Busy,,,False,False,False,3.1,230,Pune,SYNTHETIC_ADDED
EV1847,Wakad EV Charging Station 1847,Tata Power,Maharashtra,Wakad,"Highway Rd 15, Wakad",18.600773,73.73415,Type 2,7,2,17.37,14.0,Maintenance,,,True,True,False,3.4,33,Pune,SYNTHETIC_ADDED
EV1848,Hadapsar EV Charging Station 1848,Tata Power,Maharashtra,Hadapsar,"Station Rd 28, Hadapsar",18.504625,73.947608,CHAdeMO,30,3,16.09,23.0,Busy,,,False,False,True,3.7,194,Pune,SYNTHETIC_ADDED
EV1849,Baner EV Charging Station 1849,Jio-bp,Maharashtra,Baner,"Station Rd 16, Baner",18.535698,73.759975,AC,120,1,11.3,35.0,Available,,,True,False,True,3.2,78,Pune,SYNTHETIC_ADDED
EV1850,Chakan EV Charging Station 1850,MSEDCL Public Charging,Maharashtra,Chakan,"MIDC Area 29, Chakan",18.7902,73.891438,CHAdeMO,15,6,9.66,16.0,Maintenance,,,True,False,True,3.3,239,Pune,SYNTHETIC_ADDED
EV1851,Talegaon EV Charging Station 1851,Ather Grid,Maharashtra,Talegaon,"Market Yard 28, Talegaon",18.753339,73.656628,CHAdeMO,150,1,19.92,4.0,Busy,,,False,False,False,4.4,75,Pune,SYNTHETIC_ADDED
EV1852,Lonavala EV Charging Station 1852,Zeon Charging,Maharashtra,Lonavala,"Sector 30, Lonavala",18.75225,73.424225,AC,22,3,20.17,11.0,Available,,,True,True,True,3.1,125,Pune,SYNTHETIC_ADDED
EV1853,Saswad EV Charging Station 1853,Tata Power,Maharashtra,Saswad,"Highway Rd 12, Saswad",18.369612,74.030935,CCS2,7,1,20.47,26.0,Available,,,False,False,True,3.2,82,Pune,SYNTHETIC_ADDED
EV1854,Baramati EV Charging Station 1854,MSEDCL Public Charging,Maharashtra,Baramati,"Sector 13, Baramati",18.175431,74.600243,Type 2,150,5,11.89,37.0,Maintenance,,,False,False,True,4.5,189,Pune,SYNTHETIC_ADDED
EV1855,Daund EV Charging Station 1855,Statiq,Maharashtra,Daund,"Highway Rd 26, Daund",18.437854,74.594577,CCS2,30,7,17.45,15.0,Maintenance,,,False,True,False,3.3,246,Pune,SYNTHETIC_ADDED
EV1856,Junnar EV Charging Station 1856,ChargeZone,Maharashtra,Junnar,"MIDC Area 2, Junnar",19.196696,73.903605,CHAdeMO,120,6,17.04,40.0,Maintenance,,,True,False,True,3.7,215,Pune,SYNTHETIC_ADDED
EV1857,Satara EV Charging Station 1857,Ather Grid,Maharashtra,Satara,"Station Rd 24, Satara",17.684762,73.99506,CHAdeMO,120,5,15.51,22.0,Busy,,,True,True,True,3.7,99,Pune,SYNTHETIC_ADDED
EV1858,Karad EV Charging Station 1858,Statiq,Maharashtra,Karad,"Market Yard 19, Karad",17.287761,74.204654,CHAdeMO,60,3,18.98,6.0,Available,,,False,True,True,3.3,16,Pune,SYNTHETIC_ADDED
EV1859,Phaltan EV Charging Station 1859,ChargeZone,Maharashtra,Phaltan,"Market Yard 12, Phaltan",18.004602,74.40624,CHAdeMO,150,4,8.71,22.0,Busy,,,False,False,False,4.8,225,Pune,SYNTHETIC_ADDED
EV1860,Wai EV Charging Station 1860,Ather Grid,Maharashtra,Wai,"MIDC Area 8, Wai",17.944648,73.891606,AC,90,5,10.53,2.0,Busy,,,False,False,True,4.7,220,Pune,SYNTHETIC_ADDED
EV1861,Mahabaleshwar EV Charging Station 1861,Kazam,Maharashtra,Mahabaleshwar,"Station Rd 1, Mahabaleshwar",17.916801,73.647438,Type 2,90,2,17.68,20.0,Maintenance,,,True,True,True,4.1,76,Pune,SYNTHETIC_ADDED
EV1862,Sangli EV Charging Station 1862,Magenta ChargeGrid,Maharashtra,Sangli,"Station Rd 17, Sangli",16.857683,74.567308,CCS2,120,1,17.28,31.0,Available,,,False,True,True,4.6,102,Pune,SYNTHETIC_ADDED
EV1863,Miraj EV Charging Station 1863,Ather Grid,Maharashtra,Miraj,"Station Rd 2, Miraj",16.805468,74.631413,AC,15,1,12.82,1.0,Maintenance,,,False,False,False,3.7,191,Pune,SYNTHETIC_ADDED
EV1864,Islampur EV Charging Station 1864,Ather Grid,Maharashtra,Islampur,"Station Rd 2, Islampur",17.069034,74.23296,AC,150,1,18.53,3.0,Available,,,True,False,False,3.6,87,Pune,SYNTHETIC_ADDED
EV1865,Vita EV Charging Station 1865,Jio-bp,Maharashtra,Vita,"Highway Rd 15, Vita",17.424224,74.539832,CHAdeMO,150,1,15.72,30.0,Busy,,,True,False,True,4.8,199,Pune,SYNTHETIC_ADDED
EV1866,Kolhapur EV Charging Station 1866,ChargeZone,Maharashtra,Kolhapur,"Station Rd 17, Kolhapur",16.721398,74.266674,DC Fast,120,2,13.35,8.0,Available,,,False,False,False,3.8,53,Pune,SYNTHETIC_ADDED
EV1867,Ichalkaranji EV Charging Station 1867,Zeon Charging,Maharashtra,Ichalkaranji,"Highway Rd 29, Ichalkaranji",16.690343,74.438155,DC Fast,90,2,13.54,13.0,Available,,,True,False,False,4.2,186,Pune,SYNTHETIC_ADDED
EV1868,Gadhinglaj EV Charging Station 1868,MSEDCL Public Charging,Maharashtra,Gadhinglaj,"Highway Rd 22, Gadhinglaj",16.249777,74.361707,AC,120,6,20.8,10.0,Busy,,,True,True,False,3.1,99,Pune,SYNTHETIC_ADDED
EV1869,Kagal EV Charging Station 1869,ChargeZone,Maharashtra,Kagal,"Sector 13, Kagal",16.558269,74.321798,CHAdeMO,90,7,18.73,35.0,Busy,,,False,False,False,4.0,66,Pune,SYNTHETIC_ADDED
EV1870,Solapur EV Charging Station 1870,Ather Grid,Maharashtra,Solapur,"Sector 18, Solapur",17.64283,75.888463,Type 2,22,6,18.95,9.0,Busy,,,False,False,False,4.1,71,Pune,SYNTHETIC_ADDED
EV1871,Pandharpur EV Charging Station 1871,Kazam,Maharashtra,Pandharpur,"Sector 17, Pandharpur",17.70028,75.351982,Type 2,60,1,12.75,8.0,Busy,,,False,True,False,4.5,240,Pune,SYNTHETIC_ADDED
EV1872,Barshi EV Charging Station 1872,Ather Grid,Maharashtra,Barshi,"Market Yard 27, Barshi",18.260991,75.655394,AC,90,5,13.96,32.0,Busy,,,False,False,False,4.1,40,Pune,SYNTHETIC_ADDED
EV1873,Akkalkot EV Charging Station 1873,Jio-bp,Maharashtra,Akkalkot,"Sector 16, Akkalkot",17.489046,76.194574,CCS2,120,7,12.73,4.0,Available,,,False,False,False,3.3,189,Pune,SYNTHETIC_ADDED
EV1874,Nashik EV Charging Station 1874,Jio-bp,Maharashtra,Nashik,"MIDC Area 4, Nashik",19.985986,73.778587,CCS2,15,3,21.41,37.0,Available,,,True,False,False,3.5,30,Nashik,SYNTHETIC_ADDED
EV1875,Ozar EV Charging Station 1875,Kazam,Maharashtra,Ozar,"Station Rd 7, Ozar",20.116818,73.910627,CCS2,150,6,18.81,32.0,Available,,,True,False,False,4.3,132,Nashik,SYNTHETIC_ADDED
EV1876,Igatpuri EV Charging Station 1876,Ather Grid,Maharashtra,Igatpuri,"MIDC Area 19, Igatpuri",19.668852,73.579205,CHAdeMO,90,4,20.49,16.0,Available,,,True,False,True,3.7,186,Nashik,SYNTHETIC_ADDED
EV1877,Sinnar EV Charging Station 1877,ChargeZone,Maharashtra,Sinnar,"Station Rd 27, Sinnar",19.830745,73.968545,Type 2,90,4,19.47,40.0,Busy,,,False,True,False,4.0,143,Nashik,SYNTHETIC_ADDED
EV1878,Malegaon EV Charging Station 1878,Zeon Charging,Maharashtra,Malegaon,"Station Rd 11, Malegaon",20.550803,74.5204,CHAdeMO,60,3,9.5,35.0,Available,,,True,False,True,4.0,151,Nashik,SYNTHETIC_ADDED
EV1879,Manmad EV Charging Station 1879,MSEDCL Public Charging,Maharashtra,Manmad,"MIDC Area 21, Manmad",20.242294,74.415329,Type 2,7,4,15.73,8.0,Available,,,False,False,True,3.1,150,Nashik,SYNTHETIC_ADDED
EV1880,Dhule EV Charging Station 1880,Zeon Charging,Maharashtra,Dhule,"Sector 8, Dhule",20.887215,74.788282,CCS2,60,2,19.61,29.0,Available,,,False,False,False,3.3,202,Nashik,SYNTHETIC_ADDED
EV1881,Shirpur EV Charging Station 1881,Tata Power,Maharashtra,Shirpur,"Highway Rd 26, Shirpur",21.377042,74.904861,CHAdeMO,7,2,12.41,21.0,Maintenance,,,True,False,True,3.4,25,Nashik,SYNTHETIC_ADDED
EV1882,Nandurbar EV Charging Station 1882,Ather Grid,Maharashtra,Nandurbar,"Sector 10, Nandurbar",21.350555,74.226231,CCS2,7,5,21.02,10.0,Busy,,,False,False,True,3.3,175,Nashik,SYNTHETIC_ADDED
EV1883,Shahada EV Charging Station 1883,Statiq,Maharashtra,Shahada,"Market Yard 19, Shahada",21.546359,74.44476,Type 2,7,3,13.93,3.0,Busy,,,False,False,False,3.6,34,Nashik,SYNTHETIC_ADDED
EV1884,Jalgaon EV Charging Station 1884,Ather Grid,Maharashtra,Jalgaon,"Highway Rd 6, Jalgaon",21.035575,75.571438,AC,90,6,19.52,24.0,Maintenance,,,False,False,True,5.0,68,Nashik,SYNTHETIC_ADDED
EV1885,Bhusawal EV Charging Station 1885,Kazam,Maharashtra,Bhusawal,"Sector 23, Bhusawal",21.029228,75.805863,CHAdeMO,30,4,11.99,15.0,Busy,,,False,False,False,4.1,157,Nashik,SYNTHETIC_ADDED
EV1886,Chalisgaon EV Charging Station 1886,Ather Grid,Maharashtra,Chalisgaon,"Highway Rd 6, Chalisgaon",20.469462,75.032356,DC Fast,30,1,12.99,38.0,Available,,,True,True,True,4.9,139,Nashik,SYNTHETIC_ADDED
EV1887,Amalner EV Charging Station 1887,Ather Grid,Maharashtra,Amalner,"Station Rd 26, Amalner",21.041134,75.034215,CHAdeMO,90,2,20.85,36.0,Available,,,True,True,False,4.8,19,Nashik,SYNTHETIC_ADDED
EV1888,Ahmednagar EV Charging Station 1888,MSEDCL Public Charging,Maharashtra,Ahmednagar,"Market Yard 26, Ahmednagar",19.093135,74.773311,CCS2,90,3,12.48,10.0,Available,,,False,False,False,3.2,77,Nashik,SYNTHETIC_ADDED
EV1889,Shirdi EV Charging Station 1889,Magenta ChargeGrid,Maharashtra,Shirdi,"Sector 27, Shirdi",19.78986,74.500577,Type 2,120,8,16.74,26.0,Available,,,True,True,True,3.4,143,Nashik,SYNTHETIC_ADDED
EV1890,Sangamner EV Charging Station 1890,Kazam,Maharashtra,Sangamner,"MIDC Area 18, Sangamner",19.561023,74.231493,Type 2,120,3,14.47,22.0,Maintenance,,,False,False,True,3.4,33,Nashik,SYNTHETIC_ADDED
EV1891,Kopargaon EV Charging Station 1891,ChargeZone,Maharashtra,Kopargaon,"Market Yard 6, Kopargaon",19.871086,74.45694,Type 2,30,5,9.45,40.0,Maintenance,,,True,True,False,4.2,227,Nashik,SYNTHETIC_ADDED
EV1892,Shrirampur EV Charging Station 1892,Zeon Charging,Maharashtra,Shrirampur,"Highway Rd 14, Shrirampur",19.594692,74.638481,DC Fast,7,2,10.13,0.0,Maintenance,,,True,False,True,4.3,132,Nashik,SYNTHETIC_ADDED
EV1893,Chhatrapati Sambhajinagar EV Charging Station 1893,Statiq,Maharashtra,Chhatrapati Sambhajinagar,"Highway Rd 5, Chhatrapati Sambhajinagar",19.873011,75.334114,CHAdeMO,22,8,12.39,27.0,Maintenance,,,False,False,True,4.4,95,Chhatrapati Sambhajinagar,SYNTHETIC_ADDED
EV1894,Paithan EV Charging Station 1894,Statiq,Maharashtra,Paithan,"MIDC Area 15, Paithan",19.483117,75.388371,CHAdeMO,22,8,11.2,15.0,Busy,,,False,False,False,4.0,195,Chhatrapati Sambhajinagar,SYNTHETIC_ADDED
EV1895,Vaijapur EV Charging Station 1895,Ather Grid,Maharashtra,Vaijapur,"Station Rd 20, Vaijapur",19.917474,74.761053,CCS2,120,8,18.41,16.0,Busy,,,False,True,True,4.3,139,Chhatrapati Sambhajinagar,SYNTHETIC_ADDED
EV1896,Kannad EV Charging Station 1896,Kazam,Maharashtra,Kannad,"MIDC Area 29, Kannad",20.238302,75.113389,DC Fast,60,3,14.39,25.0,Busy,,,True,False,False,3.7,29,Chhatrapati Sambhajinagar,SYNTHETIC_ADDED
EV1897,Jalna EV Charging Station 1897,Tata Power,Maharashtra,Jalna,"MIDC Area 26, Jalna",19.860765,75.893269,AC,22,8,16.43,39.0,Available,,,False,False,True,3.1,94,Chhatrapati Sambhajinagar,SYNTHETIC_ADDED
EV1898,Ambad EV Charging Station 1898,Jio-bp,Maharashtra,Ambad,"Sector 28, Ambad",19.637949,75.753891,CHAdeMO,15,5,10.99,25.0,Busy,,,True,True,False,3.7,202,Chhatrapati Sambhajinagar,SYNTHETIC_ADDED
EV1899,Parbhani EV Charging Station 1899,Statiq,Maharashtra,Parbhani,"Highway Rd 26, Parbhani",19.271142,76.768316,AC,22,3,10.74,23.0,Available,,,False,True,True,4.4,28,Chhatrapati Sambhajinagar,SYNTHETIC_ADDED
EV1900,Gangakhed EV Charging Station 1900,Magenta ChargeGrid,Maharashtra,Gangakhed,"MIDC Area 23, Gangakhed",18.955801,76.728596,Type 2,90,5,21.22,4.0,Available,,,True,True,True,3.0,35,Chhatrapati Sambhajinagar,SYNTHETIC_ADDED
EV1901,Hingoli EV Charging Station 1901,Statiq,Maharashtra,Hingoli,"Market Yard 24, Hingoli",19.69383,77.174638,CCS2,15,2,9.64,18.0,Maintenance,,,True,False,False,4.5,220,Chhatrapati Sambhajinagar,SYNTHETIC_ADDED
EV1902,Kalamnuri EV Charging Station 1902,Tata Power,Maharashtra,Kalamnuri,"Station Rd 27, Kalamnuri",19.879653,77.334144,DC Fast,15,8,13.0,32.0,Busy,,,False,False,False,4.0,228,Chhatrapati Sambhajinagar,SYNTHETIC_ADDED
EV1903,Beed EV Charging Station 1903,Kazam,Maharashtra,Beed,"MIDC Area 26, Beed",18.995328,75.768338,CCS2,150,8,10.51,2.0,Maintenance,,,False,False,False,4.1,144,Chhatrapati Sambhajinagar,SYNTHETIC_ADDED
EV1904,Georai EV Charging Station 1904,ChargeZone,Maharashtra,Georai,"Station Rd 17, Georai",19.286622,75.723799,AC,7,4,19.61,35.0,Available,,,False,False,True,4.6,90,Chhatrapati Sambhajinagar,SYNTHETIC_ADDED
EV1905,Ambajogai EV Charging Station 1905,Tata Power,Maharashtra,Ambajogai,"Station Rd 19, Ambajogai",18.712989,76.364203,CHAdeMO,15,3,20.96,10.0,Maintenance,,,False,False,False,4.0,17,Chhatrapati Sambhajinagar,SYNTHETIC_ADDED
EV1906,Nanded EV Charging Station 1906,Magenta ChargeGrid,Maharashtra,Nanded,"MIDC Area 18, Nanded",19.158917,77.303461,AC,90,1,15.24,3.0,Busy,,,True,False,True,3.6,212,Chhatrapati Sambhajinagar,SYNTHETIC_ADDED
EV1907,Deglur EV Charging Station 1907,MSEDCL Public Charging,Maharashtra,Deglur,"Sector 15, Deglur",18.547959,77.577454,DC Fast,7,2,9.04,4.0,Maintenance,,,False,True,True,3.5,235,Chhatrapati Sambhajinagar,SYNTHETIC_ADDED
EV1908,Kandhar EV Charging Station 1908,MSEDCL Public Charging,Maharashtra,Kandhar,"Highway Rd 20, Kandhar",18.85758,77.174655,CCS2,7,4,20.68,13.0,Available,,,False,False,True,4.8,144,Chhatrapati Sambhajinagar,SYNTHETIC_ADDED
EV1909,Latur EV Charging Station 1909,Statiq,Maharashtra,Latur,"Highway Rd 26, Latur",18.406119,76.583614,AC,120,2,15.41,27.0,Available,,,True,False,True,3.8,45,Chhatrapati Sambhajinagar,SYNTHETIC_ADDED
EV1910,Udgir EV Charging Station 1910,Tata Power,Maharashtra,Udgir,"Highway Rd 25, Udgir",18.402966,77.104158,AC,30,6,19.07,8.0,Available,,,True,False,False,4.1,215,Chhatrapati Sambhajinagar,SYNTHETIC_ADDED
EV1911,Ausa EV Charging Station 1911,Tata Power,Maharashtra,Ausa,"Station Rd 17, Ausa",18.236096,76.515511,AC,60,6,18.96,2.0,Busy,,,False,False,False,4.9,17,Chhatrapati Sambhajinagar,SYNTHETIC_ADDED
EV1912,Osmanabad EV Charging Station 1912,MSEDCL Public Charging,Maharashtra,Osmanabad,"MIDC Area 23, Osmanabad",18.211367,76.038455,CCS2,60,1,15.62,28.0,Busy,,,False,False,False,4.4,227,Chhatrapati Sambhajinagar,SYNTHETIC_ADDED
EV1913,Tuljapur EV Charging Station 1913,Ather Grid,Maharashtra,Tuljapur,"Station Rd 8, Tuljapur",17.978793,76.097368,AC,22,6,20.68,28.0,Available,,,True,False,True,3.5,94,Chhatrapati Sambhajinagar,SYNTHETIC_ADDED
EV1914,Pune EV Charging Station 1914,Magenta ChargeGrid,Maharashtra,Pune,"MIDC Area 14, Pune",18.523626,73.868194,AC,60,3,19.88,21.0,Available,,,True,True,False,3.9,124,Pune,SYNTHETIC_ADDED
EV1915,Pimpri-Chinchwad EV Charging Station 1915,Tata Power,Maharashtra,Pimpri-Chinchwad,"MIDC Area 3, Pimpri-Chinchwad",18.615281,73.826631,DC Fast,22,2,14.11,34.0,Available,,,True,False,True,3.9,237,Pune,SYNTHETIC_ADDED
EV1916,Hinjawadi EV Charging Station 1916,ChargeZone,Maharashtra,Hinjawadi,"Station Rd 23, Hinjawadi",18.569311,73.747175,AC,15,1,14.51,26.0,Available,,,False,True,True,3.9,152,Pune,SYNTHETIC_ADDED
EV1917,Wakad EV Charging Station 1917,Magenta ChargeGrid,Maharashtra,Wakad,"MIDC Area 20, Wakad",18.570768,73.789767,DC Fast,60,1,9.4,17.0,Maintenance,,,False,False,False,3.0,94,Pune,SYNTHETIC_ADDED
EV1918,Hadapsar EV Charging Station 1918,Zeon Charging,Maharashtra,Hadapsar,"Highway Rd 29, Hadapsar",18.531754,73.944032,CCS2,60,7,20.57,24.0,Available,,,False,False,False,4.2,72,Pune,SYNTHETIC_ADDED
EV1919,Baner EV Charging Station 1919,Tata Power,Maharashtra,Baner,"Market Yard 29, Baner",18.5827,73.808026,DC Fast,150,5,11.38,1.0,Maintenance,,,False,False,True,3.4,62,Pune,SYNTHETIC_ADDED
EV1920,Chakan EV Charging Station 1920,ChargeZone,Maharashtra,Chakan,"Station Rd 9, Chakan",18.787336,73.857672,Type 2,30,8,9.25,8.0,Available,,,True,False,True,4.3,118,Pune,SYNTHETIC_ADDED
EV1921,Talegaon EV Charging Station 1921,Jio-bp,Maharashtra,Talegaon,"Sector 20, Talegaon",18.722284,73.649962,CCS2,90,2,11.38,34.0,Available,,,True,False,False,4.8,146,Pune,SYNTHETIC_ADDED
EV1922,Lonavala EV Charging Station 1922,Zeon Charging,Maharashtra,Lonavala,"Highway Rd 21, Lonavala",18.778142,73.419132,CCS2,15,8,9.21,28.0,Available,,,False,True,True,3.7,196,Pune,SYNTHETIC_ADDED
EV1923,Saswad EV Charging Station 1923,Statiq,Maharashtra,Saswad,"Sector 15, Saswad",18.344876,74.021281,DC Fast,150,7,14.48,21.0,Available,,,True,True,True,3.6,163,Pune,SYNTHETIC_ADDED
EV1924,Baramati EV Charging Station 1924,MSEDCL Public Charging,Maharashtra,Baramati,"Station Rd 24, Baramati",18.163409,74.569186,DC Fast,15,2,19.97,8.0,Available,,,True,True,True,4.1,24,Pune,SYNTHETIC_ADDED
EV1925,Daund EV Charging Station 1925,Ather Grid,Maharashtra,Daund,"Sector 6, Daund",18.443914,74.5697,CHAdeMO,90,3,17.21,12.0,Busy,,,False,False,True,3.0,44,Pune,SYNTHETIC_ADDED
EV1926,Junnar EV Charging Station 1926,MSEDCL Public Charging,Maharashtra,Junnar,"MIDC Area 17, Junnar",19.190723,73.875922,CHAdeMO,30,8,14.66,5.0,Available,,,False,False,False,4.7,217,Pune,SYNTHETIC_ADDED
EV1927,Satara EV Charging Station 1927,MSEDCL Public Charging,Maharashtra,Satara,"Sector 25, Satara",17.651165,74.002606,Type 2,150,7,16.81,8.0,Maintenance,,,False,False,True,4.4,180,Pune,SYNTHETIC_ADDED
EV1928,Karad EV Charging Station 1928,Ather Grid,Maharashtra,Karad,"Market Yard 9, Karad",17.260376,74.185339,Type 2,90,1,12.17,2.0,Busy,,,False,False,True,3.2,91,Pune,SYNTHETIC_ADDED
EV1929,Phaltan EV Charging Station 1929,Jio-bp,Maharashtra,Phaltan,"Sector 22, Phaltan",18.018639,74.431147,AC,7,5,11.83,36.0,Busy,,,False,False,False,4.2,8,Pune,SYNTHETIC_ADDED
EV1930,Wai EV Charging Station 1930,Kazam,Maharashtra,Wai,"MIDC Area 17, Wai",17.92265,73.899618,CHAdeMO,120,3,15.37,11.0,Maintenance,,,True,False,False,3.2,110,Pune,SYNTHETIC_ADDED
EV1931,Mahabaleshwar EV Charging Station 1931,Magenta ChargeGrid,Maharashtra,Mahabaleshwar,"Market Yard 3, Mahabaleshwar",17.920915,73.669007,Type 2,22,2,13.09,30.0,Maintenance,,,False,False,False,4.7,161,Pune,SYNTHETIC_ADDED
EV1932,Sangli EV Charging Station 1932,Statiq,Maharashtra,Sangli,"Station Rd 24, Sangli",16.857511,74.557396,AC,30,6,12.1,10.0,Maintenance,,,True,False,True,3.7,123,Pune,SYNTHETIC_ADDED
EV1933,Miraj EV Charging Station 1933,Zeon Charging,Maharashtra,Miraj,"Market Yard 25, Miraj",16.850396,74.654744,CHAdeMO,30,3,13.21,31.0,Busy,,,True,True,False,4.4,203,Pune,SYNTHETIC_ADDED
EV1934,Islampur EV Charging Station 1934,Statiq,Maharashtra,Islampur,"Highway Rd 3, Islampur",17.049734,74.241457,CHAdeMO,7,5,9.5,22.0,Available,,,False,True,False,3.1,56,Pune,SYNTHETIC_ADDED
EV1935,Vita EV Charging Station 1935,Jio-bp,Maharashtra,Vita,"Market Yard 20, Vita",17.474666,74.512603,Type 2,150,4,9.8,30.0,Available,,,False,True,False,3.2,165,Pune,SYNTHETIC_ADDED
EV1936,Kolhapur EV Charging Station 1936,Zeon Charging,Maharashtra,Kolhapur,"Highway Rd 6, Kolhapur",16.689974,74.254683,Type 2,15,2,12.98,39.0,Busy,,,False,False,True,4.1,71,Pune,SYNTHETIC_ADDED
EV1937,Ichalkaranji EV Charging Station 1937,Kazam,Maharashtra,Ichalkaranji,"Sector 26, Ichalkaranji",16.678618,74.431332,DC Fast,60,7,21.24,30.0,Maintenance,,,False,False,True,4.9,9,Pune,SYNTHETIC_ADDED
EV1938,Gadhinglaj EV Charging Station 1938,Jio-bp,Maharashtra,Gadhinglaj,"MIDC Area 13, Gadhinglaj",16.222662,74.369625,CCS2,7,6,16.88,2.0,Maintenance,,,False,False,False,3.3,200,Pune,SYNTHETIC_ADDED
EV1939,Kagal EV Charging Station 1939,Tata Power,Maharashtra,Kagal,"Market Yard 5, Kagal",16.603567,74.314716,DC Fast,15,3,15.9,4.0,Available,,,False,False,True,4.8,14,Pune,SYNTHETIC_ADDED
EV1940,Solapur EV Charging Station 1940,Zeon Charging,Maharashtra,Solapur,"Highway Rd 10, Solapur",17.668299,75.92635,CCS2,30,1,10.61,29.0,Available,,,True,False,True,4.7,29,Pune,SYNTHETIC_ADDED
EV1941,Pandharpur EV Charging Station 1941,Statiq,Maharashtra,Pandharpur,"Sector 4, Pandharpur",17.674749,75.32812,CCS2,60,4,18.2,30.0,Maintenance,,,True,False,False,4.3,214,Pune,SYNTHETIC_ADDED
EV1942,Barshi EV Charging Station 1942,MSEDCL Public Charging,Maharashtra,Barshi,"Station Rd 12, Barshi",18.247626,75.688469,DC Fast,7,6,11.35,21.0,Available,,,False,False,False,4.3,93,Pune,SYNTHETIC_ADDED
EV1943,Akkalkot EV Charging Station 1943,MSEDCL Public Charging,Maharashtra,Akkalkot,"Highway Rd 21, Akkalkot",17.508361,76.208606,DC Fast,7,1,17.74,26.0,Available,,,False,False,True,4.4,204,Pune,SYNTHETIC_ADDED
EV1944,Nashik EV Charging Station 1944,Magenta ChargeGrid,Maharashtra,Nashik,"Highway Rd 27, Nashik",19.972251,73.81646,DC Fast,15,7,8.91,17.0,Maintenance,,,True,False,False,3.9,56,Nashik,SYNTHETIC_ADDED
EV1945,Ozar EV Charging Station 1945,Kazam,Maharashtra,Ozar,"Highway Rd 28, Ozar",20.128655,73.922747,CHAdeMO,90,8,14.56,32.0,Busy,,,True,False,True,3.0,184,Nashik,SYNTHETIC_ADDED
EV1946,Igatpuri EV Charging Station 1946,Tata Power,Maharashtra,Igatpuri,"Highway Rd 9, Igatpuri",19.713625,73.584954,CHAdeMO,60,4,12.85,21.0,Available,,,False,True,True,4.0,195,Nashik,SYNTHETIC_ADDED
EV1947,Sinnar EV Charging Station 1947,Ather Grid,Maharashtra,Sinnar,"Market Yard 12, Sinnar",19.873497,73.995261,CCS2,60,6,15.23,29.0,Maintenance,,,False,False,False,3.2,31,Nashik,SYNTHETIC_ADDED
EV1948,Malegaon EV Charging Station 1948,Tata Power,Maharashtra,Malegaon,"Sector 9, Malegaon",20.561774,74.50523,Type 2,90,6,9.59,16.0,Available,,,True,False,True,4.8,230,Nashik,SYNTHETIC_ADDED
EV1949,Manmad EV Charging Station 1949,Jio-bp,Maharashtra,Manmad,"Sector 14, Manmad",20.275257,74.462315,DC Fast,7,6,18.73,17.0,Maintenance,,,True,False,True,4.8,124,Nashik,SYNTHETIC_ADDED
EV1950,Dhule EV Charging Station 1950,MSEDCL Public Charging,Maharashtra,Dhule,"Highway Rd 2, Dhule",20.927668,74.769156,CHAdeMO,15,4,18.74,6.0,Available,,,True,True,True,4.2,164,Nashik,SYNTHETIC_ADDED
EV1951,Shirpur EV Charging Station 1951,Jio-bp,Maharashtra,Shirpur,"MIDC Area 28, Shirpur",21.326518,74.891918,AC,150,2,10.17,4.0,Maintenance,,,False,False,False,3.6,32,Nashik,SYNTHETIC_ADDED
EV1952,Nandurbar EV Charging Station 1952,Ather Grid,Maharashtra,Nandurbar,"Highway Rd 8, Nandurbar",21.388457,74.269474,DC Fast,60,8,20.12,25.0,Busy,,,False,True,True,4.9,233,Nashik,SYNTHETIC_ADDED
EV1953,Shahada EV Charging Station 1953,Statiq,Maharashtra,Shahada,"MIDC Area 18, Shahada",21.563153,74.457299,DC Fast,15,1,17.8,29.0,Available,,,False,False,False,3.5,16,Nashik,SYNTHETIC_ADDED
EV1954,Jalgaon EV Charging Station 1954,Magenta ChargeGrid,Maharashtra,Jalgaon,"Highway Rd 20, Jalgaon",20.98317,75.555299,CCS2,90,4,13.41,25.0,Busy,,,False,False,True,4.0,243,Nashik,SYNTHETIC_ADDED
EV1955,Bhusawal EV Charging Station 1955,Tata Power,Maharashtra,Bhusawal,"Highway Rd 15, Bhusawal",21.034698,75.791592,CCS2,7,2,12.76,37.0,Available,,,True,True,True,3.0,171,Nashik,SYNTHETIC_ADDED
EV1956,Chalisgaon EV Charging Station 1956,Kazam,Maharashtra,Chalisgaon,"Sector 21, Chalisgaon",20.490608,75.00176,CHAdeMO,150,8,16.46,15.0,Busy,,,True,True,False,3.5,45,Nashik,SYNTHETIC_ADDED
EV1957,Amalner EV Charging Station 1957,Tata Power,Maharashtra,Amalner,"Sector 4, Amalner",21.048772,75.079681,AC,7,4,16.38,40.0,Available,,,False,False,True,3.6,95,Nashik,SYNTHETIC_ADDED
EV1958,Ahmednagar EV Charging Station 1958,Jio-bp,Maharashtra,Ahmednagar,"Station Rd 5, Ahmednagar",19.072818,74.758189,AC,7,1,16.57,7.0,Available,,,True,False,False,4.7,250,Nashik,SYNTHETIC_ADDED
EV1959,Shirdi EV Charging Station 1959,Jio-bp,Maharashtra,Shirdi,"Station Rd 3, Shirdi",19.738475,74.458668,CCS2,22,1,16.92,25.0,Busy,,,False,False,False,4.3,23,Nashik,SYNTHETIC_ADDED
EV1960,Sangamner EV Charging Station 1960,Zeon Charging,Maharashtra,Sangamner,"MIDC Area 15, Sangamner",19.573009,74.210405,Type 2,7,1,8.71,0.0,Maintenance,,,True,False,False,3.1,107,Nashik,SYNTHETIC_ADDED
EV1961,Kopargaon EV Charging Station 1961,Statiq,Maharashtra,Kopargaon,"Market Yard 30, Kopargaon",19.887926,74.497437,Type 2,30,6,12.53,3.0,Maintenance,,,True,False,False,4.1,248,Nashik,SYNTHETIC_ADDED
EV1962,Shrirampur EV Charging Station 1962,Ather Grid,Maharashtra,Shrirampur,"Market Yard 12, Shrirampur",19.598773,74.693773,CCS2,22,4,12.28,33.0,Available,,,False,True,True,4.1,26,Nashik,SYNTHETIC_ADDED
EV1963,Chhatrapati Sambhajinagar EV Charging Station 1963,Ather Grid,Maharashtra,Chhatrapati Sambhajinagar,"Market Yard 26, Chhatrapati Sambhajinagar",19.876629,75.321827,Type 2,60,4,16.06,26.0,Busy,,,True,True,True,4.6,212,Chhatrapati Sambhajinagar,SYNTHETIC_ADDED
EV1964,Paithan EV Charging Station 1964,Ather Grid,Maharashtra,Paithan,"Sector 25, Paithan",19.492622,75.398718,Type 2,60,2,8.58,35.0,Available,,,True,False,True,4.7,181,Chhatrapati Sambhajinagar,SYNTHETIC_ADDED
EV1965,Vaijapur EV Charging Station 1965,Jio-bp,Maharashtra,Vaijapur,"Sector 1, Vaijapur",19.917089,74.730056,Type 2,15,7,11.97,40.0,Available,,,True,True,False,3.5,39,Chhatrapati Sambhajinagar,SYNTHETIC_ADDED
EV1966,Kannad EV Charging Station 1966,ChargeZone,Maharashtra,Kannad,"Station Rd 5, Kannad",20.270876,75.114048,CHAdeMO,120,3,17.37,17.0,Busy,,,True,False,True,3.4,130,Chhatrapati Sambhajinagar,SYNTHETIC_ADDED
EV1967,Jalna EV Charging Station 1967,Statiq,Maharashtra,Jalna,"MIDC Area 7, Jalna",19.856553,75.903142,CHAdeMO,120,7,20.36,31.0,Busy,,,False,False,True,3.4,129,Chhatrapati Sambhajinagar,SYNTHETIC_ADDED
EV1968,Ambad EV Charging Station 1968,ChargeZone,Maharashtra,Ambad,"Station Rd 12, Ambad",19.601169,75.782602,DC Fast,7,3,19.3,14.0,Available,,,True,False,False,3.7,143,Chhatrapati Sambhajinagar,SYNTHETIC_ADDED
EV1969,Parbhani EV Charging Station 1969,Kazam,Maharashtra,Parbhani,"Sector 23, Parbhani",19.24939,76.75531,DC Fast,15,7,15.9,9.0,Available,,,True,False,True,4.2,245,Chhatrapati Sambhajinagar,SYNTHETIC_ADDED
EV1970,Gangakhed EV Charging Station 1970,Tata Power,Maharashtra,Gangakhed,"Sector 25, Gangakhed",18.990317,76.744542,CHAdeMO,7,6,13.23,32.0,Busy,,,True,False,True,4.3,151,Chhatrapati Sambhajinagar,SYNTHETIC_ADDED
EV1971,Hingoli EV Charging Station 1971,Tata Power,Maharashtra,Hingoli,"Highway Rd 13, Hingoli",19.717184,77.14804,AC,15,5,16.64,13.0,Maintenance,,,False,False,False,3.1,200,Chhatrapati Sambhajinagar,SYNTHETIC_ADDED
EV1972,Kalamnuri EV Charging Station 1972,Magenta ChargeGrid,Maharashtra,Kalamnuri,"MIDC Area 20, Kalamnuri",19.915534,77.322078,DC Fast,120,6,19.48,16.0,Busy,,,False,True,True,4.7,25,Chhatrapati Sambhajinagar,SYNTHETIC_ADDED
EV1973,Beed EV Charging Station 1973,Jio-bp,Maharashtra,Beed,"Market Yard 3, Beed",18.992919,75.743061,CCS2,150,5,16.18,14.0,Maintenance,,,False,False,True,4.1,71,Chhatrapati Sambhajinagar,SYNTHETIC_ADDED
EV1974,Georai EV Charging Station 1974,Jio-bp,Maharashtra,Georai,"Highway Rd 25, Georai",19.283356,75.752571,CCS2,60,4,9.68,11.0,Maintenance,,,True,False,True,3.2,15,Chhatrapati Sambhajinagar,SYNTHETIC_ADDED
EV1975,Ambajogai EV Charging Station 1975,Magenta ChargeGrid,Maharashtra,Ambajogai,"Station Rd 14, Ambajogai",18.715921,76.395318,DC Fast,15,8,19.25,3.0,Busy,,,False,False,False,4.3,212,Chhatrapati Sambhajinagar,SYNTHETIC_ADDED
EV1976,Nanded EV Charging Station 1976,Magenta ChargeGrid,Maharashtra,Nanded,"Station Rd 29, Nanded",19.164407,77.301874,AC,15,6,21.04,3.0,Maintenance,,,False,True,False,4.3,81,Chhatrapati Sambhajinagar,SYNTHETIC_ADDED
EV1977,Deglur EV Charging Station 1977,Kazam,Maharashtra,Deglur,"Market Yard 12, Deglur",18.510359,77.58088,AC,90,7,19.52,13.0,Maintenance,,,False,True,True,3.4,174,Chhatrapati Sambhajinagar,SYNTHETIC_ADDED
EV1978,Kandhar EV Charging Station 1978,ChargeZone,Maharashtra,Kandhar,"MIDC Area 21, Kandhar",18.846151,77.146246,CCS2,15,2,12.89,7.0,Available,,,True,False,False,3.3,223,Chhatrapati Sambhajinagar,SYNTHETIC_ADDED
EV1979,Latur EV Charging Station 1979,MSEDCL Public Charging,Maharashtra,Latur,"Sector 5, Latur",18.417173,76.550496,Type 2,30,3,16.15,0.0,Available,,,True,False,True,3.1,69,Chhatrapati Sambhajinagar,SYNTHETIC_ADDED
EV1980,Udgir EV Charging Station 1980,Magenta ChargeGrid,Maharashtra,Udgir,"Highway Rd 1, Udgir",18.402351,77.12007,DC Fast,7,1,14.19,37.0,Available,,,False,False,True,4.7,27,Chhatrapati Sambhajinagar,SYNTHETIC_ADDED
EV1981,Ausa EV Charging Station 1981,Kazam,Maharashtra,Ausa,"Sector 20, Ausa",18.22691,76.507057,CHAdeMO,150,1,16.34,33.0,Maintenance,,,True,False,True,4.0,8,Chhatrapati Sambhajinagar,SYNTHETIC_ADDED
EV1982,Osmanabad EV Charging Station 1982,Kazam,Maharashtra,Osmanabad,"Market Yard 16, Osmanabad",18.160724,76.017551,AC,15,8,12.84,7.0,Maintenance,,,False,True,False,3.2,18,Chhatrapati Sambhajinagar,SYNTHETIC_ADDED
EV1983,Tuljapur EV Charging Station 1983,Kazam,Maharashtra,Tuljapur,"Station Rd 8, Tuljapur",18.017711,76.100789,CHAdeMO,7,6,20.62,8.0,Available,,,False,False,True,3.2,17,Chhatrapati Sambhajinagar,SYNTHETIC_ADDED
EV1984,Pune EV Charging Station 1984,Magenta ChargeGrid,Maharashtra,Pune,"MIDC Area 12, Pune",18.521814,73.840082,CHAdeMO,150,5,10.52,24.0,Available,,,False,True,False,4.6,248,Pune,SYNTHETIC_ADDED
EV1985,Pimpri-Chinchwad EV Charging Station 1985,Jio-bp,Maharashtra,Pimpri-Chinchwad,"Sector 30, Pimpri-Chinchwad",18.611658,73.793095,AC,7,8,20.2,36.0,Maintenance,,,True,True,False,3.8,38,Pune,SYNTHETIC_ADDED
EV1986,Hinjawadi EV Charging Station 1986,Ather Grid,Maharashtra,Hinjawadi,"Station Rd 28, Hinjawadi",18.603539,73.740421,AC,150,4,13.69,25.0,Maintenance,,,False,False,True,3.8,11,Pune,SYNTHETIC_ADDED
EV1987,Wakad EV Charging Station 1987,MSEDCL Public Charging,Maharashtra,Wakad,"Market Yard 27, Wakad",18.570338,73.787603,CCS2,60,7,10.55,17.0,Busy,,,False,False,False,5.0,78,Pune,SYNTHETIC_ADDED
EV1988,Hadapsar EV Charging Station 1988,MSEDCL Public Charging,Maharashtra,Hadapsar,"Market Yard 3, Hadapsar",18.521631,73.930047,AC,15,1,14.9,18.0,Maintenance,,,True,True,True,4.0,34,Pune,SYNTHETIC_ADDED
EV1989,Baner EV Charging Station 1989,MSEDCL Public Charging,Maharashtra,Baner,"Sector 24, Baner",18.588668,73.789099,CCS2,15,2,13.8,0.0,Available,,,False,False,True,3.4,15,Pune,SYNTHETIC_ADDED
EV1990,Chakan EV Charging Station 1990,Kazam,Maharashtra,Chakan,"Market Yard 18, Chakan",18.732313,73.879549,DC Fast,30,8,11.99,8.0,Busy,,,False,False,True,3.3,241,Pune,SYNTHETIC_ADDED
EV1991,Talegaon EV Charging Station 1991,Kazam,Maharashtra,Talegaon,"Highway Rd 29, Talegaon",18.714443,73.669679,CHAdeMO,22,2,13.09,23.0,Busy,,,True,False,True,4.3,55,Pune,SYNTHETIC_ADDED
EV1992,Lonavala EV Charging Station 1992,MSEDCL Public Charging,Maharashtra,Lonavala,"Sector 22, Lonavala",18.733144,73.434802,AC,60,2,17.01,7.0,Available,,,False,False,False,5.0,148,Pune,SYNTHETIC_ADDED
EV1993,Saswad EV Charging Station 1993,Ather Grid,Maharashtra,Saswad,"Highway Rd 5, Saswad",18.347114,74.009212,Type 2,15,1,8.92,5.0,Busy,,,False,False,True,3.2,216,Pune,SYNTHETIC_ADDED
EV1994,Baramati EV Charging Station 1994,Ather Grid,Maharashtra,Baramati,"Highway Rd 5, Baramati",18.172077,74.578962,AC,60,7,11.65,38.0,Maintenance,,,False,False,True,4.6,60,Pune,SYNTHETIC_ADDED
EV1995,Daund EV Charging Station 1995,MSEDCL Public Charging,Maharashtra,Daund,"Market Yard 16, Daund",18.462524,74.562371,Type 2,15,8,21.12,13.0,Busy,,,False,False,True,3.5,223,Pune,SYNTHETIC_ADDED
EV1996,Junnar EV Charging Station 1996,Tata Power,Maharashtra,Junnar,"Sector 29, Junnar",19.212325,73.875471,AC,150,3,16.87,24.0,Busy,,,True,False,False,4.9,26,Pune,SYNTHETIC_ADDED
EV1997,Satara EV Charging Station 1997,Kazam,Maharashtra,Satara,"Station Rd 8, Satara",17.650529,74.034201,CHAdeMO,22,8,8.95,39.0,Busy,,,False,False,True,4.6,161,Pune,SYNTHETIC_ADDED
EV1998,Karad EV Charging Station 1998,Statiq,Maharashtra,Karad,"MIDC Area 14, Karad",17.295144,74.163649,Type 2,15,4,11.62,4.0,Maintenance,,,False,False,False,3.5,157,Pune,SYNTHETIC_ADDED
EV1999,Phaltan EV Charging Station 1999,Jio-bp,Maharashtra,Phaltan,"Highway Rd 28, Phaltan",17.986105,74.415979,CCS2,90,4,16.12,10.0,Available,,,True,True,False,4.4,184,Pune,SYNTHETIC_ADDED
EV2000,Wai EV Charging Station 2000,ChargeZone,Maharashtra,Wai,"Highway Rd 22, Wai",17.946798,73.896957,DC Fast,60,6,9.46,22.0,Busy,,,False,False,True,4.7,125,Pune,SYNTHETIC_ADDED
EV304,HPeCharge charging station,HPeCharge,Maharashtra,Pune,kesnand,18.578976,74.033881,CCS,30,2,,,available,,,False,False,False,3.6,71,Pune,ORIGINAL_UPLOAD_ADDED
EV305,Kurrent Charging Station,Kurrent,Maharashtra,Pune,Kesnand,18.57865,74.015684,CCS,60,2,,,availabe,,,False,False,False,4.0,86,Pune,ORIGINAL_UPLOAD_ADDED
EV306,Bolt.Earth Charging Station,Bolt.Earth,Maharashtra,Pune,Wagholi,18.578894,73.98571,,,,,,Maintenance,,,False,False,True,5.0,13,Pune,ORIGINAL_UPLOAD_ADDED
EV307,Electric vehicle charging station,BPCL,Maharashtra,Pune,Lonikand,18.618267,74.017639,CCS,30,1,,,availabe,,,False,False,True,3.8,148,Pune,ORIGINAL_UPLOAD_ADDED
EV308,Nikol EV Charging Station,Nikol EV,Maharashtra,Pune,Wagholi,18.603625,74.004593,Wall Socket,3,1,,,availabe,,,False,False,False,3.8,101,Pune,ORIGINAL_UPLOAD_ADDED
EV309,Electric vehicle charging station,,Maharashtra,Pune,Wagholi,18.59299,73.981104,,,,,,Maintenance,,,False,True,False,3.5,232,Pune,ORIGINAL_UPLOAD_ADDED
EV310,Bolt.Earth Charging Station,Bolt.Earth,Maharashtra,Pune,Wagholi,18.58831,73.976908,,,,,,Maintenance,,,False,False,True,3.6,117,Pune,ORIGINAL_UPLOAD_ADDED
EV311,ShivKrishna EV Charging Station,Prian Emobility,Maharashtra,Pune,Wagholi,18.585268,73.975426,,,,,,Maintenance,,,True,False,False,4.8,122,Pune,ORIGINAL_UPLOAD_ADDED
EV312,Electricfuel Charging Station,elecvtric Fuel,Maharashtra,Pune,wagholi,18.580354,73.965551,unknown plug,15,1,,,availabe,,,True,False,False,4.6,37,Pune,ORIGINAL_UPLOAD_ADDED
EV313,Ather Grid,Ather Grid,Maharashtra,Pune,Wagholi,18.580354,73.962836,LECCS,1,1,,,availabe,,,True,False,True,4.6,126,Pune,ORIGINAL_UPLOAD_ADDED
EV314,tata power charging station,Tata Power,Maharashtra,Pune,wagholi,18.57895,73.959132,CCS,25,1,,,availabe,,,True,True,False,4.3,82,Pune,ORIGINAL_UPLOAD_ADDED
EV315,Electric vehicle charging station,,Maharashtra,Pune,Kharadi,18.569121,73.95617,"CCS, CCS, Type 2, Wall Socket","60, 30, 18, 18","6, 2, 2, 1",,,availabe,,,False,False,False,3.2,228,Pune,ORIGINAL_UPLOAD_ADDED
EV316,Electric Fuel Charging station,,Maharashtra,Pune,Kharadi,18.558121,73.955923,,,,,,Maintenance,,,False,False,True,3.9,224,Pune,ORIGINAL_UPLOAD_ADDED
EV317,Electric vehicle charging station,,Maharashtra,Pune,Viman Nagar,18.567015,73.921854,"CHAdeMO, CCS, Type 2","25, 25, 7","1, 1, 1",,,Available,,,False,False,True,3.9,105,Pune,ORIGINAL_UPLOAD_ADDED
EV318,ChargeZone Charging Station,ChargeZone,Maharashtra,Pune,Kharadi,18.551334,73.93642,CCS,30,1,,,Available,,,False,False,True,4.0,167,Pune,ORIGINAL_UPLOAD_ADDED
EV319,Shell Recharge Charging Station,Shell,Maharashtra,Pune,Mundhwa,18.537525,73.93321,"CCS, CCS","60, 30","2,1",,,Available,,,False,True,False,3.5,81,Pune,ORIGINAL_UPLOAD_ADDED
EV320,TATA Charging Station,Tata ,Maharashtra,Pune,Hadapsar,18.521607,73.946542,"CCS, Type 2","60, 7","2, 1",,,Available,,,False,False,True,3.1,246,Pune,ORIGINAL_UPLOAD_ADDED
EV321,HPCL Charging Station,HPCL,Maharashtra,Pune,Manjari Budruk,18.52231,73.975179,CCS,30,2,,,Available,,,False,False,True,3.8,149,Pune,ORIGINAL_UPLOAD_ADDED
